0.999999 -0.000166059 0.00125973 -0.00608391 0.000166475 1 -0.000330342 -0.000671012 -0.00125968 0.000330552 0.999999 -0.0151811
0.999451 0.0131451 0.0304065 0.0104802 -0.0133955 0.999878 0.00804628 0.00731544 -0.0302971 -0.00844917 0.999505 -0.00167043
0.974232 0.051751 0.219532 0.0178013 -0.0431266 0.998105 -0.0439006 0.0049335 -0.221388 0.0333017 0.974617 0.00660034
0.935718 0.0899812 0.34108 0.0190052 -0.0740832 0.995483 -0.0593811 0.00690857 -0.344882 0.0302956 0.938157 0.0168795
0.972435 0.0636197 0.224328 -0.0227581 -0.0662368 0.997795 0.00415233 0.0113351 -0.22357 -0.0188967 0.974505 0.0487734
0.948887 0.0197077 0.315001 -0.0613268 -0.0298053 0.999184 0.0272708 0.0115792 -0.314206 -0.0352656 0.9487 0.0908433
0.916744 -0.0547525 0.395705 -0.113177 0.0688736 0.997392 -0.0215558 -0.00163682 -0.393493 0.0470148 0.918125 0.141466
0.947551 -0.0389792 0.317218 -0.243524 0.0670597 0.994689 -0.0780861 -0.0498486 -0.312489 0.0952631 0.945133 0.236279
0.950131 -0.019641 0.311233 -0.387831 0.0296683 0.999181 -0.0275158 -0.115973 -0.310437 0.0353774 0.949935 0.446317
0.932055 -0.0406547 0.360028 -0.493758 0.0675962 0.99575 -0.0625546 -0.151796 -0.355955 0.0826409 0.930842 0.688136
0.922479 -0.0633089 0.38082 -0.544168 0.0671251 0.997739 0.00326729 -0.180355 -0.380166 0.0225486 0.924643 0.925693
0.916779 -0.114479 0.382637 -0.554913 0.0787402 0.991044 0.107849 -0.155438 -0.391556 -0.0687446 0.917583 0.975602
0.937783 -0.0846559 0.336744 -0.507932 0.0741149 0.996276 0.04406 -0.112887 -0.33922 -0.016361 0.940565 1.0351
0.934722 -0.131078 0.330324 -0.462125 0.114321 0.990993 0.0697459 -0.054837 -0.336491 -0.0274299 0.941287 1.10543
0.943047 -0.198939 0.266618 -0.355018 0.170773 0.977324 0.1252 -0.001818 -0.285479 -0.0725381 0.955636 1.1807
0.912659 -0.309558 0.266884 -0.262216 0.292962 0.950778 0.100968 0.0307638 -0.285003 -0.0139626 0.958425 1.24392
0.897314 -0.378441 0.227176 -0.0701368 0.360286 0.925305 0.118339 0.115076 -0.254992 -0.0243392 0.966637 1.35506
0.889322 -0.408268 0.20597 0.0518515 0.406379 0.912143 0.0533907 0.182077 -0.209672 0.0362205 0.977101 1.43854
0.898504 -0.365832 0.242606 0.244025 0.37499 0.926985 0.00903146 0.213868 -0.228196 0.08286 0.970083 1.5344
0.863085 -0.451395 0.226555 0.445269 0.438622 0.892296 0.106862 0.223108 -0.250391 0.00714049 0.968119 1.64854
0.849602 -0.474571 0.230129 0.639403 0.450918 0.879903 0.14981 0.233723 -0.273587 -0.0235099 0.96156 1.75793
0.882602 -0.420884 0.209454 0.952517 0.41904 0.906279 0.0553492 0.288589 -0.21312 0.0389185 0.976251 1.93398
0.91701 -0.335816 0.215223 1.26488 0.334582 0.941373 0.0432686 0.336192 -0.217135 0.0323319 0.975606 2.07311
0.928104 -0.287185 0.236957 1.48399 0.271091 0.957486 0.0986455 0.355623 -0.255212 -0.0273163 0.966499 2.19897
0.90018 -0.328916 0.285466 1.82816 0.308155 0.944213 0.116201 0.393216 -0.307761 -0.0166335 0.951318 2.38676
0.889146 -0.310706 0.335977 2.06862 0.295764 0.950405 0.0961937 0.41763 -0.349202 0.0138397 0.936945 2.5081
0.907058 -0.292247 0.303048 2.35715 0.269356 0.956057 0.11577 0.471127 -0.323564 -0.0233825 0.945917 2.64272
0.93685 -0.245385 0.249194 2.52877 0.227521 0.968769 0.0985914 0.518582 -0.265605 -0.0356684 0.963422 2.76242
0.927367 -0.249132 0.279147 2.82898 0.230844 0.96813 0.0971336 0.59716 -0.29445 -0.0256391 0.955323 2.91524
0.929596 -0.202926 0.30769 3.08433 0.193184 0.979193 0.0621435 0.630106 -0.313898 0.0016723 0.949455 3.04744
0.91435 -0.229224 0.333798 3.28184 0.198246 0.972202 0.124585 0.653724 -0.353077 -0.0477402 0.934376 3.12793
0.919581 -0.284016 0.271488 3.48441 0.236452 0.951893 0.194911 0.708092 -0.313785 -0.115043 0.942499 3.27449
0.874162 -0.377237 0.305832 3.72496 0.333178 0.924041 0.187459 0.77368 -0.353318 -0.0619727 0.933448 3.37818
0.89944 -0.303426 0.314547 4.02725 0.256782 0.949282 0.181457 0.837396 -0.353652 -0.0824395 0.931737 3.55488
0.881839 -0.371414 0.290536 4.26551 0.329913 0.926175 0.182641 0.887248 -0.336922 -0.0652088 0.939272 3.67404
0.877451 -0.409623 0.249576 4.51786 0.342164 0.899166 0.272808 0.98472 -0.336159 -0.15398 0.929133 3.84013
0.866253 -0.403207 0.295009 4.94947 0.336645 0.907379 0.25166 1.15554 -0.369156 -0.118688 0.921757 4.06377
0.840672 -0.470007 0.269007 5.25743 0.39729 0.872827 0.283431 1.29908 -0.368011 -0.131399 0.92049 4.21588
0.840965 -0.471805 0.264911 5.54261 0.374938 0.86111 0.343382 1.4861 -0.390127 -0.189447 0.901061 4.37584
0.815826 -0.506455 0.279163 5.82569 0.40222 0.843778 0.355327 1.69617 -0.415509 -0.1776 0.892082 4.54474
0.764388 -0.581011 0.279531 6.08759 0.43892 0.78649 0.434491 1.839 -0.472293 -0.209428 0.856201 4.64455
0.726798 -0.63179 0.269454 6.22832 0.441246 0.730123 0.521749 1.96753 -0.52637 -0.26031 0.809427 4.70971
0.656556 -0.722965 0.215072 6.47233 0.501747 0.631513 0.591136 2.21795 -0.563191 -0.280202 0.777369 4.81215
0.624291 -0.767402 0.146131 6.61309 0.535256 0.556451 0.635502 2.44011 -0.569 -0.318521 0.758145 4.8912
0.57655 -0.814527 0.0643034 6.73644 0.549871 0.445018 0.706825 2.60416 -0.604345 -0.372162 0.70446 4.93113
0.521236 -0.853405 -0.00368456 6.84746 0.555846 0.336213 0.76026 2.82285 -0.647571 -0.398323 0.649608 5.00411
0.48077 -0.876685 -0.0168378 7.02839 0.556815 0.290408 0.778216 3.21324 -0.677361 -0.383519 0.627771 5.06951
0.458153 -0.886714 -0.0619198 7.17676 0.54675 0.226203 0.806162 3.59868 -0.700829 -0.4032 0.588446 5.12303
0.413887 -0.90534 -0.0951721 7.28591 0.553843 0.167456 0.815608 4.06365 -0.722465 -0.39028 0.570724 5.19938
0.45227 -0.888855 -0.0734065 7.3648 0.564672 0.221664 0.794991 4.43047 -0.69036 -0.401001 0.602164 5.26537
0.402123 -0.910143 -0.0996787 7.44662 0.608754 0.184455 0.771618 4.72643 -0.683897 -0.370966 0.628227 5.30363
0.351521 -0.925874 -0.138531 7.51487 0.624001 0.121412 0.771934 5.1435 -0.697894 -0.357794 0.620425 5.34318
0.385999 -0.917139 -0.0993046 7.68138 0.607721 0.171822 0.77534 5.68037 -0.694032 -0.35963 0.623687 5.41113
0.409848 -0.90076 -0.143719 7.79757 0.603302 0.149515 0.783373 6.08857 -0.684143 -0.40777 0.604708 5.48134
0.429156 -0.899174 -0.0855073 7.91454 0.599444 0.212723 0.771632 6.44101 -0.675642 -0.382407 0.630296 5.52879
0.473005 -0.88106 -0.00021405 8.08894 0.596022 0.319801 0.736536 6.75709 -0.648864 -0.348513 0.676398 5.6042
0.544582 -0.837728 0.0405135 8.19839 0.558885 0.398484 0.727226 6.93083 -0.625362 -0.373392 0.685201 5.67853
0.574749 -0.808519 0.126338 8.3295 0.555375 0.498775 0.665419 7.09796 -0.601018 -0.312284 0.735702 5.74501
0.618571 -0.753295 0.223419 8.50348 0.504962 0.598976 0.621482 7.27539 -0.601983 -0.271612 0.750895 5.82407
0.683309 -0.669751 0.290727 8.64088 0.46327 0.705475 0.536364 7.39023 -0.564331 -0.231817 0.792333 5.90549
0.711461 -0.610699 0.347664 8.88544 0.436268 0.771697 0.462767 7.55859 -0.550903 -0.177566 0.815461 6.02567
0.753736 -0.539852 0.374756 9.11186 0.392665 0.827222 0.401893 7.7243 -0.526969 -0.155768 0.835488 6.14511
0.780265 -0.463141 0.420342 9.30815 0.351728 0.880645 0.317413 7.83839 -0.517179 -0.0998209 0.850036 6.24087
0.792793 -0.37553 0.480059 9.48632 0.286928 0.924856 0.249628 7.9122 -0.537728 -0.0601612 0.840969 6.31804
0.812972 -0.317777 0.487949 9.80526 0.241028 0.94645 0.214799 8.03546 -0.530078 -0.0570159 0.84603 6.48739
0.831538 -0.234338 0.503617 10.1227 0.183283 0.971628 0.149484 8.13357 -0.524359 -0.0319974 0.850896 6.65318
0.843734 -0.142541 0.517489 10.3181 0.121383 0.989789 0.0747278 8.17635 -0.522857 -0.000235865 0.85242 6.77614
0.841098 -0.10833 0.529923 10.6547 0.118389 0.992853 0.0150569 8.20172 -0.527767 0.050073 0.847912 6.93279
0.859603 -0.0653882 0.506761 11.0659 0.0790437 0.996856 -0.00545331 8.24276 -0.504811 0.0447439 0.862069 7.16491
0.864674 -0.0078678 0.502272 11.2371 0.0608954 0.994145 -0.0892603 8.23897 -0.498629 0.107767 0.860091 7.27534
0.87297 0.0495455 0.485252 11.5601 0.0474649 0.981478 -0.185601 8.19557 -0.48546 0.185057 0.854449 7.43039
0.868422 0.128084 0.478996 11.8665 -0.0209432 0.974671 -0.222659 8.1493 -0.495382 0.18333 0.849109 7.61666
0.871354 0.207731 0.444511 12.0896 -0.0576507 0.943025 -0.327689 8.10868 -0.487256 0.259907 0.833685 7.72551
0.862384 0.295369 0.411158 12.3244 -0.104135 0.898285 -0.426896 8.02026 -0.495428 0.325332 0.805425 7.86079
0.856971 0.388465 0.338667 12.4842 -0.186861 0.846636 -0.498287 7.92524 -0.480294 0.363734 0.798132 7.94242
0.801632 0.504169 0.321247 12.5869 -0.29666 0.802019 -0.51842 7.84596 -0.519018 0.320281 0.79249 8.013
0.809864 0.548184 0.208843 12.665 -0.329459 0.7196 -0.611255 7.76716 -0.485363 0.426228 0.763382 8.06946
0.77905 0.613322 0.130071 12.7619 -0.405668 0.651288 -0.641293 7.67993 -0.478032 0.446834 0.756191 8.11902
0.715068 0.695632 0.0690938 12.8739 -0.48448 0.564404 -0.668377 7.55719 -0.503941 0.44446 0.740607 8.20383
0.678849 0.733943 -0.0221942 12.9372 -0.513365 0.452784 -0.729002 7.45013 -0.524996 0.506276 0.684152 8.2362
0.645506 0.758945 -0.0855777 13.0706 -0.53075 0.365179 -0.764819 7.24638 -0.549205 0.539116 0.638536 8.28335
0.587057 0.800947 -0.11768 13.179 -0.568144 0.30407 -0.764692 7.05687 -0.576695 0.515777 0.633559 8.36078
0.540146 0.810283 -0.227341 13.298 -0.591364 0.173242 -0.787576 6.84953 -0.598774 0.559847 0.572748 8.40404
0.485659 0.825437 -0.287733 13.366 -0.600134 0.075513 -0.796327 6.68655 -0.63559 0.559421 0.532046 8.45998
0.432661 0.821494 -0.371419 13.4536 -0.596963 -0.0476798 -0.800851 6.41328 -0.675603 0.56822 0.469773 8.47481
0.362301 0.841243 -0.401307 13.5076 -0.59754 -0.1208 -0.792688 6.12979 -0.715321 0.526989 0.45891 8.52401
0.310131 0.816013 -0.487792 13.5648 -0.59023 -0.236965 -0.771671 5.84886 -0.745284 0.527228 0.408145 8.53763
0.264059 0.787253 -0.55723 13.564 -0.569279 -0.339156 -0.748928 5.58844 -0.778584 0.514981 0.35861 8.55559
0.225497 0.772087 -0.594166 13.5525 -0.558549 -0.397236 -0.728167 5.18483 -0.798232 0.49607 0.341672 8.5378
0.200959 0.746402 -0.634429 13.5296 -0.550183 -0.449848 -0.703517 4.86746 -0.810503 0.490429 0.320257 8.51672
0.180628 0.698998 -0.691936 13.4927 -0.51668 -0.531182 -0.671482 4.68809 -0.836908 0.478798 0.265211 8.50761
0.158186 0.684841 -0.711316 13.4225 -0.490769 -0.570574 -0.658476 4.37169 -0.85681 0.453254 0.245842 8.44105
0.140047 0.696008 -0.704244 13.31 -0.451342 -0.588187 -0.671063 4.04304 -0.881293 0.411836 0.231763 8.40126
0.121257 0.638508 -0.760003 13.2092 -0.410963 -0.664656 -0.623972 3.77942 -0.903552 0.387995 0.181809 8.33591
0.0845462 0.563951 -0.821469 13.1063 -0.40562 -0.733541 -0.545335 3.64164 -0.910123 0.37931 0.166732 8.30763
0.0102043 0.518474 -0.855032 12.9445 -0.38727 -0.786296 -0.481415 3.42793 -0.92191 0.336041 0.192766 8.20862
-0.0265335 0.483158 -0.875131 12.7674 -0.330119 -0.830561 -0.448541 3.22265 -0.943566 0.276996 0.181537 8.1241
-0.0408075 0.387718 -0.920874 12.5704 -0.264577 -0.892936 -0.36423 3.03491 -0.963501 0.228779 0.13902 8.01412
-0.0622036 0.311793 -0.948112 12.3992 -0.223372 -0.930204 -0.291249 2.90463 -0.972747 0.193665 0.127508 7.93265
-0.0737925 0.28023 -0.957092 12.124 -0.223282 -0.939988 -0.258007 2.71038 -0.971957 0.194663 0.131934 7.78529
-0.106868 0.275774 -0.955263 11.8016 -0.2814 -0.929872 -0.236963 2.48863 -0.953621 0.243487 0.176977 7.63865
-0.0618877 0.265703 -0.962067 11.5598 -0.265067 -0.933675 -0.24081 2.33524 -0.962242 0.240109 0.128212 7.52869
-0.0464146 0.294644 -0.954479 11.1476 -0.278601 -0.921413 -0.270888 2.06706 -0.959285 0.253345 0.124855 7.29152
-0.0581526 0.281195 -0.957887 10.8375 -0.259461 -0.930795 -0.25749 1.82988 -0.964001 0.23356 0.127087 7.1253
-0.0841095 0.295928 -0.9515 10.4544 -0.268626 -0.926266 -0.264334 1.60915 -0.959565 0.233364 0.157401 6.91851
-0.10925 0.315845 -0.9425 9.97612 -0.302429 -0.913786 -0.271167 1.30358 -0.94689 0.255414 0.195351 6.71264
-0.0753188 0.320229 -0.944341 9.64309 -0.34241 -0.897753 -0.27712 1.08607 -0.936527 0.302479 0.177267 6.53745
-0.0628208 0.370841 -0.926569 9.32024 -0.388422 -0.86429 -0.31958 0.855334 -0.919338 0.339823 0.198338 6.38517
-0.0423638 0.327354 -0.943952 9.08745 -0.358496 -0.886864 -0.291468 0.68962 -0.932569 0.326055 0.154926 6.25283
-0.0302471 0.361812 -0.93176 8.72971 -0.383511 -0.865041 -0.323455 0.45526 -0.923041 0.347557 0.164924 6.04322
-0.0521162 0.424215 -0.904061 8.50686 -0.389816 -0.842114 -0.372676 0.260477 -0.919417 0.332994 0.209253 5.9389
-0.0237162 0.384792 -0.922699 8.22307 -0.375664 -0.858748 -0.348467 -0.000670667 -0.926453 0.33836 0.164919 5.78369
-0.0229427 0.408279 -0.912569 7.90478 -0.336498 -0.862703 -0.377509 -0.332038 -0.941405 0.298417 0.157178 5.59063
-0.0175289 0.419766 -0.907463 7.61813 -0.353369 -0.85163 -0.387114 -0.696229 -0.93532 0.313883 0.16326 5.4493
-0.00850519 0.470381 -0.882423 7.47285 -0.43333 -0.797026 -0.420683 -0.982295 -0.901195 0.378803 0.210609 5.38306
0.0667014 0.572625 -0.8171 7.4208 -0.495194 -0.691951 -0.525344 -1.18536 -0.866218 0.439664 0.237406 5.34755
0.129742 0.661894 -0.738284 7.39821 -0.516025 -0.590728 -0.62029 -1.38968 -0.846691 0.461451 0.264912 5.34279
0.173303 0.721885 -0.669961 7.41452 -0.548685 -0.494139 -0.674368 -1.54414 -0.81787 0.484467 0.310451 5.34039
0.272563 0.775645 -0.569284 7.46661 -0.573973 -0.343786 -0.743214 -1.74977 -0.772182 0.529326 0.351496 5.35961
0.334997 0.804223 -0.490919 7.50334 -0.581781 -0.233287 -0.779171 -1.90578 -0.741153 0.546628 0.389732 5.38973
0.404133 0.812078 -0.420958 7.55583 -0.594979 -0.116169 -0.795302 -2.05112 -0.694749 0.571869 0.436222 5.4212
0.473921 0.817802 -0.326494 7.62082 -0.595551 0.0245632 -0.802942 -2.19956 -0.648628 0.574975 0.498684 5.44775
0.517644 0.825453 -0.225104 7.67614 -0.561476 0.129211 -0.817342 -2.29564 -0.645592 0.549483 0.530358 5.47683
0.577031 0.807073 -0.125172 7.75854 -0.540268 0.262264 -0.79958 -2.41556 -0.612491 0.529009 0.58737 5.53124
0.632009 0.773999 -0.0386089 7.85719 -0.512476 0.380052 -0.770018 -2.51105 -0.58132 0.506445 0.636852 5.5767
0.697474 0.716424 0.0163471 7.99026 -0.458481 0.463654 -0.758169 -2.63172 -0.55075 0.521308 0.651853 5.6379
0.723354 0.685527 0.0825278 8.09426 -0.433469 0.543888 -0.718534 -2.70058 -0.53746 0.483981 0.690578 5.70668
0.777771 0.605074 0.170169 8.28618 -0.377465 0.666113 -0.643283 -2.82299 -0.502585 0.436095 0.746478 5.80144
0.821346 0.521897 0.23025 8.4037 -0.313511 0.750219 -0.582136 -2.89317 -0.476553 0.405949 0.77981 5.86709
0.847292 0.449857 0.282355 8.56457 -0.282136 0.831623 -0.478334 -2.96694 -0.449994 0.325626 0.831548 5.97496
0.872386 0.367796 0.321977 8.74661 -0.227686 0.888611 -0.398158 -3.01908 -0.432553 0.274038 0.858953 6.06193
0.896427 0.276907 0.346036 9.14735 -0.152666 0.92593 -0.345465 -3.13717 -0.416067 0.256856 0.872303 6.28095
0.907964 0.237839 0.345011 9.45012 -0.143198 0.949862 -0.277949 -3.21846 -0.393821 0.202963 0.896499 6.45265
0.92616 0.178189 0.332381 9.8023 -0.100876 0.966275 -0.236933 -3.30109 -0.36339 0.185909 0.9129 6.66063
0.926789 0.191085 0.32334 10.1066 -0.103368 0.957428 -0.269532 -3.38558 -0.361079 0.216376 0.907085 6.83185
0.934534 0.165559 0.315019 10.4248 -0.0938954 0.968539 -0.230469 -3.46771 -0.343264 0.185803 0.920677 7.02677
0.912749 0.220415 0.343957 10.7983 -0.114735 0.94638 -0.301993 -3.53294 -0.392079 0.23618 0.889097 7.21813
0.909674 0.253351 0.329099 11.1015 -0.138676 0.932201 -0.334321 -3.61191 -0.391487 0.258485 0.883133 7.37829
0.88694 0.364678 0.283457 11.2421 -0.238616 0.88723 -0.394824 -3.70075 -0.395475 0.282548 0.873937 7.46894
0.860425 0.46645 0.205169 11.2929 -0.327358 0.81452 -0.47895 -3.77346 -0.39052 0.344937 0.853529 7.50466
0.823381 0.552381 0.130073 11.3113 -0.407988 0.735515 -0.540891 -3.82392 -0.394449 0.392291 0.830974 7.51991
0.774566 0.627904 0.0760526 11.3126 -0.459173 0.640928 -0.615118 -3.87789 -0.434979 0.441528 0.784758 7.52746
0.712061 0.702068 -0.00832952 11.2943 -0.524416 0.523917 -0.671191 -3.92141 -0.466858 0.482297 0.741237 7.5213
0.641604 0.759599 -0.106552 11.2659 -0.576639 0.386063 -0.72003 -3.96385 -0.505798 0.523416 0.685714 7.50115
0.563277 0.806982 -0.17748 11.2351 -0.603749 0.255333 -0.755176 -4.00449 -0.564097 0.532527 0.631038 7.47298
0.482982 0.84157 -0.241846 11.202 -0.627824 0.140296 -0.765607 -4.03474 -0.610381 0.521611 0.596118 7.44327
0.419603 0.842501 -0.337824 11.1673 -0.637327 0.00844431 -0.770547 -4.05206 -0.646334 0.538628 0.540492 7.41781
0.356544 0.832022 -0.424988 11.1313 -0.631266 -0.120801 -0.766101 -4.0552 -0.688752 0.541429 0.482156 7.39395
0.251309 0.807561 -0.533563 11.0896 -0.615792 -0.291903 -0.731842 -4.04463 -0.746755 0.512483 0.423932 7.36907
0.15935 0.762279 -0.627327 11.06 -0.585098 -0.438894 -0.681933 -4.02634 -0.795153 0.475714 0.37607 7.35761
0.0727626 0.680878 -0.728774 11.0492 -0.548031 -0.583215 -0.599602 -4.00224 -0.833288 0.443019 0.330706 7.35441
0.00192216 0.571348 -0.820706 11.036 -0.500492 -0.70997 -0.495429 -3.97551 -0.865739 0.411709 0.28459 7.35185
-0.0415054 0.471517 -0.88088 11.0333 -0.430505 -0.804041 -0.410102 -3.92363 -0.901633 0.362202 0.236363 7.33826
-0.0734832 0.302608 -0.950278 11.0174 -0.354049 -0.898704 -0.258806 -3.85586 -0.932335 0.317428 0.173178 7.32286
-0.113321 0.176265 -0.977798 11.0097 -0.307589 -0.942013 -0.134166 -3.80047 -0.944747 0.285556 0.160967 7.30851
-0.124664 0.130107 -0.983632 10.9877 -0.106596 -0.987384 -0.117094 -3.74462 -0.986456 0.0902541 0.13696 7.27112
-0.128648 0.0415228 -0.990821 10.895 -0.0972252 -0.994838 -0.0290675 -3.68226 -0.986913 0.0925933 0.132021 7.21751
-0.106065 0.011855 -0.994289 10.7391 -0.0862148 -0.996273 -0.00268177 -3.62395 -0.990615 0.085438 0.106691 7.1134
-0.0832222 -0.0978214 -0.991718 10.5416 -0.0470594 -0.993674 0.101963 -3.60062 -0.995419 0.0551553 0.0780923 6.99349
-0.108075 -0.124168 -0.986358 10.368 0.0136879 -0.992261 0.123412 -3.59042 -0.994049 -0.000163494 0.108938 6.92662
-0.0948987 -0.0744845 -0.992696 10.0872 -0.0110471 -0.997057 0.0758677 -3.54966 -0.995426 0.0181661 0.0937965 6.77537
-0.117729 -0.00796048 -0.993014 9.91049 -0.0338711 -0.999354 0.012027 -3.5498 -0.992468 0.0350504 0.117383 6.69107
-0.132856 -0.0331324 -0.990581 9.5709 -0.0764246 -0.996123 0.0435677 -3.57039 -0.988185 0.081493 0.129808 6.52533
-0.0564785 0.0326602 -0.997869 9.31638 -0.105391 -0.994076 -0.026571 -3.59981 -0.992826 0.103666 0.059586 6.37607
-0.0239101 0.125755 -0.991773 9.10314 -0.106511 -0.986731 -0.122548 -3.63683 -0.994024 0.102705 0.0369871 6.27897
-0.0438061 0.220846 -0.974325 8.91928 -0.144368 -0.966424 -0.212564 -3.72196 -0.988554 0.131349 0.0742182 6.19657
-0.0249565 0.306692 -0.951482 8.77193 -0.233647 -0.927207 -0.292739 -3.86877 -0.972001 0.215005 0.0947974 6.12128
0.0270256 0.39815 -0.916922 8.64908 -0.32575 -0.863681 -0.384633 -4.04187 -0.94507 0.309082 0.106356 6.06936
0.0559952 0.493631 -0.867867 8.58569 -0.376932 -0.794456 -0.476196 -4.16422 -0.924547 0.353792 0.14158 6.02633
0.0949035 0.585656 -0.804985 8.53361 -0.445413 -0.698194 -0.560474 -4.29052 -0.890281 0.411742 0.194598 5.99928
0.135201 0.674264 -0.726008 8.48787 -0.456708 -0.607844 -0.649572 -4.42516 -0.879283 0.419397 0.22576 5.98436
0.193439 0.753314 -0.628569 8.47232 -0.49902 -0.476065 -0.724114 -4.55609 -0.844725 0.45374 0.283829 5.9807
0.275281 0.794907 -0.540687 8.47213 -0.551373 -0.330177 -0.766141 -4.72442 -0.787533 0.509024 0.347399 5.97663
0.359992 0.795573 -0.487307 8.4846 -0.568425 -0.227148 -0.790757 -4.84438 -0.739797 0.561664 0.370452 5.98676
0.415 0.819441 -0.395337 8.50162 -0.557819 -0.114108 -0.822081 -4.99347 -0.718758 0.56169 0.409745 5.99726
0.491864 0.827183 -0.271733 8.53744 -0.536891 0.0424571 -0.842583 -5.14126 -0.685433 0.560327 0.46499 5.99974
0.562576 0.814033 -0.144423 8.5796 -0.513553 0.207185 -0.832669 -5.25322 -0.647898 0.542608 0.534607 6.01852
0.618056 0.785366 -0.0347324 8.61246 -0.478316 0.340621 -0.809439 -5.31463 -0.623876 0.516892 0.586176 6.03789
0.680886 0.726744 0.0907576 8.67586 -0.418574 0.487827 -0.766042 -5.38194 -0.600991 0.483599 0.636351 6.06502
0.71194 0.676819 0.187235 8.73284 -0.375034 0.591869 -0.713471 -5.41269 -0.593709 0.43773 0.675205 6.08289
0.774455 0.566196 0.282208 8.81125 -0.281701 0.708062 -0.647528 -5.44433 -0.566448 0.421983 0.707861 6.11393
0.809028 0.450333 0.377722 8.89673 -0.204688 0.81827 -0.537156 -5.48659 -0.550978 0.35726 0.754181 6.16147
0.846085 0.375098 0.378738 8.92837 -0.195684 0.87947 -0.433868 -5.51446 -0.495831 0.292976 0.817506 6.20686
0.869369 0.379114 0.316971 8.9397 -0.222136 0.872782 -0.434634 -5.70587 -0.441423 0.307446 0.842985 6.23852
0.827718 0.501339 0.252076 8.88887 -0.314053 0.786149 -0.532298 -5.90464 -0.465031 0.361428 0.808156 6.22264
0.778799 0.606211 0.161188 8.84209 -0.411875 0.688007 -0.597499 -5.99994 -0.473109 0.398942 0.785502 6.20308
0.703784 0.708939 0.0457529 8.76524 -0.488048 0.52929 -0.694018 -6.14144 -0.516233 0.46611 0.718502 6.16689
0.641856 0.76477 -0.0560997 8.71131 -0.53558 0.394739 -0.746549 -6.22689 -0.548793 0.509223 0.662962 6.13808
0.558805 0.813175 -0.162736 8.65532 -0.576253 0.239628 -0.781352 -6.30998 -0.59638 0.530401 0.6025 6.10891
0.474415 0.830225 -0.292673 8.58551 -0.617766 0.0771361 -0.78257 -6.37646 -0.627133 0.552066 0.549479 6.0777
0.397966 0.828217 -0.394563 8.51028 -0.614659 -0.0785628 -0.784871 -6.4324 -0.681041 0.554874 0.477806 6.04663
0.342297 0.806512 -0.482049 8.46683 -0.632288 -0.181775 -0.753106 -6.44728 -0.695014 0.56258 0.447727 6.03035
0.267003 0.73996 -0.617389 8.38387 -0.622399 -0.356706 -0.696693 -6.46065 -0.735751 0.570281 0.365308 5.98886
0.186057 0.688111 -0.701346 8.30448 -0.57857 -0.500201 -0.644248 -6.47687 -0.794128 0.525645 0.305054 5.94661
0.116082 0.621529 -0.774743 8.22652 -0.524898 -0.623808 -0.579091 -6.4844 -0.843213 0.473883 0.253826 5.90378
0.0600307 0.533819 -0.843465 8.15482 -0.493647 -0.718551 -0.489895 -6.48175 -0.867588 0.445783 0.220383 5.8644
0.00498487 0.441529 -0.897233 8.07358 -0.415381 -0.815259 -0.403498 -6.46249 -0.909634 0.374705 0.179339 5.8137
-0.0211712 0.340758 -0.939913 8.01064 -0.337713 -0.887302 -0.314077 -6.43393 -0.941011 0.310771 0.133864 5.7715
-0.0380179 0.203039 -0.978432 7.95524 -0.259284 -0.94761 -0.186569 -6.408 -0.965053 0.246598 0.0886709 5.72739
-0.0532811 0.0872883 -0.994757 7.91828 -0.190911 -0.978688 -0.0756526 -6.39246 -0.98016 0.185879 0.0688099 5.70437
-0.0892721 -0.0222868 -0.995758 7.8895 -0.152522 -0.987652 0.0357794 -6.38013 -0.98426 0.155069 0.0847705 5.6974
-0.104989 -0.154509 -0.982397 7.87073 -0.102598 -0.980903 0.165238 -6.36497 -0.989167 0.11814 0.0871317 5.69054
-0.108682 -0.266271 -0.957751 7.86415 -0.0375177 -0.961673 0.271619 -6.34802 -0.993368 0.0654528 0.094527 5.67791
-0.0574886 -0.36249 -0.930213 7.84816 0.137153 -0.925787 0.352289 -6.31272 -0.98888 -0.107329 0.102939 5.65341
-0.0239652 -0.470044 -0.882318 7.82251 0.172949 -0.871213 0.45943 -6.2721 -0.984639 -0.141586 0.102172 5.61853
0.00351353 -0.519316 -0.854575 7.65152 0.215661 -0.834077 0.507746 -6.16176 -0.976462 -0.186083 0.109066 5.49724
-0.00639588 -0.565032 -0.825044 7.41428 0.23226 -0.803337 0.548366 -6.05712 -0.972633 -0.188117 0.136372 5.36427
-0.0115334 -0.628641 -0.77761 7.29531 0.239798 -0.756708 0.608186 -5.99185 -0.970754 -0.179455 0.159474 5.32345
0.0494147 -0.684128 -0.727686 7.2232 0.241974 -0.698671 0.673281 -5.85772 -0.969024 -0.209351 0.131017 5.2455
0.0963871 -0.688317 -0.718978 7.13259 0.20481 -0.693169 0.691065 -5.68324 -0.974044 -0.213863 0.0741613 5.1827
0.0734423 -0.674269 -0.734824 7.02715 0.228166 -0.705912 0.670544 -5.53749 -0.970848 -0.216908 0.102001 5.14454
0.0334237 -0.707703 -0.705719 6.88286 0.25933 -0.675788 0.68997 -5.38709 -0.96521 -0.206075 0.160941 5.06123
-0.00639872 -0.688324 -0.725375 6.75144 0.301628 -0.692933 0.654878 -5.2993 -0.953404 -0.214603 0.212051 5.03414
0.0119506 -0.629883 -0.776598 6.64687 0.268215 -0.746173 0.609333 -5.22355 -0.963285 -0.215577 0.160027 4.96469
-0.0231147 -0.549743 -0.835014 6.51088 0.204627 -0.820155 0.534296 -5.08302 -0.978567 -0.158517 0.13145 4.88091
-0.0346315 -0.463111 -0.885624 6.39566 0.164952 -0.87665 0.451968 -4.99568 -0.985693 -0.130433 0.106751 4.82653
-0.0141403 -0.402313 -0.915393 6.2901 0.124799 -0.909036 0.397591 -4.91535 -0.992081 -0.108618 0.0630625 4.75103
-0.0387395 -0.389922 -0.920033 6.07305 0.0868704 -0.918552 0.385637 -4.77654 -0.995466 -0.0649842 0.069457 4.64688
-0.0342057 -0.365065 -0.930354 5.91304 0.0471771 -0.93045 0.363368 -4.67222 -0.998301 -0.0314621 0.0490494 4.54674
-0.0225306 -0.284299 -0.958471 5.7658 -0.0133982 -0.958542 0.284635 -4.55579 -0.999656 0.0192548 0.0177874 4.44835
-0.0028844 -0.180749 -0.983525 5.63578 -0.0137633 -0.983429 0.180772 -4.50038 -0.999901 0.0140579 0.000348899 4.3842
-0.0178289 -0.128298 -0.991575 5.44104 -0.045179 -0.990617 0.128986 -4.43638 -0.99882 0.047098 0.0118652 4.25978
0.00354266 -0.0643136 -0.997923 5.25977 -0.101244 -0.992825 0.0636256 -4.42815 -0.994855 0.100808 -0.0100286 4.18166
0.0272362 0.0668318 -0.997392 5.14809 -0.188224 -0.979572 -0.0707776 -4.4683 -0.981748 0.189661 -0.0141005 4.11323
0.0682104 0.197505 -0.977926 5.05966 -0.260823 -0.942589 -0.208561 -4.51395 -0.962974 0.269291 -0.0127805 4.05955
0.0895074 0.303342 -0.948669 5.00477 -0.314517 -0.895145 -0.315902 -4.55557 -0.945022 0.326648 0.015284 4.02056
0.155882 0.430738 -0.888913 4.96143 -0.333792 -0.824005 -0.45782 -4.60167 -0.929669 0.368078 0.0153296 3.9877
0.193902 0.569818 -0.798567 4.93817 -0.360789 -0.715548 -0.598183 -4.6759 -0.912268 0.404103 0.0668375 3.97554
0.234932 0.622997 -0.746111 4.92378 -0.400601 -0.637314 -0.658293 -4.72889 -0.885622 0.453547 0.0998476 3.97518
0.286953 0.659041 -0.695214 4.8498 -0.47321 -0.533484 -0.701047 -4.86116 -0.832905 0.53015 0.15878 3.95955
0.279496 0.682023 -0.675815 4.75168 -0.494026 -0.501393 -0.710312 -5.02169 -0.823298 0.5324 0.1968 3.94199
0.273831 0.715027 -0.643236 4.64863 -0.511611 -0.458033 -0.726952 -5.23116 -0.814414 0.528149 0.240392 3.88226
0.280042 0.729781 -0.623696 4.53313 -0.556138 -0.406235 -0.72504 -5.40882 -0.782488 0.549903 0.292096 3.8531
0.211642 0.730071 -0.649772 4.40819 -0.567532 -0.449456 -0.689853 -5.61171 -0.795686 0.514768 0.319215 3.79164
0.139512 0.662347 -0.736093 4.30065 -0.576381 -0.550137 -0.604263 -5.70753 -0.805184 0.508573 0.305013 3.77033
0.060645 0.616404 -0.785091 4.21863 -0.551293 -0.635005 -0.541151 -5.75299 -0.832105 0.465634 0.301309 3.7503
-0.0111728 0.566272 -0.824143 4.14105 -0.499894 -0.716972 -0.485857 -5.78093 -0.866014 0.406556 0.291087 3.71352
-0.0678123 0.479793 -0.874757 4.05733 -0.456167 -0.794674 -0.400506 -5.79923 -0.887307 0.371876 0.272754 3.66844
-0.12049 0.384472 -0.91524 3.97837 -0.403007 -0.86151 -0.308846 -5.80152 -0.907231 0.331635 0.258748 3.62668
-0.122869 0.300882 -0.945713 3.91355 -0.318335 -0.914528 -0.249601 -5.79907 -0.939982 0.270385 0.208148 3.5876
-0.141551 0.188122 -0.971892 3.86685 -0.249317 -0.956905 -0.148909 -5.7874 -0.958021 0.221231 0.182353 3.55579
-0.157379 0.079342 -0.984346 3.8237 -0.163237 -0.985146 -0.0533078 -5.78141 -0.973953 0.152292 0.167993 3.5287
-0.161905 -0.0388371 -0.986042 3.78926 -0.101501 -0.99327 0.055788 -5.7779 -0.981572 0.109116 0.156874 3.51275
-0.174426 -0.158401 -0.971846 3.77252 -0.00987334 -0.986645 0.162585 -5.76857 -0.984621 0.0379546 0.170533 3.50324
-0.132004 -0.261201 -0.956216 3.77225 0.0868576 -0.963995 0.251335 -5.72357 -0.987436 -0.0498774 0.149938 3.49082
-0.0857476 -0.4109 -0.907639 3.79622 0.18748 -0.901375 0.390352 -5.64858 -0.978519 -0.136692 0.154326 3.48991
-0.0210853 -0.516517 -0.856017 3.82484 0.29658 -0.820899 0.488021 -5.58904 -0.954775 -0.243587 0.170497 3.48941
0.0285537 -0.653821 -0.756111 3.86954 0.315856 -0.711762 0.6274 -5.53394 -0.948377 -0.256736 0.18619 3.49862
0.0793774 -0.766235 -0.637638 3.92224 0.397391 -0.562308 0.725183 -5.49043 -0.91421 -0.310955 0.25986 3.51724
0.155451 -0.816978 -0.555322 3.97121 0.485153 -0.426548 0.763337 -5.4691 -0.860501 -0.388078 0.330052 3.54371
0.250125 -0.857138 -0.450279 4.03359 0.530549 -0.267687 0.804277 -5.46048 -0.80991 -0.440065 0.387799 3.5753
0.301674 -0.903348 -0.304886 4.08019 0.535274 -0.104154 0.838233 -5.46737 -0.788971 -0.41607 0.452118 3.58886
0.379919 -0.906312 -0.185096 4.13139 0.501196 0.0335033 0.864685 -5.48064 -0.777473 -0.421279 0.466969 3.5937
0.433274 -0.897262 -0.0848191 4.18177 0.46529 0.142091 0.873679 -5.48506 -0.771867 -0.418008 0.479052 3.6089
0.473261 -0.880783 0.0156527 4.2713 0.451099 0.25757 0.854498 -5.45068 -0.756659 -0.39734 0.519218 3.63483
0.455716 -0.885712 -0.0885319 4.35254 0.466752 0.153088 0.871038 -5.33337 -0.757935 -0.438268 0.483172 3.68204
0.419088 -0.90769 -0.0215612 4.47422 0.460084 0.191832 0.866904 -5.13244 -0.782744 -0.373229 0.498008 3.71768
0.477681 -0.878124 0.0268287 4.54292 0.456958 0.274426 0.846097 -4.97419 -0.75034 -0.391905 0.532353 3.77332
0.496036 -0.863769 0.0886108 4.59015 0.468732 0.352279 0.810056 -4.85046 -0.730917 -0.360282 0.579619 3.81111
0.447697 -0.894052 0.0154235 4.64284 0.485704 0.257626 0.835297 -4.65849 -0.750772 -0.366469 0.549583 3.82071
0.422163 -0.903141 -0.0781991 4.6615 0.475187 0.147006 0.867518 -4.52619 -0.771995 -0.403393 0.491221 3.83688
0.37702 -0.915551 -0.140077 4.65615 0.452221 0.0499782 0.890505 -4.34685 -0.808302 -0.399084 0.432874 3.81747
0.337989 -0.926296 -0.166552 4.58547 0.469242 0.0124547 0.882982 -4.14881 -0.815828 -0.376591 0.438867 3.7911
0.302323 -0.919441 -0.251454 4.51858 0.447668 -0.0959408 0.889038 -4.05174 -0.841543 -0.381345 0.382599 3.75885
0.24318 -0.907192 -0.343315 4.47765 0.426577 -0.217853 0.877822 -3.97459 -0.871146 -0.359919 0.33401 3.73126
0.218308 -0.867782 -0.446425 4.45367 0.397496 -0.338719 0.852799 -3.89952 -0.891257 -0.363625 0.270995 3.71372
0.192691 -0.816046 -0.544921 4.43072 0.370031 -0.453901 0.810587 -3.81159 -0.908817 -0.35783 0.2145 3.69748
0.16352 -0.768754 -0.618287 4.3925 0.30369 -0.557065 0.77295 -3.76519 -0.938634 -0.31416 0.142371 3.66211
0.127981 -0.697901 -0.704667 4.32037 0.240599 -0.667437 0.704727 -3.75043 -0.96215 -0.259733 0.0824952 3.60333
0.108845 -0.593918 -0.797129 4.23409 0.1913 -0.77439 0.603096 -3.76101 -0.975478 -0.218134 0.0293281 3.54846
0.0872867 -0.527199 -0.845247 4.15845 0.114785 -0.837511 0.534228 -3.77497 -0.989548 -0.143652 -0.0125891 3.50551
0.0825295 -0.396027 -0.914522 4.09093 0.0673308 -0.91334 0.401592 -3.78667 -0.994312 -0.0947187 -0.0487127 3.47001
0.0698355 -0.25866 -0.963441 4.01602 0.0179999 -0.965315 0.260468 -3.7774 -0.997396 -0.0355318 -0.0627574 3.43852
0.0531282 -0.111985 -0.992289 3.94018 -0.00891325 -0.993706 0.111667 -3.75335 -0.998548 0.00291184 -0.0537919 3.42024
0.0361953 -0.0347513 -0.99874 3.84261 -0.0498222 -0.998215 0.0329274 -3.72285 -0.998102 0.0485676 -0.0378621 3.37736
0.0112062 -0.0912586 -0.995764 3.6198 -0.0223703 -0.9956 0.0909919 -3.70287 -0.999687 0.0212558 -0.0131984 3.27056
0.0114511 -0.129098 -0.991566 3.39451 -0.0229741 -0.991403 0.128811 -3.67275 -0.99967 0.0213053 -0.0143186 3.19567
0.056249 -0.108157 -0.992541 3.17188 -0.0433396 -0.993443 0.105799 -3.63567 -0.997476 0.0370652 -0.0605676 3.13673
0.0472247 -0.0637546 -0.996848 2.91341 -0.0125658 -0.99792 0.0632279 -3.63888 -0.998805 0.00954032 -0.0479276 3.10696
0.041709 -0.113632 -0.992647 2.7663 -0.0333212 -0.993117 0.112286 -3.65518 -0.998574 0.0283928 -0.0452083 3.1408
-0.00744387 -0.111204 -0.99377 2.5103 -0.0018994 -0.993794 0.111221 -3.65078 -0.99997 0.00271548 0.00718645 3.13819
0.0283444 -0.106111 -0.99395 2.29927 -0.0275456 -0.994055 0.105336 -3.65241 -0.999219 0.0243933 -0.0310988 3.13646
0.0354764 -0.146708 -0.988543 2.1475 0.00549916 -0.989122 0.146992 -3.66966 -0.999355 -0.0106509 -0.0342837 3.15653
0.0671992 -0.210419 -0.975299 1.99498 0.000633121 -0.977499 0.210937 -3.61316 -0.997739 -0.0147923 -0.065554 3.14179
0.0850204 -0.197503 -0.976608 1.79084 -0.0170705 -0.980302 0.196764 -3.58626 -0.996233 -5.77755e-05 -0.0867172 3.16186
0.157157 -0.187766 -0.969559 1.62553 0.00347924 -0.981648 0.190671 -3.59527 -0.987568 -0.0333386 -0.153619 3.13052
0.130592 -0.261077 -0.956444 1.4441 0.013178 -0.964163 0.264984 -3.5531 -0.991349 -0.0472088 -0.122472 3.15541
0.127812 -0.191166 -0.973201 1.25575 0.00752514 -0.981033 0.193693 -3.52201 -0.99177 -0.0320797 -0.123949 3.15378
0.0628642 -0.144349 -0.987528 1.05532 -0.0145008 -0.989513 0.143716 -3.53782 -0.997917 0.00528536 -0.0642981 3.17096
0.0371443 -0.157136 -0.986878 0.822233 -0.0334185 -0.987203 0.15593 -3.54418 -0.998751 0.0271881 -0.0419202 3.2154
-0.062889 -0.132338 -0.989208 0.70609 -0.0513641 -0.989427 0.135632 -3.52061 -0.996698 0.0593395 0.0554266 3.22646
-0.0679227 -0.0827745 -0.994251 0.510264 -0.106288 -0.990281 0.089705 -3.48918 -0.992013 0.11177 0.0584647 3.2658
-0.0287447 -0.0536909 -0.998144 0.297178 -0.118944 -0.991278 0.0567469 -3.50088 -0.992485 0.120354 0.0221078 3.22664
-0.0395319 -0.0400306 -0.998416 0.138176 -0.149402 -0.987728 0.0455176 -3.48749 -0.987986 0.150964 0.0330661 3.26419
-0.0159323 0.000746964 -0.999873 0.0075531 -0.152384 -0.98832 0.00168981 -3.45618 -0.988193 0.152392 0.01586 3.25847
-0.0149138 0.0391022 -0.999124 -0.158929 -0.217986 -0.975327 -0.034917 -3.46319 -0.975838 0.217274 0.0230696 3.26468
0.00483982 0.135237 -0.990801 -0.302103 -0.192346 -0.972185 -0.133636 -3.49093 -0.981315 0.191223 0.0213071 3.24206
0.0243106 0.0867667 -0.995932 -0.413768 -0.225325 -0.970116 -0.0900177 -3.48284 -0.97398 0.226597 -0.00403334 3.2583
0.0031134 0.0567109 -0.998386 -0.506711 -0.276539 -0.959407 -0.0553592 -3.48316 -0.960998 0.276265 0.0126958 3.24582
0.0158626 0.199271 -0.979816 -0.63346 -0.242517 -0.949911 -0.197116 -3.4927 -0.970018 0.240748 0.0332586 3.21565
0.0769373 0.295621 -0.952202 -0.710132 -0.248666 -0.919164 -0.305456 -3.50802 -0.965529 0.260282 0.00279303 3.21227
0.0840372 0.358469 -0.929751 -0.80106 -0.307522 -0.878177 -0.366381 -3.53003 -0.947823 0.316708 0.0364374 3.22629
0.138481 0.434804 -0.889814 -0.896574 -0.33796 -0.823791 -0.455139 -3.58937 -0.930917 0.36375 0.0328671 3.18145
0.215385 0.495372 -0.841556 -0.95937 -0.316731 -0.779756 -0.540058 -3.65937 -0.923738 0.382867 -0.0110478 3.1132
0.249135 0.549792 -0.797283 -1.07549 -0.360688 -0.711343 -0.603237 -3.76904 -0.898797 0.437858 0.0210831 3.06782
0.260048 0.613336 -0.745784 -1.17342 -0.388846 -0.640444 -0.662292 -3.87026 -0.88384 0.462223 0.071947 3.03469
0.306043 0.680133 -0.66615 -1.23062 -0.40246 -0.541696 -0.737964 -3.97309 -0.862765 0.493948 0.107944 2.98636
0.337205 0.757601 -0.558868 -1.30697 -0.41995 -0.410255 -0.809526 -4.07543 -0.842576 0.507673 0.179814 2.95166
0.420336 0.78806 -0.449754 -1.37388 -0.41722 -0.272298 -0.867053 -4.21036 -0.805757 0.5521 0.214338 2.92516
0.450174 0.806499 -0.383279 -1.39137 -0.407412 -0.196438 -0.891867 -4.343 -0.794581 0.557648 0.240146 2.89316
0.449639 0.829425 -0.331481 -1.41458 -0.412357 -0.136442 -0.900747 -4.53627 -0.79233 0.5417 0.280669 2.89365
0.493825 0.831582 -0.254182 -1.41604 -0.421082 -0.0270633 -0.906619 -4.71698 -0.760807 0.554743 0.336799 2.9088
0.532482 0.837235 -0.124499 -1.3899 -0.405965 0.123544 -0.9055 -4.84845 -0.742735 0.532705 0.405673 2.90581
0.571108 0.82013 0.0349622 -1.35858 -0.370336 0.295431 -0.880665 -4.95798 -0.732589 0.490007 0.472447 2.91925
0.617925 0.777866 0.114425 -1.3217 -0.338007 0.39422 -0.8546 -5.04954 -0.709873 0.489403 0.506523 2.93362
0.631127 0.74815 0.204815 -1.26823 -0.315983 0.489118 -0.812968 -5.127 -0.708402 0.448368 0.545099 2.95437
0.675377 0.683132 0.277842 -1.18636 -0.30286 0.600435 -0.740104 -5.24125 -0.672415 0.415702 0.612413 2.99618
0.688826 0.631151 0.356605 -1.10662 -0.274341 0.68229 -0.677656 -5.33406 -0.671011 0.368956 0.64313 3.04988
0.734944 0.53919 0.411255 -1.04615 -0.210691 0.758003 -0.617286 -5.38758 -0.644567 0.367023 0.670692 3.08356
0.755442 0.445914 0.48007 -0.974775 -0.164004 0.838055 -0.520352 -5.44764 -0.634358 0.314362 0.706234 3.11464
0.776066 0.319849 0.543524 -0.904985 -0.096751 0.912026 -0.398557 -5.49954 -0.623186 0.25672 0.738738 3.15263
0.778463 0.224173 0.586295 -0.845095 -0.0421537 0.950613 -0.307502 -5.54101 -0.626274 0.214664 0.749467 3.18952
0.771484 0.124002 0.624048 -0.750588 -0.00476018 0.981922 -0.189228 -5.57936 -0.636231 0.143016 0.758127 3.23755
0.789861 0.0257415 0.612746 -0.510856 0.0582256 0.991458 -0.116707 -5.64408 -0.610516 0.12786 0.781615 3.38458
0.805629 0.00330526 0.592411 -0.267645 0.0691752 0.992619 -0.0996105 -5.70486 -0.588368 0.121229 0.799454 3.55909
0.780829 -0.0367803 0.623661 -0.111698 0.073088 0.996789 -0.0327215 -5.74054 -0.620454 0.071132 0.78101 3.74463
0.82314 -0.0370003 0.566631 0.0427951 0.0461826 0.998931 -0.00186005 -5.73747 -0.565957 0.0276996 0.823969 3.9885
0.816255 -0.0389816 0.576376 0.206739 0.0559766 0.998363 -0.0117516 -5.76038 -0.574974 0.0418559 0.8171 4.23068
0.798812 -0.0790471 0.596365 0.288475 0.0968449 0.995297 0.00220422 -5.76699 -0.593734 0.0559941 0.802711 4.37731
0.79668 -0.0557236 0.601827 0.450166 0.0857636 0.996088 -0.0213026 -5.76705 -0.598286 0.0685862 0.798342 4.63167
0.790215 -0.0509796 0.610706 0.593037 0.0757822 0.997014 -0.01483 -5.80787 -0.608127 0.0579996 0.791718 4.86899
0.784564 -0.0890481 0.61362 0.742835 0.112978 0.993597 -0.000261804 -5.7816 -0.609668 0.069531 0.789602 5.08807
0.809035 -0.113959 0.576607 0.812431 0.13409 0.990939 0.00770425 -5.80166 -0.57226 0.0710844 0.816985 5.26773
0.786529 -0.123159 0.605148 0.950824 0.124414 0.991421 0.040069 -5.82617 -0.604891 0.0437735 0.795104 5.47481
0.783182 -0.0941677 0.61462 1.06517 0.118449 0.992959 0.00119972 -5.82375 -0.610406 0.0718617 0.788822 5.64437
0.744693 -0.118861 0.656737 1.20715 0.138021 0.990169 0.0227018 -5.82864 -0.652979 0.0737376 0.753778 5.83855
0.747588 -0.117755 0.65364 1.34911 0.113835 0.992312 0.0485717 -5.78312 -0.654335 0.0380954 0.755245 6.08785
0.753504 -0.170574 0.63493 1.40913 0.181643 0.982178 0.0482967 -5.7554 -0.631852 0.0789386 0.771059 6.28041
0.753171 -0.207254 0.624322 1.51807 0.180659 0.977748 0.106636 -5.73003 -0.632531 0.0324744 0.773854 6.45309
0.752997 -0.218647 0.620636 1.57696 0.22332 0.972117 0.0715253 -5.71285 -0.61897 0.0847422 0.780829 6.53097
0.738132 -0.192034 0.646748 1.63477 0.155485 0.98125 0.113901 -5.68393 -0.656495 0.0164851 0.75415 6.5859
0.737131 -0.176121 0.652395 1.69422 0.154932 0.983769 0.0905232 -5.6412 -0.657749 0.0343497 0.752454 6.7374
0.734692 -0.233847 0.636823 1.84574 0.185269 0.97219 0.143255 -5.60391 -0.652612 0.0127358 0.757585 6.8294
0.69536 -0.255718 0.671627 1.95351 0.1468 0.965389 0.215579 -5.59607 -0.703509 -0.0513104 0.708832 6.95137
0.726455 -0.287365 0.624247 2.07867 0.200978 0.957499 0.20689 -5.55951 -0.657169 -0.0248366 0.753334 7.12311
0.700835 -0.296769 0.648659 2.35566 0.201091 0.954663 0.219503 -5.46669 -0.684392 -0.0233958 0.728739 7.23775
0.739769 -0.265824 0.618126 2.51702 0.216397 0.96384 0.155516 -5.44679 -0.637114 0.0187148 0.770542 7.35977
0.768333 -0.275216 0.577859 2.79919 0.213239 0.961323 0.174321 -5.41828 -0.603484 -0.0107143 0.797303 7.51478
0.790909 -0.279406 0.544421 2.9731 0.23161 0.96017 0.156304 -5.41306 -0.566409 0.00247166 0.82412 7.63111
0.794977 -0.238143 0.557943 3.16874 0.221611 0.970165 0.0983296 -5.41103 -0.564713 0.0454766 0.824034 7.71988
0.793482 -0.156441 0.588144 3.3779 0.19543 0.980714 -0.00279851 -5.41333 -0.576363 0.117162 0.808752 7.83769
0.825902 -0.0803359 0.558062 3.48308 0.174862 0.977488 -0.118072 -5.4466 -0.536013 0.195099 0.821356 7.92058
0.853551 0.00761044 0.520953 3.60386 0.120079 0.970101 -0.210914 -5.4899 -0.506982 0.242582 0.827117 7.98335
0.879943 0.085874 0.467254 3.73458 0.0659955 0.951897 -0.299228 -5.56399 -0.470473 0.29414 0.831947 8.05032
0.880438 0.206722 0.426725 3.84523 -0.020255 0.915535 -0.401728 -5.64281 -0.473728 0.345054 0.810259 8.11724
0.860083 0.31381 0.40222 3.9374 -0.0984226 0.875686 -0.472745 -5.71914 -0.50057 0.367012 0.784048 8.16778
0.84081 0.413456 0.349418 4.02913 -0.162132 0.808189 -0.566165 -5.81565 -0.51648 0.419385 0.746568 8.20351
0.805979 0.515937 0.290185 4.12388 -0.243418 0.735732 -0.632017 -5.91203 -0.53958 0.438756 0.718573 8.25171
0.766827 0.588805 0.255511 4.26333 -0.285538 0.669461 -0.685776 -6.03683 -0.574843 0.452913 0.681487 8.34528
0.721122 0.640675 0.263664 4.44352 -0.362316 0.673127 -0.644692 -6.16003 -0.590517 0.369372 0.717533 8.42324
0.766908 0.552197 0.327002 4.68973 -0.292355 0.754211 -0.587958 -6.27569 -0.571297 0.355309 0.739848 8.58231
0.822936 0.427862 0.373779 4.81733 -0.225471 0.849834 -0.476387 -6.2494 -0.521478 0.307759 0.79583 8.66111
0.855813 0.307645 0.415859 4.94455 -0.146807 0.915319 -0.375018 -6.19658 -0.496017 0.259894 0.828506 8.72586
0.863536 0.195286 0.464941 5.02203 -0.0514524 0.951282 -0.303998 -6.15166 -0.501656 0.238591 0.831514 8.76947
0.86989 0.0774171 0.487133 5.12836 0.0218475 0.980589 -0.194853 -6.07036 -0.492762 0.180143 0.851313 8.83866
0.852193 -0.0579938 0.520003 5.24853 0.114487 0.990423 -0.0771666 -5.974 -0.510548 0.125295 0.850672 8.89048
0.844877 -0.169926 0.507256 5.32956 0.179591 0.983276 0.0302641 -5.88873 -0.503915 0.0655291 0.861264 8.93321
0.813339 -0.300387 0.498245 5.39537 0.263035 0.953734 0.145617 -5.79012 -0.518934 0.01262 0.854721 8.97668
0.783818 -0.420246 0.45719 5.4356 0.315411 0.903608 0.289841 -5.67405 -0.534926 -0.08298 0.840814 9.01916
0.721694 -0.539991 0.43309 5.45492 0.380156 0.832052 0.403943 -5.55077 -0.57848 -0.126882 0.805768 9.04688
0.683336 -0.63214 0.36531 5.4674 0.410437 0.746407 0.523849 -5.44193 -0.603816 -0.208028 0.7695 9.05803
0.616301 -0.73374 0.286006 5.49512 0.462591 0.631218 0.622554 -5.29669 -0.637325 -0.251376 0.728442 9.05762
0.572192 -0.786405 0.232729 5.53015 0.476436 0.54972 0.686161 -5.15036 -0.667536 -0.281736 0.689217 9.06732
0.506587 -0.846296 0.164779 5.55386 0.516919 0.451081 0.727544 -4.99394 -0.690047 -0.283387 0.665978 9.10345
0.46665 -0.882412 0.059893 5.6092 0.539498 0.337657 0.771317 -4.77299 -0.700842 -0.327623 0.633627 9.12273
0.443381 -0.895372 -0.0415047 5.63792 0.531366 0.225273 0.816641 -4.57556 -0.721847 -0.384137 0.575652 9.15009
0.350379 -0.936396 0.0199315 5.64524 0.535404 0.217706 0.816056 -4.45394 -0.76849 -0.275257 0.57763 9.16609
0.430046 -0.900243 -0.0679853 5.63747 0.554684 0.204055 0.806652 -4.379 -0.71231 -0.384608 0.587104 9.16358
0.410062 -0.905699 -0.107511 5.62149 0.576351 0.165963 0.800173 -4.22507 -0.706873 -0.390084 0.590055 9.15319
0.378907 -0.917063 -0.124194 5.604 0.588753 0.135336 0.796903 -3.97066 -0.714003 -0.375072 0.591204 9.15588
0.32974 -0.91509 -0.232124 5.57982 0.595271 0.0106915 0.803454 -3.78973 -0.732751 -0.403108 0.548252 9.12149
0.324054 -0.891863 -0.315546 5.52427 0.556872 -0.0898101 0.825729 -3.63242 -0.764776 -0.443299 0.46755 9.08785
0.259644 -0.886885 -0.382126 5.48017 0.506823 -0.211676 0.835657 -3.56755 -0.822019 -0.410644 0.394534 9.05551
0.191778 -0.859305 -0.474148 5.40257 0.500522 -0.329934 0.800389 -3.50954 -0.844215 -0.390818 0.366827 9.00311
0.15718 -0.81278 -0.560967 5.28914 0.427359 -0.456108 0.780595 -3.45716 -0.890314 -0.362429 0.275658 8.92137
0.0938439 -0.76087 -0.642082 5.17155 0.38741 -0.56619 0.72756 -3.42326 -0.917119 -0.317026 0.241635 8.86725
0.0073788 -0.674044 -0.738655 5.05532 0.326974 -0.696444 0.638791 -3.42674 -0.945004 -0.246234 0.215256 8.81014
-0.0193279 -0.533636 -0.845493 4.97028 0.279722 -0.814767 0.507849 -3.44938 -0.959886 -0.226688 0.165018 8.75922
-0.0701272 -0.381485 -0.921711 4.88679 0.182433 -0.913307 0.364127 -3.48218 -0.980714 -0.142616 0.133643 8.70719
-0.0596578 -0.185376 -0.980855 4.80997 0.107239 -0.978109 0.178335 -3.53393 -0.992442 -0.0945467 0.0782314 8.66109
-0.0823723 -0.040681 -0.995771 4.74821 -0.0145221 -0.999011 0.0420147 -3.59533 -0.996496 0.0179215 0.0817001 8.62158
-0.0417107 0.109616 -0.993098 4.70061 -0.0853487 -0.990721 -0.105769 -3.66464 -0.995478 0.080348 0.0506793 8.58787
-0.0291941 0.239187 -0.970535 4.65898 -0.139401 -0.962434 -0.232997 -3.73834 -0.989806 0.128492 0.0614403 8.56115
-0.00544152 0.373922 -0.927444 4.59895 -0.193178 -0.910381 -0.365909 -3.84744 -0.981149 0.177171 0.0771874 8.51891
-0.000243023 0.417246 -0.908794 4.49789 -0.264696 -0.876406 -0.402305 -3.95799 -0.964332 0.240456 0.110656 8.48098
0.0689921 0.453761 -0.888449 4.35408 -0.312028 -0.836074 -0.451242 -4.1142 -0.947565 0.308353 0.0839037 8.39444
0.0933146 0.518269 -0.850112 4.24531 -0.367948 -0.77544 -0.513134 -4.23858 -0.925152 0.36068 0.118336 8.31096
0.110131 0.509916 -0.853145 4.11934 -0.36121 -0.779142 -0.512313 -4.36119 -0.925958 0.364586 0.0983787 8.24982
0.100135 0.464894 -0.879685 3.9583 -0.360086 -0.807266 -0.467611 -4.49773 -0.927529 0.363587 0.0865662 8.15844
0.0656015 0.367413 -0.927741 3.80291 -0.358647 -0.858932 -0.365523 -4.57779 -0.931165 0.356711 0.0754246 8.09777
0.0413846 0.269017 -0.962246 3.68834 -0.320628 -0.908561 -0.267797 -4.59735 -0.946301 0.319606 0.0486538 8.04855
0.0109428 0.164146 -0.986375 3.51807 -0.268057 -0.949848 -0.161041 -4.58038 -0.963341 0.266167 0.0336064 7.94906
0.00988004 0.0659014 -0.997777 3.36783 -0.224826 -0.972132 -0.0664337 -4.5389 -0.974349 0.224982 0.00521161 7.87234
-0.0155238 0.00037403 -0.999879 3.23551 -0.140751 -0.990043 0.0018149 -4.49469 -0.989923 0.140762 0.0154219 7.81986
0.00893681 -0.103923 -0.994545 3.05562 -0.06611 -0.99247 0.103112 -4.41807 -0.997772 0.0648278 -0.0157399 7.70808
0.000465596 -0.233045 -0.972466 2.90015 -0.0187955 -0.972296 0.232996 -4.35173 -0.999823 0.0181695 -0.00483291 7.61781
0.0101486 -0.306504 -0.951815 2.76342 0.0100715 -0.951785 0.306601 -4.27738 -0.999898 -0.0126978 -0.00657233 7.55302
0.0377793 -0.306697 -0.951057 2.50533 0.0350545 -0.950744 0.307989 -4.13156 -0.998671 -0.0449745 -0.0251674 7.3945
0.0907626 -0.30712 -0.947333 2.31877 0.0263129 -0.950188 0.310566 -4.05086 -0.995525 -0.0531148 -0.0781603 7.26311
0.0952098 -0.351148 -0.931467 2.11537 0.0477325 -0.933031 0.356616 -3.98972 -0.994312 -0.0784146 -0.0720726 7.14631
0.111495 -0.353539 -0.928751 1.9484 0.0307298 -0.932905 0.358809 -3.92469 -0.99329 -0.0685459 -0.0931505 7.03433
0.0756334 -0.306983 -0.948705 1.79751 0.0352657 -0.950011 0.310217 -3.84963 -0.996512 -0.0569195 -0.0610266 6.95383
0.04532 -0.289178 -0.956202 1.65944 0.053879 -0.955085 0.291394 -3.78988 -0.997518 -0.0647252 -0.0277038 6.90711
0.039455 -0.218158 -0.975115 1.47465 0.064118 -0.973311 0.220349 -3.73895 -0.997162 -0.0712163 -0.0244141 6.81267
0.0227885 -0.199952 -0.979541 1.225 0.0222556 -0.979451 0.200451 -3.69983 -0.999493 -0.0263682 -0.0178702 6.80184
0.0618836 -0.174653 -0.982683 1.01602 -0.00741633 -0.984624 0.174531 -3.63176 -0.998056 -0.00351268 -0.0622273 6.75306
0.0474268 -0.0913129 -0.994692 0.805663 -0.0391248 -0.995218 0.0894958 -3.58198 -0.998108 0.0346726 -0.0507726 6.78341
0.0489686 -0.0737106 -0.996077 0.693604 -0.0922559 -0.993344 0.068973 -3.55278 -0.994531 0.0885164 -0.0554429 6.76685
0.0383338 -0.171109 -0.984506 0.564674 -0.0778145 -0.98275 0.167774 -3.51316 -0.996231 0.0701774 -0.0509873 6.7925
0.0338095 -0.172521 -0.984425 0.408758 -0.0467736 -0.984182 0.170872 -3.47056 -0.998333 0.0402681 -0.0413441 6.78035
0.0183818 -0.129173 -0.991452 0.188379 -0.0565653 -0.990165 0.127956 -3.4319 -0.99823 0.0537297 -0.0255077 6.78911
0.0447834 -0.055942 -0.997429 0.059664 -0.0424155 -0.997637 0.0540492 -3.44568 -0.998096 0.0398859 -0.0470504 6.77949
-0.00514647 -0.112792 -0.993605 -0.0897952 -0.0704016 -0.991112 0.112874 -3.43252 -0.997505 0.0705323 -0.00284002 6.82375
0.0478837 -0.102724 -0.993557 -0.285232 -0.0559819 -0.99341 0.100011 -3.40009 -0.997283 0.0508323 -0.0533188 6.81354
0.0462875 -0.0452003 -0.997905 -0.525187 -0.0556507 -0.997541 0.0426025 -3.39109 -0.997377 0.0535622 -0.0486891 6.81448
0.0323456 -0.130299 -0.990947 -0.716755 -0.0557318 -0.990158 0.128377 -3.36117 -0.997922 0.0510749 -0.0392891 6.8463
0.0688215 -0.123008 -0.990016 -0.921739 -0.0308943 -0.992156 0.121126 -3.32655 -0.997151 0.0222497 -0.072082 6.83318
0.0740849 -0.0617929 -0.995336 -1.07916 -0.0787264 -0.995326 0.0559325 -3.32724 -0.99414 0.0742155 -0.0786033 6.84908
0.0905582 -0.0846895 -0.992284 -1.29033 -0.114669 -0.990637 0.074084 -3.33873 -0.989267 0.107076 -0.0994217 6.8454
0.00192177 -0.0828207 -0.996563 -1.5042 -0.118422 -0.989571 0.0820112 -3.31909 -0.992961 0.117858 -0.0117095 6.88816
0.0070896 0.00398084 -0.999967 -1.67814 -0.127682 -0.991803 -0.00485359 -3.30577 -0.99179 0.127712 -0.00652321 6.90535
0.0453774 0.0574106 -0.997319 -1.83536 -0.16579 -0.98407 -0.0641913 -3.30346 -0.985116 0.168259 -0.0351364 6.88215
0.0955443 -0.0267245 -0.995066 -1.97125 -0.130188 -0.991389 0.0141254 -3.26292 -0.986875 0.128196 -0.0982008 6.87829
0.113932 -0.114873 -0.986825 -2.05335 -0.127965 -0.986716 0.100087 -3.22089 -0.985213 0.114876 -0.127118 6.86841
0.0591964 -0.0450304 -0.99723 -2.15574 -0.131074 -0.990684 0.0369541 -3.20285 -0.989604 0.128524 -0.0645472 6.87149
0.0787466 0.0341389 -0.99631 -2.21452 -0.188335 -0.980907 -0.0484968 -3.20834 -0.978943 0.191459 -0.0708135 6.88063
0.102248 0.0942931 -0.99028 -2.33928 -0.210987 -0.970792 -0.114222 -3.21439 -0.972126 0.220616 -0.0793674 6.87646
0.146486 0.131343 -0.980455 -2.45542 -0.244432 -0.955606 -0.164533 -3.25208 -0.958538 0.263756 -0.107878 6.83743
0.182062 0.181182 -0.96645 -2.59597 -0.253137 -0.941112 -0.224119 -3.28306 -0.950145 0.285448 -0.125477 6.88667
0.159377 0.235479 -0.958722 -2.67218 -0.283959 -0.919161 -0.272967 -3.31382 -0.945498 0.315742 -0.0796263 6.86821
0.197792 0.323926 -0.925176 -2.77476 -0.305288 -0.876525 -0.37216 -3.34659 -0.931492 0.356055 -0.0744791 6.78091
0.222586 0.444986 -0.867435 -2.90817 -0.30984 -0.811336 -0.495714 -3.38303 -0.924367 0.379105 -0.0427173 6.72855
0.283463 0.522418 -0.804194 -3.00017 -0.367304 -0.715497 -0.594266 -3.45182 -0.885853 0.463836 -0.0109304 6.6973
0.348927 0.538133 -0.767244 -3.08543 -0.440914 -0.62816 -0.641101 -3.56746 -0.826949 0.561986 0.0180883 6.66166
0.321081 0.617209 -0.718303 -3.19376 -0.469789 -0.554765 -0.686683 -3.73361 -0.822317 0.557932 0.111833 6.65807
0.328431 0.672437 -0.663296 -3.2256 -0.479068 -0.486625 -0.730541 -3.85705 -0.814019 0.557697 0.16232 6.65902
0.354401 0.7456 -0.564341 -3.24407 -0.475807 -0.375756 -0.795246 -3.9598 -0.804989 0.550353 0.221593 6.63431
0.434769 0.775292 -0.458148 -3.27435 -0.477765 -0.23267 -0.847116 -4.10377 -0.763359 0.587186 0.269249 6.58722
0.447247 0.832098 -0.327999 -3.30222 -0.447586 -0.109278 -0.887539 -4.22495 -0.774362 0.543757 0.323561 6.57533
0.495774 0.840966 -0.216758 -3.3009 -0.41146 0.00765638 -0.911396 -4.33189 -0.764794 0.541033 0.34982 6.56995
0.547939 0.822654 -0.151668 -3.29407 -0.400259 0.0986278 -0.911079 -4.48932 -0.734544 0.559922 0.383317 6.55088
0.572773 0.805178 -0.153689 -3.29477 -0.435979 0.140464 -0.888928 -4.69599 -0.694157 0.576159 0.431494 6.59291
0.625392 0.780251 -0.00969082 -3.23971 -0.393164 0.304356 -0.867634 -4.84433 -0.674023 0.546422 0.497108 6.60851
0.666952 0.735773 0.117527 -3.20262 -0.345991 0.445521 -0.825713 -4.95494 -0.659898 0.510048 0.551712 6.60785
0.686269 0.691245 0.22631 -3.16124 -0.308538 0.558425 -0.770043 -5.05024 -0.658665 0.458631 0.596505 6.62231
0.710439 0.606869 0.356351 -3.10831 -0.227061 0.676934 -0.700145 -5.10842 -0.666123 0.416498 0.618717 6.63911
0.749929 0.525671 0.401591 -3.05641 -0.185213 0.749644 -0.635397 -5.15131 -0.635061 0.402123 0.659541 6.6656
0.758751 0.462783 0.458398 -2.99338 -0.170351 0.82022 -0.546096 -5.19651 -0.628711 0.336262 0.701178 6.69664
0.773824 0.389345 0.499606 -2.91801 -0.1324 0.870772 -0.473525 -5.24826 -0.619408 0.300277 0.725374 6.74449
0.780667 0.27984 0.558792 -2.8436 -0.0434075 0.916264 -0.398217 -5.28979 -0.623438 0.286619 0.727444 6.77532
0.77393 0.186693 0.605127 -2.78463 0.021408 0.947298 -0.319639 -5.3407 -0.63291 0.260332 0.729145 6.78593
0.742135 0.0849248 0.664849 -2.70032 0.0577909 0.980138 -0.189707 -5.41654 -0.667754 0.179211 0.722487 6.82461
0.742913 0.00558636 0.669364 -2.60634 0.0621157 0.995075 -0.0772456 -5.47838 -0.666499 0.0989648 0.738908 6.88765
0.793566 0.0304763 0.607721 -2.42728 0.022198 0.99663 -0.0789657 -5.55121 -0.608079 0.0761547 0.790215 7.01796
0.816794 0.0344639 0.5759 -2.3039 0.0197659 0.995956 -0.0876354 -5.59122 -0.576591 0.0829632 0.81281 7.14252
0.776353 0.00443407 0.630283 -2.09047 0.0436661 0.997194 -0.0608012 -5.658 -0.628784 0.0747252 0.773981 7.31943
0.775761 0.0154896 0.630836 -1.95514 0.0247346 0.998184 -0.0549265 -5.67479 -0.630542 0.0582133 0.773969 7.50989
0.771714 0.0452866 0.634355 -1.91493 0.0264335 0.994315 -0.103142 -5.67907 -0.63542 0.096364 0.76613 7.6123
0.789262 0.0715202 0.609877 -1.86709 0.0430951 0.984294 -0.171199 -5.68771 -0.612542 0.161403 0.773784 7.73354
0.768797 0.0765445 0.634895 -1.81661 -0.0154975 0.994749 -0.101163 -5.70031 -0.639305 0.0679348 0.765946 7.79862
0.777084 0.0123145 0.629277 -1.77601 0.0210842 0.998738 -0.0455811 -5.71075 -0.629044 0.0486882 0.775844 7.90992
0.75543 -0.0312641 0.654483 -1.62515 0.0646477 0.997544 -0.026967 -5.70534 -0.652033 0.0626825 0.755595 8.05885
0.771553 0.0512201 0.634099 -1.59752 0.0323705 0.992301 -0.119542 -5.71569 -0.635341 0.112759 0.763955 8.17431
0.738315 0.0361589 0.673486 -1.45063 0.0249319 0.996416 -0.0808285 -5.75066 -0.673995 0.0764682 0.734768 8.37156
0.741879 -0.0255512 0.670046 -1.37113 0.0774031 0.995857 -0.0477257 -5.74849 -0.666051 0.0872703 0.740783 8.51865
0.759517 -0.000170573 0.650488 -1.26322 0.0230698 0.999378 -0.0266745 -5.74097 -0.650078 0.0352663 0.759048 8.65495
0.783329 0.0283397 0.620961 -1.21395 0.0149182 0.997815 -0.0643576 -5.76669 -0.621429 0.0596768 0.781195 8.8422
0.770257 0.0253316 0.63723 -1.10688 -0.00866359 0.999534 -0.0292619 -5.7835 -0.637674 0.0170185 0.770118 8.96184
0.778696 -0.031361 0.626617 -1.02008 0.0205609 0.999489 0.0244716 -5.77488 -0.627064 -0.00617211 0.778943 9.1275
0.781207 -0.0452291 0.622632 -0.919474 0.060816 0.998142 -0.00379804 -5.76101 -0.621303 0.040833 0.782506 9.2304
0.77777 -0.0225034 0.628146 -0.862698 0.0563924 0.997827 -0.0340777 -5.76758 -0.626014 0.0619273 0.777349 9.38237
0.77492 -0.019879 0.631747 -0.770333 0.0347494 0.999334 -0.0111789 -5.76352 -0.631104 0.0306155 0.775094 9.4773
0.754354 -0.0943143 0.649657 -0.719175 0.105511 0.994179 0.0218156 -5.76233 -0.647933 0.0520892 0.759914 9.58885
0.76004 -0.0881462 0.643871 -0.570849 0.105049 0.994393 0.012131 -5.74166 -0.64133 0.0584178 0.765038 9.823
0.743057 -0.133272 0.655823 -0.476808 0.158957 0.987073 0.0204859 -5.76254 -0.650076 0.0890252 0.754636 10.0113
0.7174 -0.236547 0.655273 -0.417341 0.216925 0.969678 0.112553 -5.74423 -0.662028 0.0613997 0.74696 10.1395
0.694465 -0.345332 0.63124 -0.336368 0.284332 0.937606 0.200124 -5.70036 -0.660964 0.0405022 0.749324 10.2301
0.651357 -0.385508 0.653543 -0.263165 0.267797 0.922687 0.277369 -5.63781 -0.709943 -0.00564947 0.704236 10.3068
0.653222 -0.420506 0.629663 -0.197872 0.249978 0.904746 0.344884 -5.57947 -0.714711 -0.0678833 0.696118 10.4313
0.618309 -0.471571 0.628741 -0.0074268 0.250669 0.876536 0.410913 -5.51497 -0.744889 -0.096465 0.660178 10.5565
0.603691 -0.499638 0.621224 0.0814655 0.277279 0.862181 0.423982 -5.46967 -0.747445 -0.0837019 0.65903 10.7088
0.662571 -0.465219 0.587002 0.200451 0.308163 0.883629 0.352471 -5.43737 -0.682668 -0.0526441 0.72883 10.8113
0.715053 -0.367068 0.594946 0.303284 0.268156 0.929973 0.251481 -5.41564 -0.645594 -0.0202835 0.763411 10.8796
0.765699 -0.256709 0.58975 0.418063 0.227137 0.965746 0.125472 -5.402 -0.601759 0.0378803 0.797779 10.9893
0.780285 -0.165537 0.603119 0.57089 0.208516 0.978018 -0.00133398 -5.3997 -0.58964 0.126801 0.79765 11.0599
0.777821 -0.106946 0.61932 0.85472 0.161929 0.986248 -0.0330619 -5.38241 -0.607267 0.126002 0.784443 11.1924
0.801778 -0.0326366 0.59673 1.10305 0.139391 0.98118 -0.133626 -5.39564 -0.581138 0.190317 0.791238 11.323
0.807351 0.0961838 0.582179 1.28177 0.0862224 0.956806 -0.277648 -5.44187 -0.583738 0.274356 0.764185 11.4144
0.830797 0.152941 0.53515 1.3396 0.0634715 0.929197 -0.364093 -5.47402 -0.552944 0.336454 0.762267 11.4607
0.807531 0.285642 0.516044 1.43925 -0.00958265 0.881149 -0.472741 -5.54229 -0.589747 0.376808 0.714293 11.5056
0.798207 0.384873 0.463399 1.55583 -0.0705136 0.823685 -0.562647 -5.61495 -0.598242 0.416433 0.684609 11.5473
0.793609 0.466077 0.391097 1.62687 -0.150416 0.773139 -0.616142 -5.68377 -0.589542 0.430148 0.683676 11.5882
0.747641 0.532105 0.397363 1.79021 -0.209706 0.756891 -0.618983 -5.80102 -0.630124 0.379448 0.677468 11.6849
0.724432 0.579086 0.373976 1.99061 -0.22827 0.713419 -0.662515 -5.95565 -0.650455 0.394579 0.649012 11.7672
0.735742 0.600395 0.313385 2.09457 -0.245852 0.667927 -0.702446 -6.05896 -0.631063 0.439773 0.63903 11.8665
0.726398 0.572238 0.380644 2.34174 -0.21747 0.716765 -0.662537 -6.19019 -0.651961 0.398487 0.6451 11.9628
0.734276 0.46748 0.492242 2.50456 -0.161548 0.824609 -0.542146 -6.21379 -0.659349 0.318564 0.681011 12.0454
0.769998 0.378 0.514022 2.60391 -0.157021 0.893105 -0.421554 -6.19145 -0.618423 0.243883 0.747043 12.1127
0.78988 0.241578 0.563676 2.7047 -0.0955724 0.956404 -0.275966 -6.1382 -0.605769 0.164108 0.778532 12.1756
0.808845 0.118892 0.575876 2.7995 -0.0319136 0.986779 -0.158901 -6.08713 -0.587155 0.110148 0.801946 12.2217
0.811491 -0.0132381 0.584214 2.93286 0.0438716 0.998302 -0.0383178 -5.98438 -0.582715 0.056725 0.810694 12.2685
0.755995 -0.157288 0.6354 3.01129 0.123729 0.98754 0.097245 -5.91318 -0.642778 0.00510049 0.766036 12.3004
0.75098 -0.256058 0.608657 3.10752 0.185254 0.966435 0.178 -5.81113 -0.633806 -0.0209186 0.773209 12.3639
0.727629 -0.376219 0.573599 3.24874 0.23737 0.922618 0.304027 -5.65337 -0.643593 -0.0850636 0.760626 12.4329
0.70162 -0.468335 0.537022 3.32034 0.295563 0.877049 0.378718 -5.55744 -0.648361 -0.106992 0.753777 12.4677
0.676693 -0.548735 0.490893 3.37392 0.320899 0.819888 0.474138 -5.45728 -0.662654 -0.163318 0.730902 12.5054
0.643288 -0.641421 0.418043 3.42829 0.366481 0.737369 0.567431 -5.31038 -0.672214 -0.211817 0.709409 12.5513
0.596866 -0.721707 0.350557 3.46846 0.416768 0.652227 0.63317 -5.16003 -0.685606 -0.231817 0.690077 12.5768
0.537933 -0.783345 0.311445 3.53459 0.413528 0.56716 0.712266 -4.90335 -0.73459 -0.25436 0.62903 12.5867
0.509009 -0.826872 0.239149 3.55239 0.416323 0.479674 0.772391 -4.68328 -0.753382 -0.293591 0.588404 12.6071
0.458639 -0.881737 0.110407 3.54382 0.43719 0.332064 0.835822 -4.47202 -0.773638 -0.335071 0.537784 12.5803
0.41483 -0.909874 0.00680715 3.51508 0.423519 0.199701 0.883601 -4.37123 -0.805325 -0.363661 0.46819 12.5699
0.328661 -0.934193 -0.1388 3.4425 0.452408 0.02672 0.891411 -4.24041 -0.829041 -0.355766 0.431418 12.5442
0.311756 -0.914529 -0.257771 3.38999 0.43128 -0.105535 0.896024 -4.16199 -0.846644 -0.390512 0.361517 12.5148
0.245488 -0.906469 -0.343584 3.33748 0.406755 -0.225401 0.885293 -4.10181 -0.879935 -0.357084 0.313378 12.4761
0.242764 -0.839015 -0.486949 3.25437 0.379341 -0.379892 0.843672 -4.00822 -0.892841 -0.389533 0.226049 12.4176
0.199728 -0.776456 -0.597683 3.15449 0.322222 -0.524002 0.788413 -3.94947 -0.925355 -0.350055 0.145533 12.3776
0.144315 -0.708968 -0.690317 3.05682 0.281633 -0.63934 0.715491 -3.90591 -0.948607 -0.297673 0.107403 12.3348
0.134237 -0.643239 -0.753806 2.99191 0.216878 -0.723179 0.655726 -3.88038 -0.966925 -0.251506 0.0424268 12.2879
0.138044 -0.537137 -0.832122 2.92466 0.158805 -0.817292 0.553909 -3.86659 -0.977612 -0.208609 -0.0275223 12.2339
0.111681 -0.430364 -0.89572 2.85336 0.100409 -0.891859 0.441028 -3.86386 -0.988658 -0.139193 -0.0563907 12.1884
0.101973 -0.310973 -0.944932 2.7801 0.0552905 -0.946644 0.317503 -3.87135 -0.993249 -0.0846226 -0.0793384 12.1568
0.0713563 -0.20138 -0.976911 2.71756 0.0319006 -0.978445 0.204027 -3.8894 -0.996941 -0.0457226 -0.0633941 12.1354
0.0709905 -0.0804717 -0.994226 2.66307 -0.0578424 -0.995395 0.0764362 -3.92484 -0.995798 0.0520821 -0.0753183 12.1165
0.0808652 0.0726572 -0.994073 2.59721 -0.113397 -0.990193 -0.0815982 -3.99207 -0.990253 0.119323 -0.0718331 12.0859
0.122134 0.207054 -0.970676 2.54188 -0.161191 -0.960876 -0.225245 -4.06202 -0.979337 0.183974 -0.0839808 12.0439
0.16105 0.264557 -0.950827 2.44181 -0.208364 -0.932574 -0.294771 -4.15464 -0.964701 0.245591 -0.0950669 11.999
0.176649 0.284382 -0.942296 2.31444 -0.25204 -0.912363 -0.322597 -4.24979 -0.951457 0.294483 -0.0894922 11.9394
0.22187 0.340303 -0.913766 2.20326 -0.268919 -0.879423 -0.392809 -4.32273 -0.93726 0.332881 -0.103603 11.8565
0.210921 0.429212 -0.878231 2.07196 -0.259642 -0.84157 -0.473652 -4.39804 -0.94239 0.327929 -0.0660638 11.7791
0.242282 0.395498 -0.885935 1.86813 -0.272969 -0.848467 -0.453422 -4.54056 -0.931014 0.351689 -0.0976096 11.6572
0.218076 0.312774 -0.924454 1.73683 -0.242583 -0.900151 -0.361776 -4.61542 -0.945302 0.303151 -0.120427 11.5706
0.177715 0.218696 -0.959473 1.60653 -0.284303 -0.922008 -0.262816 -4.66793 -0.942119 0.319488 -0.101679 11.5458
0.137296 0.114389 -0.983903 1.45574 -0.260234 -0.95425 -0.147255 -4.66858 -0.955734 0.276263 -0.101247 11.471
0.103969 0.0147301 -0.994471 1.31473 -0.198867 -0.979391 -0.0352977 -4.62897 -0.974496 0.201437 -0.0988971 11.3998
0.0631951 -0.093145 -0.993645 1.17557 -0.162634 -0.983287 0.0818306 -4.57022 -0.984661 0.156429 -0.0772874 11.3428
0.0875933 -0.181846 -0.979418 1.07541 -0.0752338 -0.981597 0.175522 -4.4973 -0.993311 0.0583107 -0.0996623 11.2676
0.105057 -0.311059 -0.944566 0.998254 -0.0245864 -0.950345 0.310227 -4.43593 -0.994162 -0.00936804 -0.107488 11.1941
0.141835 -0.393809 -0.908183 0.900391 0.0271792 -0.915563 0.401254 -4.38052 -0.989517 -0.0815958 -0.119156 11.1399
0.136702 -0.435907 -0.889549 0.771776 0.0833325 -0.889736 0.448804 -4.3201 -0.987101 -0.135481 -0.0853031 11.0929
0.178281 -0.440968 -0.879638 0.637349 0.112648 -0.878935 0.463447 -4.21381 -0.97751 -0.181713 -0.107024 10.9828
0.186095 -0.432148 -0.882393 0.443514 0.0677748 -0.890295 0.450312 -4.09505 -0.980191 -0.143605 -0.13639 10.9036
0.146273 -0.389166 -0.90948 0.212068 0.063763 -0.913748 0.401247 -3.99594 -0.987187 -0.116683 -0.108843 10.7784
0.153212 -0.372062 -0.915476 0.0398252 0.0300763 -0.924229 0.380653 -3.92046 -0.987736 -0.0858547 -0.130413 10.7077
0.17038 -0.312161 -0.934626 -0.0946784 -0.00409282 -0.948711 0.316119 -3.82889 -0.98537 -0.050035 -0.162919 10.6126
0.153434 -0.219064 -0.963571 -0.179728 -0.00440238 -0.975259 0.221021 -3.77822 -0.988149 -0.0296701 -0.150603 10.5813
0.144147 -0.162476 -0.976127 -0.261114 -0.00784685 -0.986585 0.163058 -3.73001 -0.989525 -0.0158448 -0.143488 10.5505
0.0593795 -0.159005 -0.98549 -0.45095 -0.00616262 -0.987272 0.158921 -3.68515 -0.998216 -0.00336345 -0.0596036 10.4968
-0.0201053 -0.187667 -0.982027 -0.691618 0.00597716 -0.98223 0.187583 -3.64288 -0.99978 -0.0020983 0.0208698 10.4771
-0.0587198 -0.191319 -0.97977 -0.932318 0.0103079 -0.981527 0.191045 -3.59916 -0.998221 0.00111879 0.0596072 10.5204
-0.016979 -0.191809 -0.981285 -1.07174 0.00303374 -0.981432 0.191785 -3.56547 -0.999851 0.000279357 0.0172457 10.5
0.00135691 -0.207191 -0.9783 -1.13734 -0.0613714 -0.976474 0.206719 -3.54949 -0.998114 0.0597591 -0.0140406 10.5162
0.00412904 -0.165867 -0.98614 -1.18083 0.0827244 -0.982711 0.165637 -3.54965 -0.996564 -0.0822617 0.00966358 10.5209
-0.0103038 -0.19886 -0.979974 -1.24063 -0.0350086 -0.979353 0.199102 -3.54445 -0.999334 0.0363591 0.00312927 10.5081
0.0944172 -0.210318 -0.973063 -1.35193 -0.037186 -0.977492 0.207668 -3.52743 -0.994838 0.0165769 -0.100113 10.4589
0.0822768 -0.26574 -0.960527 -1.48848 -0.0305668 -0.964014 0.264087 -3.48451 -0.996141 0.00763205 -0.0874389 10.4922
0.101524 -0.207372 -0.97298 -1.60763 -0.00471856 -0.978123 0.207975 -3.4568 -0.994822 -0.0165234 -0.100281 10.4678
0.0858783 -0.132349 -0.987476 -1.74112 -0.021119 -0.991157 0.131005 -3.44257 -0.996082 0.009604 -0.087914 10.4964
0.132302 -0.0997964 -0.986173 -1.8458 -0.0591403 -0.993941 0.0926484 -3.43521 -0.989444 0.046065 -0.137402 10.4725
0.169168 -0.137175 -0.975994 -2.04168 -0.0682981 -0.989518 0.127238 -3.42969 -0.983218 0.045134 -0.176764 10.4647
0.165917 -0.0926779 -0.981775 -2.24051 -0.0549245 -0.994897 0.0846345 -3.39626 -0.984609 0.0398812 -0.170161 10.4639
0.154233 -0.0801185 -0.984781 -2.39422 -0.0487441 -0.99611 0.073406 -3.35599 -0.986831 0.0366807 -0.157538 10.4974
0.203579 -0.0881402 -0.975083 -2.55815 -0.041994 -0.995809 0.0812461 -3.32779 -0.978157 0.0244076 -0.206428 10.4633
0.145024 -0.154037 -0.977364 -2.70498 -0.0613272 -0.987307 0.146504 -3.31166 -0.987526 0.0386924 -0.15263 10.5031
0.139004 -0.124046 -0.982492 -2.86803 -0.0546235 -0.991574 0.117464 -3.28025 -0.988784 0.0373392 -0.144608 10.5324
0.130479 -0.082723 -0.987994 -3.01811 -0.105838 -0.991981 0.0690794 -3.27456 -0.985786 0.0955537 -0.138188 10.5592
0.20754 -0.0786548 -0.975059 -3.17922 -0.139313 -0.988979 0.0501251 -3.30756 -0.968256 0.125435 -0.216211 10.5071
0.13757 -0.11227 -0.984109 -3.32299 -0.143049 -0.985391 0.0924193 -3.29815 -0.980108 0.128061 -0.15162 10.5666
0.0901727 -0.148437 -0.984802 -3.41904 -0.168561 -0.976839 0.131802 -3.26771 -0.981558 0.154115 -0.113105 10.5522
0.179429 -0.10976 -0.977629 -3.54148 -0.127183 -0.988005 0.0875821 -3.23946 -0.975515 0.108623 -0.191236 10.5319
0.120928 -0.0663437 -0.990442 -3.67465 -0.15678 -0.986517 0.0469387 -3.2483 -0.980202 0.149606 -0.129699 10.5467
0.163059 -0.0649068 -0.984479 -3.81221 -0.138371 -0.989476 0.0423179 -3.27057 -0.976865 0.129323 -0.170325 10.5163
0.10403 -0.0581578 -0.992872 -4.00461 -0.140349 -0.989158 0.0432349 -3.2804 -0.984622 0.134851 -0.111065 10.5667
0.11279 0.00934384 -0.993575 -4.14903 -0.165427 -0.985823 -0.0280501 -3.28782 -0.979751 0.167528 -0.109645 10.5318
0.135353 0.0969996 -0.986038 -4.30748 -0.182732 -0.97568 -0.121064 -3.32249 -0.973801 0.196567 -0.114337 10.5468
0.159383 0.140609 -0.977152 -4.4709 -0.23329 -0.956407 -0.175675 -3.386 -0.959256 0.255959 -0.119632 10.5016
0.209754 0.187924 -0.959525 -4.62137 -0.256922 -0.936277 -0.239535 -3.44566 -0.943395 0.296767 -0.148106 10.5104
0.211831 0.235171 -0.94859 -4.74194 -0.297345 -0.909093 -0.29178 -3.49854 -0.930974 0.343866 -0.122648 10.466
0.242689 0.389821 -0.888336 -4.84861 -0.291417 -0.844124 -0.450034 -3.57116 -0.925299 0.368094 -0.0912589 10.3829
0.269871 0.515337 -0.813387 -4.94791 -0.276364 -0.767734 -0.578106 -3.63317 -0.922384 0.380805 -0.0647681 10.3482
0.318296 0.580486 -0.749482 -5.0207 -0.301378 -0.687622 -0.660566 -3.70697 -0.89881 0.436133 -0.043921 10.3189
0.362938 0.629041 -0.687447 -5.1089 -0.332085 -0.601993 -0.726171 -3.84207 -0.870629 0.491846 -0.00959131 10.253
0.395962 0.681157 -0.615824 -5.18882 -0.313739 -0.529927 -0.787874 -3.99277 -0.863008 0.505176 0.00387412 10.2087
0.441285 0.728396 -0.524124 -5.21195 -0.32114 -0.417201 -0.850184 -4.11497 -0.837936 0.543491 0.049812 10.2044
0.496943 0.74901 -0.438214 -5.25206 -0.335506 -0.299879 -0.893033 -4.28226 -0.800302 0.59081 0.102274 10.1636
0.516682 0.779651 -0.353814 -5.30938 -0.309121 -0.2155 -0.926285 -4.46183 -0.798426 0.587966 0.129661 10.1264
0.576035 0.770215 -0.273776 -5.3186 -0.274949 -0.132845 -0.952237 -4.60737 -0.769797 0.623796 0.135246 10.1074
0.572978 0.796778 -0.191941 -5.28328 -0.250257 -0.0529178 -0.966732 -4.81182 -0.780428 0.601951 0.169078 10.1162
0.605806 0.785834 -0.124353 -5.26446 -0.279873 0.0641762 -0.95789 -4.97921 -0.744762 0.615098 0.258812 10.1682
0.621811 0.782893 0.0207273 -5.22167 -0.231563 0.209072 -0.950088 -5.12498 -0.748151 0.585976 0.311293 10.17
0.639207 0.75139 0.163794 -5.18446 -0.207218 0.373393 -0.904234 -5.23391 -0.740591 0.544051 0.394377 10.1908
0.656542 0.704292 0.270046 -5.13781 -0.18747 0.49914 -0.845999 -5.31601 -0.730621 0.504809 0.45974 10.232
0.665842 0.648591 0.368761 -5.08651 -0.162463 0.608437 -0.776795 -5.35073 -0.72819 0.457313 0.510494 10.2626
0.703363 0.5556 0.443384 -5.01019 -0.108902 0.700616 -0.705179 -5.3834 -0.70244 0.447711 0.553293 10.2958
0.693072 0.465782 0.550181 -4.87774 -0.0644201 0.800184 -0.596284 -5.42369 -0.717985 0.377825 0.584591 10.3374
0.69897 0.354972 0.620835 -4.71624 -0.0183431 0.87673 -0.480633 -5.46525 -0.714916 0.32456 0.619319 10.4456
0.703977 0.222685 0.674409 -4.56424 0.0100102 0.946369 -0.322933 -5.47725 -0.710152 0.234088 0.663993 10.5451
0.726415 0.0958282 0.680542 -4.39309 0.0278789 0.985307 -0.168501 -5.50671 -0.68669 0.141374 0.713071 10.6357
0.725991 0.00742188 0.687664 -4.24823 0.0651505 0.994702 -0.0795174 -5.54346 -0.684611 0.102531 0.721662 10.7399
0.753851 -0.0380958 0.65594 -4.04183 0.0908764 0.994768 -0.0466671 -5.55183 -0.65073 0.0947895 0.753369 10.9066
0.771802 -0.0240176 0.635409 -4.03894 0.0569061 0.997886 -0.0314026 -5.53701 -0.633311 0.0603952 0.771537 11.0048
0.803477 -0.0258576 0.594774 -4.20652 0.0645706 0.996948 -0.043886 -5.54014 -0.591824 0.0736663 0.802694 10.8423
0.74709 0.00582404 0.664697 -4.40671 0.0425399 0.997493 -0.0565528 -5.53228 -0.66336 0.0705262 0.744969 10.6546
0.7778 0.0399992 0.627237 -4.58169 0.0335018 0.993916 -0.104926 -5.51073 -0.627618 0.102625 0.771728 10.5699
0.764352 0.120526 0.633434 -4.76021 -0.0197467 0.98629 -0.163838 -5.42607 -0.644497 0.112722 0.756253 10.4388
0.724019 0.117621 0.679678 -4.89351 0.010493 0.983362 -0.181352 -5.36521 -0.6897 0.138434 0.710739 10.359
0.756206 0.112054 0.644667 -4.94524 0.0330358 0.977433 -0.208646 -5.33635 -0.653499 0.179077 0.735439 10.3485
0.764683 0.139521 0.629121 -4.97561 0.0504356 0.960327 -0.274277 -5.33724 -0.642429 0.241465 0.72731 10.3243
0.767208 0.0931607 0.634597 -4.92409 0.0205292 0.985322 -0.169467 -5.3275 -0.64107 0.143044 0.754034 10.3697
0.794559 0.011444 0.607079 -4.8014 0.0469737 0.995667 -0.0802497 -5.36994 -0.605367 0.0922799 0.790579 10.4525
0.821331 -0.0319067 0.569559 -4.68263 0.0316844 0.999445 0.0102986 -5.40228 -0.569572 0.00958755 0.821886 10.539
0.832185 0.0130383 0.554345 -4.42842 0.0237779 0.997965 -0.0591678 -5.43729 -0.553989 0.0624197 0.830181 10.7126
0.853257 0.0821397 0.514982 -4.2642 -0.0231759 0.992515 -0.119907 -5.44919 -0.520976 0.0903762 0.848773 10.8564
0.885817 0.0622453 0.45984 -4.07733 -0.00777776 0.992815 -0.119407 -5.48095 -0.463969 0.102197 0.879937 11.0131
0.883446 0.0780189 0.461992 -3.86686 -0.0218898 0.991835 -0.125637 -5.47786 -0.468021 0.100881 0.87794 11.3326
0.846559 0.130202 0.516124 -3.71721 -0.0606559 0.986903 -0.149476 -5.51765 -0.528827 0.0952345 0.84337 11.5497
0.836656 0.0877782 0.54065 -3.57423 -0.0290609 0.992799 -0.116216 -5.54422 -0.546958 0.081521 0.833182 11.7494
0.833106 0.130092 0.537597 -3.47962 -0.0284292 0.980734 -0.193269 -5.56074 -0.552383 0.14573 0.820753 11.9306
0.82262 0.113559 0.557136 -3.37858 -0.00852686 0.982207 -0.187609 -5.60146 -0.568527 0.149581 0.808951 12.0949
0.835064 0.0535271 0.547542 -3.2764 0.00863103 0.993858 -0.110322 -5.61252 -0.550084 0.0968517 0.829474 12.2564
0.797476 0.0556011 0.600784 -3.15197 0.0180454 0.993101 -0.115863 -5.62128 -0.603081 0.103239 0.790971 12.4482
0.778612 0.0280361 0.626879 -3.02726 0.0372816 0.99517 -0.0908129 -5.67164 -0.626397 0.0940791 0.773806 12.6015
0.801739 0.0210889 0.597302 -2.89955 0.0326365 0.996341 -0.0789847 -5.70014 -0.596782 0.082819 0.798118 12.814
0.807853 0.0401321 0.588016 -2.82514 0.0435466 0.990888 -0.127455 -5.70784 -0.587773 0.128571 0.798744 13.0389
0.80978 0.0538277 0.584259 -2.72081 0.0195216 0.99276 -0.11852 -5.76494 -0.586408 0.107381 0.802867 13.22
0.849548 0.0669732 0.523243 -2.60506 -0.012233 0.994142 -0.107385 -5.77393 -0.52737 0.0848278 0.845391 13.4332
0.875634 0.0606293 0.479154 -2.55238 -0.0118309 0.994484 -0.104216 -5.77384 -0.48283 0.0855859 0.871522 13.6484
0.901519 0.0683783 0.427303 -2.47416 -0.044338 0.996836 -0.0659729 -5.81065 -0.430462 0.04053 0.901698 13.8205
0.927335 0.045055 0.37151 -2.41732 -0.0236531 0.997798 -0.0619672 -5.82774 -0.373484 0.048677 0.926359 14.0313
0.945496 -0.0769095 0.316421 -2.35531 0.0888552 0.995768 -0.0234759 -5.79596 -0.313277 0.0503121 0.948328 14.1312
0.907183 -0.182965 0.378871 -2.29762 0.167153 0.98311 0.0745276 -5.74355 -0.386108 -0.00428083 0.922444 14.1609
0.850493 -0.261503 0.456375 -2.2656 0.233843 0.965177 0.11726 -5.70255 -0.471147 0.0069914 0.882027 14.178
0.789114 -0.331777 0.516936 -2.21655 0.291011 0.943069 0.161041 -5.64212 -0.540936 0.0233546 0.84074 14.1988
0.734083 -0.407663 0.543077 -2.16844 0.316417 0.912969 0.25762 -5.60304 -0.600835 -0.0172762 0.799187 14.1968
0.666642 -0.459406 0.586971 -2.12017 0.355371 0.888112 0.291494 -5.59185 -0.655209 0.0142703 0.755313 14.1812
0.5842 -0.519245 0.623775 -2.07213 0.281839 0.850526 0.44404 -5.57058 -0.761102 -0.0836043 0.643221 14.1882
0.578053 -0.544336 0.607909 -2.05409 0.218733 0.821087 0.52723 -5.54733 -0.786137 -0.171798 0.593696 14.2164
0.492688 -0.608102 0.622472 -2.03615 0.251054 0.784228 0.567414 -5.52119 -0.833205 -0.123284 0.539046 14.2472
0.481644 -0.701667 0.525055 -2.02845 0.278237 0.690563 0.667613 -5.46335 -0.831025 -0.175462 0.527835 14.2701
0.447096 -0.78956 0.420358 -2.01313 0.288562 0.572132 0.767722 -5.38011 -0.846662 -0.221946 0.483635 14.2766
0.420276 -0.85228 0.311428 -1.99591 0.318495 0.45993 0.82887 -5.2674 -0.849664 -0.249166 0.464744 14.302
0.422443 -0.851707 0.31006 -1.9586 0.379473 0.476851 0.792852 -5.17003 -0.82313 -0.217275 0.524642 14.3712
0.444249 -0.838155 0.316447 -1.80417 0.440074 0.511818 0.737819 -5.0452 -0.78037 -0.188515 0.596225 14.4622
0.500236 -0.784162 0.367225 -1.6859 0.460695 0.600122 0.653921 -5.01025 -0.73316 -0.157936 0.661463 14.5446
0.584244 -0.682963 0.43843 -1.55935 0.43299 0.719218 0.543365 -5.01243 -0.686425 -0.127623 0.715914 14.622
0.649623 -0.544476 0.5306 -1.4362 0.349762 0.833715 0.4273 -5.04256 -0.675024 -0.0920004 0.732037 14.6733
0.72359 -0.447298 0.525682 -1.3637 0.343296 0.893946 0.288112 -5.06407 -0.598803 -0.0280104 0.800406 14.7179
0.754322 -0.345483 0.558248 -1.28589 0.29355 0.938088 0.183901 -5.07741 -0.58722 0.0251534 0.809037 14.758
0.79042 -0.227277 0.568842 -1.1757 0.223853 0.971566 0.0771337 -5.08284 -0.570198 0.0663687 0.818822 14.8198
0.805237 -0.236391 0.543795 -1.04196 0.262883 0.964363 0.0299455 -5.05716 -0.531495 0.118841 0.838684 14.9171
0.776171 -0.252064 0.577946 -0.74148 0.289122 0.956852 0.0290332 -5.03169 -0.560327 0.144562 0.815558 15.0512
0.812593 -0.297869 0.500966 -0.575228 0.286665 0.952645 0.101447 -4.9923 -0.50746 0.0611746 0.859501 15.1744
0.782658 -0.385109 0.489018 -0.396967 0.33019 0.92285 0.198299 -4.8922 -0.527657 0.0062689 0.849435 15.2863
0.762944 -0.476127 0.437287 -0.251099 0.424714 0.879131 0.216209 -4.80268 -0.487376 0.0207665 0.872945 15.3727
0.747474 -0.478492 0.460791 -0.0687687 0.405822 0.878088 0.253515 -4.73147 -0.52592 -0.00249725 0.85053 15.4468
0.764332 -0.516015 0.386685 0.0288683 0.393879 0.848416 0.353625 -4.67497 -0.510545 -0.11798 0.851719 15.4891
0.724567 -0.62407 0.292471 0.145577 0.459938 0.753881 0.469169 -4.58732 -0.513282 -0.205426 0.833271 15.5674
0.655918 -0.705401 0.268667 0.219948 0.501222 0.673153 0.543729 -4.49468 -0.564401 -0.22198 0.795095 15.6154
0.594839 -0.778468 0.200383 0.290693 0.563563 0.581624 0.586609 -4.39047 -0.573204 -0.23601 0.784689 15.6516
0.556332 -0.822937 0.115193 0.404047 0.590702 0.489159 0.641712 -4.22833 -0.584436 -0.28896 0.758245 15.7094
0.512753 -0.851609 0.108843 0.544178 0.589138 0.441236 0.676925 -4.03874 -0.624501 -0.282972 0.72796 15.7979
0.451948 -0.891686 0.0252866 0.645568 0.610854 0.330018 0.719684 -3.88723 -0.650077 -0.309813 0.693841 15.8369
0.420469 -0.90666 -0.03426 0.723097 0.617779 0.258436 0.742671 -3.71731 -0.664496 -0.333436 0.668779 15.898
0.336784 -0.937629 -0.0861926 0.774878 0.628115 0.155524 0.76242 -3.54813 -0.701462 -0.31091 0.641316 15.9393
0.380634 -0.919369 -0.0993914 0.888875 0.624379 0.176235 0.760981 -3.25558 -0.682106 -0.351713 0.641115 16.0145
0.421527 -0.906524 -0.0229899 1.0051 0.603486 0.261514 0.75327 -3.01739 -0.676845 -0.331398 0.65731 16.0786
0.407901 -0.907111 -0.103758 1.08849 0.609147 0.185726 0.771003 -2.66248 -0.680115 -0.377697 0.628322 16.1509
0.392143 -0.907955 -0.147787 1.14491 0.584132 0.121665 0.802489 -2.34327 -0.710643 -0.401018 0.578075 16.1424
0.389004 -0.909571 -0.14614 1.20567 0.542227 0.0978181 0.834519 -1.93314 -0.744759 -0.403872 0.531246 16.1476
0.359117 -0.915994 -0.178856 1.25366 0.532899 0.0439227 0.845038 -1.50487 -0.766195 -0.39878 0.503906 16.1745
0.32184 -0.931354 -0.170287 1.23378 0.554754 0.0397513 0.831064 -1.11774 -0.767246 -0.361938 0.529466 16.1655
0.366696 -0.915466 -0.165701 1.243 0.557064 0.0734077 0.827219 -0.703975 -0.745127 -0.395643 0.536892 16.1684
0.337753 -0.915489 -0.218636 1.20175 0.578248 0.018541 0.815651 -0.449923 -0.742666 -0.401915 0.535642 16.1701
0.264069 -0.916193 -0.301427 1.12119 0.56306 -0.107302 0.819421 -0.192179 -0.783091 -0.386105 0.487536 16.1062
0.21222 -0.899433 -0.382078 1.01855 0.534166 -0.220634 0.81608 -0.0281401 -0.818309 -0.377282 0.433624 16.0545
0.156003 -0.874791 -0.458698 0.894473 0.507758 -0.327307 0.796901 0.105318 -0.847257 -0.357226 0.393122 16.006
0.0960786 -0.816398 -0.56944 0.751925 0.487201 -0.460302 0.74213 0.244121 -0.867988 -0.348735 0.353525 15.9185
0.0348365 -0.754325 -0.655576 0.622157 0.440963 -0.577066 0.687421 0.333912 -0.896849 -0.313032 0.312526 15.8472
0.0016734 -0.677363 -0.735647 0.487991 0.384879 -0.678542 0.625659 0.39185 -0.922965 -0.284182 0.259568 15.7759
-0.0354747 -0.585992 -0.80954 0.372211 0.342778 -0.768045 0.540935 0.425126 -0.938747 -0.258303 0.228111 15.7115
-0.0387092 -0.554671 -0.831169 0.161528 0.247087 -0.811275 0.529888 0.497141 -0.96822 -0.184859 0.168456 15.579
-0.0463868 -0.498094 -0.865882 -0.120692 0.205403 -0.853048 0.479707 0.575955 -0.977578 -0.155603 0.14188 15.4357
-0.0437421 -0.438478 -0.897677 -0.29365 0.15413 -0.890741 0.42758 0.612083 -0.987082 -0.119655 0.106545 15.3339
-0.0485305 -0.346654 -0.936737 -0.450974 0.107218 -0.934231 0.340172 0.580435 -0.99305 -0.083926 0.0825062 15.2505
-0.0401879 -0.311114 -0.949523 -0.681756 0.0444538 -0.949906 0.309358 0.450638 -0.998203 -0.0297774 0.0520049 15.1171
-0.0582041 -0.202844 -0.97748 -0.797689 -0.000520387 -0.979133 0.203218 0.333646 -0.998305 0.0123368 0.0568841 15.0713
-0.0233644 -0.106647 -0.994022 -0.885899 -0.0557014 -0.99261 0.107805 0.250687 -0.998174 0.0578873 0.0172513 15.0141
-0.00107619 0.0199543 -0.9998 -0.982504 -0.127903 -0.991592 -0.0196528 0.158881 -0.991786 0.127857 0.00361936 14.9475
0.0410115 0.127338 -0.991011 -1.03633 -0.183854 -0.973948 -0.132754 0.0818653 -0.982098 0.187646 -0.0165316 14.916
0.0649197 0.245033 -0.967339 -1.06216 -0.225168 -0.940786 -0.253418 -0.0061834 -0.972155 0.234265 -0.0059021 14.9081
0.124365 0.341895 -0.931472 -1.06649 -0.263986 -0.893526 -0.363213 -0.0724539 -0.956475 0.291066 -0.0208681 14.9045
0.178772 0.39033 -0.903152 -1.05239 -0.344384 -0.835047 -0.429064 -0.160034 -0.921651 0.387735 -0.0148597 14.9038
0.214275 0.477975 -0.851837 -1.03006 -0.398863 -0.753253 -0.52299 -0.297503 -0.891625 0.45183 0.0292434 14.9201
0.262896 0.555778 -0.788667 -1.00547 -0.426082 -0.666516 -0.611728 -0.37796 -0.865644 0.496857 0.0615826 14.9387
0.305327 0.63214 -0.712162 -0.999448 -0.436564 -0.571725 -0.694653 -0.452339 -0.846278 0.523001 0.101406 14.9458
0.350961 0.681588 -0.642078 -1.0026 -0.472822 -0.462867 -0.749795 -0.531669 -0.808248 0.566738 0.159822 14.939
0.341031 0.726872 -0.596117 -1.09541 -0.486127 -0.406395 -0.773643 -0.633018 -0.804598 0.553624 0.214759 14.8836
0.315958 0.670403 -0.671365 -1.17965 -0.440793 -0.522886 -0.729583 -0.697879 -0.840162 0.52645 0.130299 14.8067
0.253073 0.631437 -0.732967 -1.27026 -0.402508 -0.620222 -0.673284 -0.818121 -0.879739 0.465415 0.0971967 14.754
0.171837 0.580924 -0.795613 -1.36839 -0.397154 -0.698234 -0.595599 -0.895234 -0.901521 0.418327 0.110734 14.7529
0.125269 0.512929 -0.849242 -1.44136 -0.373672 -0.768557 -0.519315 -0.908236 -0.919063 0.382392 0.0953909 14.7297
0.0903106 0.40732 -0.908809 -1.52638 -0.33655 -0.846373 -0.41278 -0.910887 -0.937325 0.343138 0.060647 14.682
0.0471823 0.323591 -0.94502 -1.65459 -0.280288 -0.903776 -0.323462 -0.935549 -0.958756 0.280139 0.0480564 14.6
-0.013096 0.269385 -0.962944 -1.83858 -0.237761 -0.936244 -0.258682 -0.972391 -0.971235 0.225562 0.0763102 14.5381
-0.0615504 0.232502 -0.970646 -1.96124 -0.231553 -0.949285 -0.212702 -1.01603 -0.970873 0.211664 0.112265 14.4919
-0.0944428 0.142799 -0.985236 -2.0979 -0.185727 -0.974811 -0.123484 -1.08627 -0.978052 0.171323 0.118586 14.4079
-0.0789705 0.0712961 -0.994324 -2.27509 -0.105357 -0.99245 -0.0627942 -1.14073 -0.991294 0.0997997 0.0858857 14.3184
-0.0770498 0.057043 -0.995394 -2.55711 -0.0782683 -0.995627 -0.0509979 -1.13392 -0.99395 0.0739785 0.0811775 14.1645
-0.118849 0.00628121 -0.992893 -2.82363 -0.0878502 -0.996125 0.00421395 -1.12664 -0.989018 0.0877266 0.11894 14.0426
-0.137463 -0.120156 -0.983192 -2.89423 -0.081284 -0.987899 0.132096 -1.122 -0.987166 0.0980762 0.126033 13.9868
-0.0949728 -0.0975005 -0.990694 -2.979 -0.00487663 -0.995134 0.098405 -1.13558 -0.995468 0.014177 0.0940352 13.9542
-0.0981637 -0.11945 -0.987976 -3.05138 -0.0301637 -0.991957 0.122928 -1.15954 -0.994713 0.0418681 0.0937711 13.9197
-0.015933 -0.115283 -0.993205 -3.19264 -0.0359929 -0.992621 0.115793 -1.14052 -0.999225 0.0375932 0.0116661 13.7888
-0.05928 -0.110354 -0.992123 -3.43723 -0.0174324 -0.993605 0.11156 -1.05805 -0.998089 0.0239084 0.0569772 13.6595
-0.000100908 -0.140954 -0.990016 -3.54861 -0.0313073 -0.98953 0.140888 -0.993088 -0.99951 0.0310089 -0.00431302 13.5669
-0.00319912 -0.237953 -0.971271 -3.71973 0.0323141 -0.970794 0.237729 -0.929728 -0.999473 -0.0306253 0.0107949 13.4873
-0.0313082 -0.255885 -0.9662 -3.92295 0.0875482 -0.963661 0.252376 -0.880543 -0.995668 -0.0766877 0.0525728 13.4333
-0.0577054 -0.234286 -0.970454 -4.19072 0.0381837 -0.97188 0.23236 -0.727014 -0.997603 -0.0236471 0.0650286 13.2809
-0.0374227 -0.229148 -0.972672 -4.45012 0.0607553 -0.972075 0.226669 -0.591816 -0.997451 -0.0506125 0.0502996 13.146
-0.0805635 -0.305875 -0.948657 -4.63433 0.0127395 -0.951989 0.305868 -0.535762 -0.996668 0.0125564 0.0805923 13.0524
-0.0979171 -0.266727 -0.958785 -4.8099 0.00201182 -0.963466 0.267824 -0.485274 -0.995193 0.0242956 0.0948764 12.9759
-0.0400155 -0.322731 -0.945644 -4.98529 0.0474695 -0.945948 0.320826 -0.318762 -0.998071 -0.0320513 0.0531724 12.8266
-0.0261976 -0.272847 -0.961701 -5.14897 0.0117519 -0.962048 0.272626 -0.224359 -0.999588 -0.00415964 0.0284099 12.7454
0.00565635 -0.294959 -0.955493 -5.30535 0.0829009 -0.952081 0.294396 -0.151725 -0.996542 -0.0808764 0.019067 12.636
-0.0169576 -0.335746 -0.9418 -5.4038 0.139901 -0.933466 0.330256 -0.124461 -0.99002 -0.126158 0.0628004 12.6023
-0.0700764 -0.335354 -0.939482 -5.53335 0.103535 -0.939156 0.327515 -0.107681 -0.992154 -0.0743186 0.100534 12.5636
-0.0204901 -0.295463 -0.955134 -5.66036 0.14575 -0.946012 0.289515 -0.076286 -0.989109 -0.133278 0.0624476 12.4645
-0.0499923 -0.227357 -0.972527 -5.89517 0.109702 -0.969103 0.220918 0.0110221 -0.992707 -0.0956438 0.0733892 12.3423
-0.0911997 -0.287793 -0.95334 -6.04287 0.118122 -0.953698 0.276601 0.0922879 -0.988802 -0.0873847 0.120972 12.2805
-0.0640877 -0.406048 -0.911602 -6.15696 0.183743 -0.902664 0.389149 0.182175 -0.980883 -0.142561 0.132458 12.2046
-0.0360482 -0.503999 -0.862952 -6.24176 0.256742 -0.839201 0.479402 0.244666 -0.965808 -0.204274 0.159649 12.1805
-0.0363237 -0.599463 -0.799578 -6.29924 0.326043 -0.763434 0.557553 0.314369 -0.944657 -0.240444 0.223181 12.168
0.0257117 -0.673284 -0.738937 -6.31609 0.382941 -0.676163 0.629412 0.384778 -0.923415 -0.299152 0.240443 12.1642
0.0633148 -0.735424 -0.674643 -6.32035 0.442813 -0.585111 0.679383 0.471409 -0.894376 -0.341756 0.288609 12.1678
0.0830541 -0.786353 -0.612169 -6.31613 0.510203 -0.494125 0.703941 0.608118 -0.856035 -0.370796 0.36016 12.1772
0.10228 -0.825567 -0.554958 -6.30518 0.584612 -0.401488 0.705008 0.769548 -0.80484 -0.396543 0.441573 12.2281
0.197741 -0.844853 -0.497114 -6.25424 0.612937 -0.289196 0.735306 0.875656 -0.764988 -0.4501 0.460655 12.2653
0.286138 -0.882376 -0.373548 -6.20276 0.615849 -0.129306 0.777181 0.935877 -0.734067 -0.45243 0.506411 12.2848
0.353616 -0.891605 -0.282837 -6.16837 0.605004 -0.0125996 0.796123 0.977547 -0.713391 -0.452639 0.534969 12.2963
0.44415 -0.884296 -0.144049 -6.0987 0.582243 0.162681 0.796573 1.03433 -0.680973 -0.43767 0.58713 12.3252
0.544515 -0.836083 -0.066848 -6.04818 0.543508 0.291019 0.787342 1.05518 -0.638829 -0.465052 0.612882 12.3436
0.556186 -0.824679 0.102768 -5.99465 0.505384 0.433799 0.745926 1.0637 -0.65973 -0.362936 0.658053 12.3651
0.621282 -0.753936 0.213514 -5.94569 0.478896 0.581007 0.658096 1.06405 -0.620215 -0.306612 0.722026 12.3888
0.674038 -0.668248 0.314829 -5.90016 0.42354 0.698793 0.576456 1.05991 -0.605216 -0.25521 0.754043 12.4043
0.715518 -0.585937 0.380409 -5.85302 0.363879 0.777427 0.513029 1.05273 -0.596343 -0.228659 0.769474 12.4183
0.755063 -0.472356 0.454708 -5.77825 0.288814 0.86223 0.416107 1.03872 -0.588614 -0.182861 0.787462 12.4376
0.787257 -0.365783 0.496417 -5.6609 0.234046 0.922065 0.308252 1.02955 -0.570482 -0.126489 0.811511 12.4776
0.806909 -0.254253 0.533154 -5.51193 0.18515 0.966 0.180453 1.03583 -0.560907 -0.046896 0.826549 12.5531
0.79723 -0.164703 0.580774 -5.34119 0.131612 0.98634 0.0990537 1.08332 -0.589155 -0.00253148 0.808016 12.6214
0.826702 -0.0792396 0.557032 -5.17871 0.0980132 0.995177 -0.00389592 1.17518 -0.554037 0.0578173 0.830482 12.7405
0.821483 -0.0346228 0.569181 -5.05737 0.0827538 0.994827 -0.0589217 1.22481 -0.564196 0.0955051 0.820099 12.7973
0.808225 0.00815899 0.588817 -4.74403 0.0238694 0.998628 -0.0466013 1.24782 -0.58839 0.0517191 0.806922 12.9319
0.819938 0.0152648 0.572249 -4.5576 0.0383344 0.995936 -0.0814936 1.25506 -0.571167 0.0887565 0.816021 13.04
0.83727 0.0761375 0.541463 -4.34335 -0.000812702 0.99043 -0.138012 1.27415 -0.546789 0.115113 0.829319 13.1716
0.829795 0.096116 0.549728 -4.18487 0.0057435 0.983534 -0.180633 1.27255 -0.558038 0.153046 0.81558 13.2514
0.804819 0.0919242 0.586359 -3.92853 -0.0154533 0.990844 -0.134125 1.2376 -0.59332 0.0988852 0.79887 13.3566
0.822791 0.0612081 0.565039 -3.72097 0.00688625 0.993037 -0.117599 1.20278 -0.568303 0.10065 0.81664 13.4842
0.803299 0.0973313 0.587569 -3.4483 -0.00148051 0.986879 -0.161453 1.18866 -0.595574 0.128825 0.792903 13.6159
0.840466 0.0855584 0.535067 -3.38015 0.0227306 0.98102 -0.192572 1.18815 -0.541387 0.174012 0.822569 13.6866
0.829479 0.0981493 0.549847 -3.16917 0.00630973 0.98273 -0.184939 1.17081 -0.558503 0.156872 0.814534 13.7798
0.852618 0.0674553 0.518163 -2.93804 0.0096137 0.98944 -0.144626 1.15089 -0.522446 0.128292 0.842966 13.9232
0.819421 0.0607361 0.569966 -2.72795 0.022173 0.990267 -0.137401 1.14757 -0.572764 0.125227 0.810099 14.0089
0.824181 0.0617598 0.562949 -2.51777 0.0257628 0.988918 -0.146209 1.18871 -0.565741 0.135006 0.813456 14.1329
0.819831 0.063168 0.569111 -2.42293 0.0112044 0.991936 -0.12624 1.22023 -0.572496 0.109872 0.812513 14.1903
0.823988 0.0255619 0.56603 -2.23878 0.0549135 0.990676 -0.124678 1.24364 -0.56394 0.133816 0.814902 14.2701
0.832929 0.00342819 0.553369 -1.98276 0.0578066 0.993971 -0.093168 1.25631 -0.550352 0.109591 0.827709 14.4343
0.810773 0.00434688 0.585345 -1.71754 0.0559365 0.994821 -0.0848664 1.28081 -0.582683 0.10155 0.80633 14.5352
0.84029 0.0531454 0.539526 -1.57496 0.033386 0.988222 -0.149341 1.27594 -0.541108 0.143502 0.828619 14.6564
0.836638 0.0619073 0.544247 -1.31447 0.0210272 0.989231 -0.144847 1.23718 -0.547353 0.132629 0.826326 14.7803
0.849392 0.0146816 0.527559 -1.07697 0.0489535 0.993112 -0.106455 1.17392 -0.525488 0.116248 0.842822 14.9332
0.842359 0.0656173 0.534907 -0.810182 0.0311892 0.98496 -0.169942 1.1184 -0.538013 0.159835 0.827644 15.0479
0.858966 0.130502 0.495124 -0.681314 -0.0170449 0.973727 -0.227079 1.08613 -0.511749 0.186613 0.838623 15.1488
0.860784 0.19101 0.471769 -0.532433 -0.0610296 0.958956 -0.276909 1.02921 -0.505298 0.209567 0.837112 15.2363
0.871436 0.205821 0.445239 -0.284949 -0.0689416 0.95009 -0.304264 0.894472 -0.48564 0.234451 0.842132 15.3717
0.862727 0.266745 0.429592 -0.0553825 -0.115559 0.931071 -0.346054 0.764522 -0.492288 0.248907 0.834085 15.4945
0.843187 0.354419 0.404257 0.113793 -0.171343 0.889881 -0.422792 0.682181 -0.509586 0.287227 0.811063 15.5715
0.832737 0.406765 0.375621 0.239547 -0.19429 0.849965 -0.489705 0.583174 -0.518459 0.334816 0.786828 15.6532
0.828308 0.459839 0.320084 0.493726 -0.227385 0.79804 -0.558057 0.323305 -0.512057 0.389461 0.765584 15.7858
0.803352 0.536946 0.257516 0.574326 -0.309114 0.74561 -0.590351 0.161151 -0.508993 0.394658 0.764965 15.8483
0.7806 0.600242 0.174278 0.659066 -0.350937 0.651634 -0.67247 -0.0456863 -0.51721 0.46377 0.719313 15.8776
0.751378 0.651115 0.107144 0.72628 -0.385404 0.564824 -0.729683 -0.258277 -0.535625 0.506974 0.675339 15.9177
0.695439 0.718477 0.01246 0.766872 -0.434475 0.434228 -0.789099 -0.468673 -0.57236 0.543357 0.614139 15.9409
0.64238 0.762815 -0.0739004 0.802734 -0.487961 0.332745 -0.806954 -0.712757 -0.590966 0.554432 0.585973 15.9519
0.573577 0.811648 -0.110622 0.833096 -0.480979 0.224387 -0.847532 -0.95372 -0.663075 0.539331 0.519089 15.9728
0.525646 0.831322 -0.180556 0.906956 -0.483947 0.117663 -0.867151 -1.3698 -0.699637 0.543194 0.464164 15.995
0.485544 0.833439 -0.263868 0.922863 -0.484972 0.00566306 -0.874511 -1.60927 -0.727357 0.552583 0.406945 16.0028
0.442916 0.844512 -0.301041 0.972441 -0.470221 -0.0670757 -0.879996 -2.06747 -0.763359 0.53132 0.367398 16.0083
0.450778 0.831763 -0.323989 1.00675 -0.46184 -0.0932777 -0.882045 -2.44355 -0.763873 0.547238 0.342094 16.0112
0.426578 0.822874 -0.37538 0.99052 -0.456173 -0.162636 -0.874904 -2.8225 -0.780985 0.544452 0.305996 16.032
0.424241 0.84647 -0.321726 0.987474 -0.457484 -0.106266 -0.882845 -3.14504 -0.78149 0.521724 0.342165 16.0369
0.40811 0.849941 -0.333236 0.995854 -0.532726 -0.0747137 -0.842984 -3.65906 -0.741384 0.521553 0.422294 16.0766
0.434712 0.837969 -0.3299 0.981763 -0.540402 -0.0503169 -0.839901 -3.98 -0.720411 0.543393 0.430967 16.1158
0.419426 0.845136 -0.331401 0.986095 -0.591945 -0.0221552 -0.805674 -4.23512 -0.688246 0.534091 0.490982 16.1202
0.456481 0.83828 -0.29818 0.992904 -0.556008 0.00712954 -0.831146 -4.4844 -0.694607 0.545193 0.469345 16.1103
0.421594 0.842491 -0.335362 0.988184 -0.552777 -0.0543902 -0.831552 -4.84973 -0.718815 0.535958 0.442779 16.077
0.449597 0.809252 -0.37812 0.965513 -0.515861 -0.110346 -0.849536 -5.05958 -0.729212 0.577006 0.36785 16.0717
0.424531 0.819988 -0.383918 0.945504 -0.579047 -0.0800851 -0.811351 -5.32336 -0.696044 0.56675 0.440814 16.0711
0.4325 0.843287 -0.319079 0.943137 -0.616296 0.0181858 -0.787304 -5.51832 -0.658121 0.537156 0.52758 16.0796
0.477749 0.83867 -0.261512 0.950441 -0.580923 0.0782937 -0.810185 -5.70717 -0.659003 0.538983 0.524607 16.0719
0.4337 0.859491 -0.270519 0.919985 -0.583116 0.0388387 -0.81146 -6.2188 -0.686936 0.509674 0.518027 16.0552
0.424975 0.857251 -0.290718 0.865284 -0.528953 -0.0254474 -0.848269 -6.67014 -0.734578 0.51427 0.442631 15.997
0.431508 0.84439 -0.317501 0.83595 -0.560559 -0.0247792 -0.827743 -6.90987 -0.706805 0.535156 0.462638 15.997
0.428101 0.860951 -0.274761 0.812799 -0.55233 0.00861586 -0.833581 -7.346 -0.715305 0.508616 0.479218 15.9922
0.423406 0.859174 -0.287311 0.750372 -0.542958 -0.0132116 -0.839656 -7.84019 -0.725206 0.511513 0.460901 15.9378
0.419704 0.863741 -0.278926 0.716265 -0.554278 0.000548513 -0.832332 -8.14325 -0.718766 0.503936 0.478983 15.9224
0.408297 0.851586 -0.328778 0.676863 -0.547782 -0.0595437 -0.834499 -8.55601 -0.730225 0.520822 0.442172 15.9036
0.395761 0.852398 -0.341746 0.626495 -0.565584 -0.0669507 -0.821969 -9.09121 -0.723525 0.518589 0.455606 15.8701
0.382098 0.858658 -0.341625 0.593741 -0.615127 -0.03956 -0.787435 -9.52183 -0.689652 0.51102 0.513068 15.8948
0.374006 0.84892 -0.373436 0.550337 -0.62939 -0.06341 -0.774498 -9.84451 -0.681166 0.524704 0.510586 15.8942
0.393679 0.833149 -0.388433 0.495941 -0.617615 -0.0732464 -0.783063 -10.2908 -0.680859 0.548177 0.485729 15.8233
0.409541 0.838578 -0.359255 0.479836 -0.59974 -0.0492622 -0.798677 -10.4809 -0.68745 0.54255 0.482754 15.8168
0.37946 0.851484 -0.361919 0.456318 -0.631748 -0.0473336 -0.773727 -10.8454 -0.675947 0.52224 0.519962 15.8016
0.368361 0.864967 -0.340796 0.41348 -0.609785 -0.0519125 -0.790865 -11.3338 -0.701764 0.499136 0.508322 15.7703
0.37029 0.863219 -0.34313 0.377229 -0.598393 -0.0608687 -0.798887 -11.6506 -0.710501 0.501146 0.494005 15.7565
0.418302 0.833618 -0.360699 0.368258 -0.563772 -0.0730758 -0.822691 -12.2576 -0.712169 0.547486 0.439403 15.7383
0.421158 0.856955 -0.297076 0.341178 -0.54166 -0.0250722 -0.840223 -12.7872 -0.727482 0.514782 0.453619 15.707
0.43662 0.848856 -0.298004 0.323999 -0.551509 -0.00915488 -0.834119 -13.037 -0.710775 0.528545 0.464154 15.708
0.450642 0.85306 -0.263078 0.321297 -0.529505 0.0181668 -0.848112 -13.3643 -0.718711 0.521496 0.459886 15.6945
0.434004 0.844355 -0.314173 0.253609 -0.570461 -0.0123488 -0.821232 -13.8791 -0.697291 0.535642 0.476312 15.6541
0.423084 0.854371 -0.301745 0.219384 -0.590987 0.00776766 -0.806644 -14.1376 -0.686829 0.519605 0.508209 15.6538
0.426536 0.838431 -0.339265 0.163881 -0.581758 -0.0328932 -0.812697 -14.724 -0.69255 0.544014 0.473734 15.6298
0.395916 0.856016 -0.332397 0.142638 -0.599145 -0.0335114 -0.799939 -15.1013 -0.695899 0.515863 0.49961 15.5953
0.414921 0.852956 -0.316712 0.116937 -0.579679 -0.0204797 -0.814588 -15.4471 -0.701294 0.521581 0.485943 15.5883
0.420581 0.852158 -0.311351 0.127926 -0.581838 -0.0099681 -0.813244 -15.788 -0.696115 0.52319 0.491625 15.5767
0.423055 0.845329 -0.326257 0.0956429 -0.569674 -0.0318644 -0.821253 -16.2455 -0.704625 0.533295 0.468082 15.5633
0.399913 0.856112 -0.327325 0.0701619 -0.571609 -0.0462071 -0.819224 -16.6425 -0.716473 0.51472 0.470883 15.5578
0.409681 0.857319 -0.311713 0.0659844 -0.549264 -0.0409951 -0.834643 -17.0677 -0.728334 0.51315 0.4541 15.5358
0.428446 0.822666 -0.373703 0.0435533 -0.557026 -0.0851697 -0.826116 -17.4618 -0.711446 0.562109 0.421756 15.5397
0.419274 0.833656 -0.359482 0.018505 -0.57252 -0.064511 -0.817349 -17.8127 -0.704578 0.548504 0.450237 15.5308
0.412666 0.853451 -0.318319 0.00264913 -0.552643 -0.0432114 -0.832297 -18.2862 -0.72408 0.519378 0.453822 15.5037
0.419381 0.834345 -0.357753 -0.0793569 -0.54396 -0.0845463 -0.834841 -18.7463 -0.726793 0.54472 0.418393 15.472
0.386685 0.862196 -0.32725 -0.124749 -0.565237 -0.0588064 -0.82283 -19.0648 -0.728685 0.50315 0.464606 15.4485
0.412474 0.862953 -0.291851 -0.163462 -0.537246 -0.0282932 -0.842951 -19.5103 -0.735685 0.504491 0.451948 15.4159
0.410561 0.857472 -0.310131 -0.220916 -0.556942 -0.0334838 -0.829876 -19.9923 -0.72198 0.51344 0.463815 15.3893
0.423736 0.854212 -0.301281 -0.253667 -0.565065 -0.0106673 -0.824978 -20.3433 -0.707919 0.519816 0.478165 15.38
0.410624 0.864254 -0.290608 -0.2659 -0.541208 -0.025483 -0.840502 -20.7532 -0.733813 0.50241 0.457277 15.3593
0.402952 0.850464 -0.338144 -0.30554 -0.539211 -0.0779303 -0.838558 -21.0763 -0.739514 0.520229 0.427177 15.3585
0.406085 0.866436 -0.29049 -0.342414 -0.569063 -0.00896287 -0.822245 -21.5276 -0.715026 0.499208 0.489417 15.3449
0.411708 0.853151 -0.320358 -0.392349 -0.591281 -0.0174206 -0.806278 -22.0054 -0.693458 0.521373 0.49728 15.3322
0.38772 0.842611 -0.373738 -0.447768 -0.618287 -0.062986 -0.783424 -22.3326 -0.683662 0.534827 0.496555 15.3338
0.40525 0.845617 -0.347426 -0.471796 -0.630479 -0.0166864 -0.776027 -22.6776 -0.662019 0.53353 0.526381 15.3069
0.423069 0.85236 -0.307401 -0.479765 -0.622872 0.0271899 -0.781852 -22.9949 -0.658061 0.522248 0.542414 15.3085
0.427254 0.851916 -0.30281 -0.502859 -0.582532 0.00324516 -0.812801 -23.4641 -0.691455 0.523669 0.497655 15.2942
0.449737 0.838741 -0.307001 -0.546773 -0.551781 -0.00937454 -0.833936 -23.8717 -0.702335 0.54445 0.458586 15.2357
0.444792 0.855314 -0.265704 -0.569533 -0.531954 0.0136172 -0.846664 -24.195 -0.720545 0.517931 0.461044 15.2374
0.418564 0.846863 -0.328065 -0.610006 -0.563714 -0.0409606 -0.824954 -24.6454 -0.712061 0.530231 0.460244 15.2383
0.424973 0.845023 -0.324552 -0.637174 -0.562086 -0.0346995 -0.826351 -25.2371 -0.709547 0.533603 0.460229 15.2166
0.439467 0.84282 -0.310682 -0.637182 -0.541432 -0.0274354 -0.840297 -25.6934 -0.716742 0.537496 0.444273 15.2029
0.443938 0.833168 -0.329772 -0.664515 -0.525516 -0.0560022 -0.848938 -25.9848 -0.725776 0.550177 0.412982 15.2062
0.434742 0.860506 -0.265574 -0.66485 -0.538487 0.0120217 -0.842548 -26.2465 -0.721824 0.509299 0.468598 15.188
0.430968 0.855447 -0.287189 -0.696653 -0.542818 -0.00847069 -0.839808 -26.5768 -0.720844 0.517821 0.460701 15.1962
0.42667 0.847789 -0.31497 -0.722621 -0.555267 -0.0293385 -0.831154 -27.0603 -0.713885 0.529521 0.458232 15.1858
0.430108 0.829887 -0.355379 -0.769231 -0.553026 -0.06894 -0.830307 -27.3741 -0.713561 0.553656 0.429298 15.1519
0.44436 0.839339 -0.313137 -0.837154 -0.533562 -0.0328188 -0.845124 -27.8223 -0.719622 0.542617 0.433256 15.1276
0.399221 0.847997 -0.348604 -0.901169 -0.601218 -0.0449342 -0.79782 -28.3572 -0.692213 0.528094 0.491892 15.1281
0.432734 0.848349 -0.305033 -0.923996 -0.563311 -0.00972609 -0.826188 -28.7456 -0.703863 0.529348 0.473675 15.0859
0.475304 0.823593 -0.309484 -0.946067 -0.557448 0.00975845 -0.830155 -29.0797 -0.68069 0.567097 0.463748 15.0917
0.408143 0.877153 -0.253027 -0.934061 -0.589019 0.0412634 -0.807065 -29.34 -0.697479 0.478436 0.533501 15.086
0.419945 0.846839 -0.32636 -0.964261 -0.610774 -0.00226829 -0.791801 -29.5331 -0.671268 0.531845 0.516275 15.098
0.424219 0.846031 -0.322908 -0.978507 -0.579974 -0.0200188 -0.814389 -29.8436 -0.695463 0.532757 0.482183 15.0595
0.424718 0.855263 -0.296883 -1.00708 -0.598229 0.0189955 -0.8011 -30.1826 -0.679511 0.517846 0.519711 15.0628
0.428106 0.858753 -0.281548 -1.02484 -0.589478 0.0292029 -0.807256 -30.6573 -0.685011 0.511558 0.518718 15.0477
0.396483 0.862277 -0.315087 -1.07146 -0.623334 0.000879051 -0.781955 -31.0338 -0.673984 0.506437 0.537835 15.0339
0.419367 0.854622 -0.30619 -1.10295 -0.609265 0.0149198 -0.792826 -31.3759 -0.672999 0.519036 0.526949 15.0198
0.421639 0.860913 -0.284691 -1.11961 -0.625783 0.0490591 -0.778453 -31.7723 -0.656214 0.506381 0.55943 15.0149
0.406361 0.852486 -0.328845 -1.18349 -0.610735 -0.0142757 -0.791706 -32.2256 -0.679613 0.522556 0.514842 15.0121
0.402546 0.848419 -0.343719 -1.25044 -0.664677 0.0127256 -0.747022 -32.6787 -0.629414 0.529173 0.569047 15.0048
0.40553 0.853196 -0.328027 -1.28777 -0.675649 0.0380792 -0.73624 -33.2062 -0.615666 0.520198 0.591903 15.0006
0.364897 0.860411 -0.35573 -1.35067 -0.681637 -0.0133814 -0.731568 -33.5776 -0.634209 0.509426 0.581605 14.9626
0.403533 0.857136 -0.320123 -1.39172 -0.66288 0.032712 -0.748011 -34.0302 -0.630675 0.51405 0.581379 14.9455
0.372253 0.864206 -0.338491 -1.41266 -0.660259 -0.00973685 -0.750975 -34.5748 -0.652293 0.503044 0.566976 14.9418
0.381349 0.858441 -0.343005 -1.41863 -0.657329 -0.00908538 -0.753549 -35.1227 -0.649994 0.512832 0.560813 14.9354
0.391666 0.8668 -0.308634 -1.39279 -0.672123 0.0404522 -0.739334 -35.5922 -0.62837 0.497012 0.59844 14.9538
0.420193 0.854335 -0.305859 -1.40307 -0.658492 0.055162 -0.750563 -35.9184 -0.624361 0.516787 0.585752 14.9732
0.390364 0.868897 -0.304359 -1.40409 -0.676996 0.0468698 -0.734493 -36.3902 -0.623934 0.492769 0.606536 14.9761
0.407381 0.867461 -0.285573 -1.37804 -0.644657 0.0516531 -0.762725 -36.7254 -0.646883 0.494817 0.580257 14.9819
0.363375 0.854627 -0.370905 -1.39072 -0.638148 -0.0617327 -0.767435 -37.1228 -0.678768 0.515559 0.522947 15.0015
0.395926 0.849766 -0.348054 -1.37833 -0.623998 -0.0291053 -0.780884 -37.4517 -0.673698 0.526357 0.518728 14.9749
0.387699 0.851013 -0.354213 -1.38851 -0.628223 -0.0372634 -0.77714 -37.7778 -0.674556 0.523821 0.520179 14.9949
0.379293 0.865826 -0.326315 -1.39188 -0.624847 -0.0204223 -0.78048 -38.1812 -0.682424 0.499928 0.533263 15.0005
0.346128 0.849794 -0.39755 -1.4498 -0.655135 -0.0843897 -0.750784 -38.4922 -0.671561 0.520316 0.52752 14.9961
0.297718 0.866305 -0.401098 -1.5004 -0.695615 -0.0908945 -0.712642 -38.8893 -0.653822 0.491176 0.575554 14.9793
0.356443 0.852473 -0.38241 -1.51454 -0.690869 -0.0350674 -0.722129 -39.1426 -0.629006 0.521593 0.576448 14.9675
0.306246 0.853298 -0.422014 -1.57691 -0.690458 -0.106085 -0.715551 -39.5496 -0.655348 0.510518 0.556678 14.9592
0.356733 0.848783 -0.390269 -1.64375 -0.66737 -0.0607937 -0.742241 -39.9458 -0.653727 0.525235 0.544765 14.8976
0.370672 0.867258 -0.332363 -1.67513 -0.670927 0.0025837 -0.741519 -40.1915 -0.64223 0.497851 0.582825 14.9027
0.399852 0.876947 -0.266613 -1.68378 -0.659959 0.0735988 -0.747688 -40.3827 -0.63606 0.474918 0.608178 14.8928
0.42786 0.850269 -0.30656 -1.74509 -0.657394 0.0599793 -0.751156 -40.7155 -0.620297 0.52292 0.584625 14.879
0.399431 0.856529 -0.326822 -1.78356 -0.664965 0.0252797 -0.746446 -40.971 -0.631091 0.515479 0.57966 14.8608
0.415771 0.866307 -0.276853 -1.83994 -0.63142 0.0558703 -0.773426 -41.426 -0.654556 0.496378 0.570233 14.8261
0.417459 0.870949 -0.259183 -1.86522 -0.656634 0.0919663 -0.748581 -41.6759 -0.62814 0.48269 0.610287 14.814
0.381992 0.861491 -0.334538 -1.94366 -0.660438 0.0012584 -0.750879 -41.9886 -0.646455 0.507771 0.569442 14.7985
0.38458 0.858552 -0.339096 -2.03206 -0.635608 -0.0200976 -0.77175 -42.4124 -0.669403 0.512332 0.537974 14.7462
0.40055 0.85502 -0.329395 -2.09187 -0.620198 -0.011629 -0.784359 -42.6303 -0.674473 0.518465 0.525624 14.7215
0.416617 0.854313 -0.310772 -2.13014 -0.62807 0.0233456 -0.777806 -42.8448 -0.657235 0.519234 0.546295 14.6945
0.374846 0.842596 -0.386682 -2.20406 -0.652131 -0.0568164 -0.755974 -43.0682 -0.65895 0.535541 0.528185 14.6826
0.305988 0.781519 -0.543691 -2.30237 -0.67269 -0.226635 -0.704361 -43.2022 -0.673691 0.581261 0.456372 14.6447
0.228785 0.755389 -0.61404 -2.37526 -0.676689 -0.330047 -0.65815 -43.2763 -0.699821 0.566089 0.435654 14.5919
0.179131 0.688471 -0.702794 -2.46267 -0.652641 -0.451384 -0.608533 -43.3413 -0.736188 0.567679 0.368467 14.5285
0.114154 0.584904 -0.80303 -2.56335 -0.590762 -0.609907 -0.528218 -43.3889 -0.79873 0.534697 0.275916 14.4737
0.054351 0.497102 -0.865988 -2.65811 -0.508989 -0.732343 -0.452331 -43.4029 -0.859055 0.465363 0.213216 14.4237
-0.0370652 0.338582 -0.940206 -2.75449 -0.429555 -0.854894 -0.290926 -43.4033 -0.90228 0.393087 0.177127 14.373
-0.0929085 0.188094 -0.977747 -2.83759 -0.351779 -0.924864 -0.144494 -43.3973 -0.931461 0.330526 0.152095 14.3241
-0.115067 0.0913891 -0.989145 -2.91235 -0.270559 -0.960996 -0.0573143 -43.3988 -0.955802 0.261027 0.135305 14.2832
-0.158146 -0.0371441 -0.986717 -3.02173 -0.170724 -0.983214 0.0643751 -43.3917 -0.972545 0.178637 0.14915 14.2382
-0.12117 -0.128444 -0.984286 -3.13581 -0.102609 -0.98466 0.141125 -43.3933 -0.987314 0.118097 0.106132 14.1576
-0.100065 -0.0905382 -0.990853 -3.39186 -0.0715327 -0.99262 0.0979236 -43.4394 -0.992406 0.0806771 0.0928503 14.0151
-0.137242 -0.031102 -0.990049 -3.65223 -0.0856866 -0.995387 0.0431478 -43.4936 -0.986824 0.0907557 0.133944 13.8886
-0.119807 -0.0548263 -0.991282 -3.99161 -0.0919189 -0.993573 0.0660623 -43.5342 -0.988533 0.0990323 0.113997 13.7206
-0.14744 -0.0345793 -0.988466 -4.29785 -0.0481354 -0.997954 0.0420911 -43.5357 -0.987899 0.0537862 0.145474 13.5594
-0.144548 0.0113833 -0.989432 -4.62274 -0.0855902 -0.99633 0.00104142 -43.5505 -0.985789 0.0848362 0.144992 13.4158
-0.156509 -0.0063793 -0.987656 -4.93993 -0.086601 -0.996039 0.0201567 -43.5723 -0.983872 0.0886867 0.155337 13.2449
-0.161273 -0.046892 -0.985795 -5.3114 -0.0630237 -0.996342 0.0577042 -43.5722 -0.984895 0.0714346 0.157728 13.04
-0.162845 -0.042479 -0.985737 -5.76423 -0.059739 -0.996815 0.0528254 -43.5899 -0.984842 0.0674892 0.159789 12.8142
-0.155056 -0.129343 -0.979402 -6.08096 -0.0227064 -0.990664 0.134425 -43.5848 -0.987645 0.0430821 0.150671 12.6706
-0.170847 -0.130829 -0.976573 -6.37187 -0.0281926 -0.99009 0.137572 -43.5617 -0.984894 0.0510359 0.165465 12.5015
-0.204003 -0.133621 -0.969808 -6.62722 -0.010878 -0.990271 0.138729 -43.5366 -0.97891 0.0388507 0.200565 12.3928
-0.200977 -0.112417 -0.973124 -6.82523 -0.0188053 -0.992768 0.11857 -43.5304 -0.979415 0.0421298 0.19741 12.2809
-0.155284 -0.18828 -0.969762 -7.13956 0.0184979 -0.982051 0.187704 -43.4911 -0.987697 0.0112089 0.15598 12.1292
-0.153743 -0.182693 -0.971075 -7.47604 0.0348054 -0.98315 0.179455 -43.4174 -0.987498 -0.00620882 0.157511 11.9397
-0.154264 -0.178161 -0.971834 -7.66081 0.0111099 -0.983859 0.178602 -43.3839 -0.987967 0.0167548 0.153753 11.86
-0.159879 -0.183652 -0.969902 -8.01485 0.0257092 -0.982983 0.181891 -43.3371 -0.986802 0.00414516 0.16188 11.687
-0.217098 -0.153459 -0.964012 -8.26129 -0.0365559 -0.985595 0.165127 -43.2984 -0.975465 0.071089 0.208361 11.5517
-0.21365 -0.0415826 -0.976025 -8.3741 -0.0684111 -0.996004 0.0574089 -43.3223 -0.974512 0.0790363 0.209952 11.5031
-0.179499 0.0437529 -0.982785 -8.42522 -0.150936 -0.988407 -0.0164356 -43.3597 -0.97211 0.145388 0.184022 11.4763
-0.186742 0.169786 -0.967626 -8.49469 -0.224838 -0.966196 -0.126144 -43.4188 -0.956334 0.194003 0.218604 11.4463
-0.176287 0.251207 -0.951745 -8.56018 -0.337586 -0.923676 -0.181269 -43.4768 -0.92464 0.28934 0.247636 11.4295
-0.130523 0.371064 -0.919389 -8.59256 -0.441687 -0.851978 -0.281152 -43.5517 -0.887624 0.369386 0.275097 11.4182
-0.0427446 0.477364 -0.877665 -8.59102 -0.518757 -0.761373 -0.388848 -43.6164 -0.853852 0.438674 0.280181 11.4112
0.0613916 0.611132 -0.789144 -8.57705 -0.572238 -0.626242 -0.529495 -43.681 -0.817787 0.484084 0.311267 11.4083
0.165853 0.715515 -0.678625 -8.551 -0.615939 -0.462256 -0.637917 -43.739 -0.770137 0.523792 0.364047 11.4184
0.232468 0.756673 -0.611069 -8.53659 -0.642079 -0.35252 -0.680782 -43.7612 -0.730543 0.550614 0.403894 11.4272
0.330945 0.818831 -0.469033 -8.49191 -0.66093 -0.153632 -0.734554 -43.7949 -0.673533 0.553095 0.490346 11.4558
0.450692 0.838842 -0.30532 -8.41975 -0.63888 0.0642233 -0.766621 -43.8079 -0.623465 0.540573 0.564865 11.4833
0.577804 0.8021 -0.150922 -8.33156 -0.57591 0.269651 -0.771761 -43.8032 -0.578333 0.532845 0.617743 11.5131
0.631443 0.77234 -0.0690706 -8.28528 -0.53115 0.365911 -0.764191 -43.7959 -0.564942 0.51923 0.641281 11.5295
0.70228 0.708236 0.0721481 -8.19408 -0.461867 0.5304 -0.710883 -43.7747 -0.54174 0.465916 0.6996 11.5657
0.762447 0.6217 0.179345 -8.11074 -0.392491 0.664726 -0.635681 -43.7451 -0.514418 0.414282 0.75083 11.6064
0.804239 0.539678 0.248892 -8.03633 -0.336913 0.759013 -0.557126 -43.7155 -0.489581 0.364207 0.792252 11.6492
0.842097 0.447141 0.301559 -7.96594 -0.273264 0.835796 -0.476206 -43.6895 -0.464973 0.318607 0.826009 11.6865
0.861516 0.360094 0.357942 -7.85913 -0.204602 0.891429 -0.404341 -43.6807 -0.46468 0.275111 0.841657 11.727
0.86493 0.283595 0.414089 -7.696 -0.165028 0.939879 -0.298989 -43.6892 -0.473985 0.190268 0.85973 11.796
0.904656 0.206705 0.372653 -7.58406 -0.122725 0.963805 -0.23668 -43.6985 -0.408088 0.16838 0.89728 11.8736
0.893073 0.125845 0.431954 -7.41812 -0.0562803 0.983791 -0.170257 -43.6839 -0.446378 0.127742 0.88568 11.946
0.907641 0.0740654 0.413162 -7.20022 -0.0232797 0.991677 -0.126631 -43.6489 -0.419102 0.105318 0.90181 12.0747
0.911727 0.0349808 0.409305 -6.8776 -0.00253809 0.996829 -0.0795391 -43.6765 -0.41079 0.0714791 0.908924 12.2389
0.902553 -0.000815239 0.430577 -6.64127 0.0295281 0.997761 -0.0600062 -43.6937 -0.429564 0.0668729 0.900557 12.3702
0.887193 -0.0218168 0.460883 -6.44911 0.0154517 0.999726 0.0175797 -43.6925 -0.461141 -0.0084752 0.887287 12.4596
0.893545 0.00820677 0.448898 -6.21198 0.0205165 0.998042 -0.0590851 -43.7226 -0.448504 0.062005 0.891627 12.6218
0.894282 0.0330778 0.44628 -5.92194 -0.0103274 0.998524 -0.0533149 -43.7484 -0.447385 0.0430696 0.893304 12.7629
0.899219 -0.0175598 0.437145 -5.68297 0.0279265 0.99946 -0.0172979 -43.7583 -0.436606 0.0277626 0.899224 12.8993
0.914452 -0.0390479 0.402806 -5.46149 0.0465964 0.998874 -0.00895285 -43.7479 -0.402003 0.0269563 0.915242 13.0087
0.917818 -0.00397141 0.396981 -5.25593 0.0311435 0.997589 -0.0620238 -43.7673 -0.395777 0.06929 0.915729 13.1389
0.934204 0.05636 0.352259 -5.05398 -0.00278996 0.988565 -0.150767 -43.828 -0.356729 0.139864 0.923679 13.2225
0.939994 0.134648 0.313497 -4.943 -0.0789807 0.97975 -0.18399 -43.9133 -0.331923 0.148189 0.931594 13.2966
0.918457 0.273798 0.285431 -4.91845 -0.200164 0.944187 -0.26162 -43.981 -0.341131 0.183154 0.922 13.3152
0.873687 0.425304 0.236195 -4.91023 -0.308247 0.859571 -0.407579 -44.0652 -0.376371 0.28329 0.882095 13.3213
0.851316 0.495692 0.1719 -4.91565 -0.370653 0.800121 -0.471618 -44.1057 -0.371318 0.33778 0.864886 13.3199
0.810065 0.577491 0.101481 -4.92845 -0.445276 0.718496 -0.534315 -44.1467 -0.381476 0.387642 0.839172 13.3126
0.750478 0.660658 0.0176859 -4.94947 -0.51316 0.599373 -0.614343 -44.1885 -0.416472 0.451976 0.788841 13.2998
0.700498 0.710429 -0.067763 -4.98066 -0.541363 0.467114 -0.699093 -44.2281 -0.465003 0.526398 0.711813 13.2812
0.656378 0.737076 -0.160892 -5.01793 -0.566647 0.340863 -0.750149 -44.2581 -0.498075 0.58355 0.641397 13.2615
0.561885 0.784273 -0.263059 -5.06449 -0.6243 0.193408 -0.756864 -44.2753 -0.54271 0.589499 0.598295 13.2348
0.451312 0.813749 -0.366239 -5.11528 -0.662626 0.0307059 -0.748321 -44.2818 -0.597699 0.580405 0.553069 13.2025
0.362375 0.807492 -0.465447 -5.16982 -0.649017 -0.139795 -0.74782 -44.2782 -0.668926 0.573074 0.473418 13.1611
0.295961 0.771325 -0.563439 -5.22677 -0.609884 -0.301387 -0.732944 -44.2719 -0.735151 0.560556 0.38122 13.1177
0.243712 0.720495 -0.649224 -5.28552 -0.55949 -0.442343 -0.70093 -44.2517 -0.792196 0.53406 0.295305 13.0748
0.174676 0.665548 -0.725627 -5.34566 -0.523418 -0.561439 -0.640953 -44.2262 -0.83398 0.491765 0.250289 13.0383
0.105587 0.608176 -0.786748 -5.40077 -0.480011 -0.661721 -0.575947 -44.1915 -0.870885 0.43846 0.222062 13.0052
0.0456819 0.540379 -0.84018 -5.45486 -0.431469 -0.747888 -0.504479 -44.1552 -0.900971 0.385557 0.198992 12.9742
-0.0387544 0.391632 -0.919306 -5.55614 -0.338251 -0.870826 -0.356719 -44.082 -0.940258 0.297132 0.166218 12.9176
-0.0759089 0.228838 -0.9705 -5.64859 -0.236944 -0.949569 -0.205369 -44.0181 -0.968553 0.214365 0.126302 12.8734
-0.128315 0.124853 -0.983843 -5.72091 -0.153993 -0.98252 -0.104601 -43.9758 -0.979705 0.138083 0.145298 12.8442
-0.151152 0.00315863 -0.988505 -5.85457 -0.0917671 -0.995721 0.0108504 -43.9576 -0.984242 0.0923524 0.150795 12.7636
-0.189483 -0.0562668 -0.98027 -6.11586 -0.0255901 -0.997735 0.0622157 -43.9842 -0.98155 0.036874 0.187614 12.6481
-0.12819 -0.112419 -0.985357 -6.34299 -0.0254594 -0.992854 0.116586 -43.9564 -0.991423 0.0400318 0.124412 12.4925
-0.202673 -0.101163 -0.974007 -6.60281 -0.00671172 -0.994483 0.104686 -43.9119 -0.979224 0.0277542 0.200875 12.3953
-0.156977 -0.0595129 -0.985808 -6.86607 -0.0122148 -0.997989 0.0621933 -43.892 -0.987527 0.0218044 0.155934 12.2371
-0.155148 -0.135406 -0.978568 -7.20021 0.00221869 -0.990607 0.13672 -43.8272 -0.987889 0.0190407 0.153991 12.1017
-0.167434 -0.0995633 -0.980843 -7.52299 -0.0308289 -0.993872 0.106148 -43.7798 -0.985401 0.0480112 0.163339 11.915
-0.180527 -0.067397 -0.981258 -7.80381 -0.0674795 -0.99445 0.0807176 -43.7669 -0.981253 0.0807865 0.174977 11.7828
-0.162621 -0.070088 -0.984196 -8.10488 -0.0327384 -0.996541 0.0763766 -43.7581 -0.986145 0.0446415 0.159764 11.6281
-0.161153 -0.120264 -0.979575 -8.48679 0.019815 -0.992742 0.11862 -43.6997 -0.986731 -0.000294331 0.162366 11.4282
-0.137762 -0.122974 -0.982802 -8.83642 -0.0027872 -0.99221 0.124542 -43.6442 -0.990461 0.0198965 0.136346 11.2484
-0.0859533 0.00121975 -0.996298 -9.05971 0.00178363 -0.999997 -0.00137816 -43.644 -0.996298 -0.00189549 0.0859509 11.1097
-0.110228 -0.0790631 -0.990757 -9.24242 -0.0108546 -0.996676 0.0807431 -43.6133 -0.993847 0.0196545 0.109004 11.0357
-0.118949 -0.109041 -0.986895 -9.62157 -0.00465139 -0.993879 0.110373 -43.5432 -0.992889 0.0177192 0.117714 10.8244
-0.143452 -0.131602 -0.980868 -9.91491 0.0046293 -0.991198 0.132311 -43.4917 -0.989646 0.0144395 0.142799 10.6991
-0.111566 -0.0503598 -0.99248 -10.1263 -0.0325507 -0.997994 0.0542987 -43.4946 -0.993224 0.0383638 0.109703 10.5647
-0.11813 -0.0935864 -0.988578 -10.4317 -0.00591287 -0.995465 0.0949449 -43.4494 -0.992981 0.0170611 0.117041 10.4374
-0.138061 -0.091938 -0.986147 -10.889 -0.000371896 -0.995677 0.0928785 -43.3525 -0.990424 0.0131896 0.13743 10.1926
-0.116772 -0.0748244 -0.990336 -11.0984 -0.0433409 -0.995824 0.0803494 -43.3208 -0.992213 0.0523047 0.113041 10.0701
-0.110811 -0.141818 -0.983671 -11.5728 -0.0267335 -0.988983 0.145595 -43.2305 -0.993482 0.0424305 0.105799 9.83839
-0.13562 -0.129211 -0.982299 -11.9928 -0.0307218 -0.990434 0.134523 -43.1384 -0.990285 0.048422 0.130353 9.60497
-0.13179 -0.107509 -0.98543 -12.2095 -0.0534834 -0.991882 0.115365 -43.1279 -0.989834 0.0679082 0.124971 9.50125
-0.113416 -0.100719 -0.988429 -12.5037 -0.0199225 -0.994418 0.103615 -43.1116 -0.993348 0.0314436 0.110776 9.33507
-0.141078 -0.143821 -0.979496 -12.7865 -0.0247209 -0.988571 0.148714 -43.0544 -0.98969 0.0451943 0.135911 9.20322
-0.146131 -0.158642 -0.976462 -13.2011 -0.00215652 -0.987005 0.160678 -43.0039 -0.989263 0.0255857 0.14389 8.97918
-0.136345 -0.076383 -0.987712 -13.5519 -0.016637 -0.996706 0.0793751 -43.004 -0.990522 0.0272549 0.134625 8.79037
-0.135563 -0.133513 -0.981732 -13.9076 -0.0325851 -0.989742 0.139102 -42.9592 -0.990233 0.0508469 0.129822 8.63811
-0.130569 -0.105349 -0.985826 -14.255 -0.0151161 -0.994011 0.108226 -42.9136 -0.991324 0.0290328 0.128195 8.44252
-0.13137 -0.0639541 -0.989268 -14.4684 -0.0451453 -0.996496 0.0704164 -42.8987 -0.990305 0.0539114 0.128022 8.33641
-0.154047 -0.115341 -0.981308 -14.8252 -0.0336903 -0.991973 0.121883 -42.849 -0.987489 0.0518362 0.148924 8.1545
-0.140259 -0.149266 -0.978799 -15.094 -0.00285453 -0.988506 0.151156 -42.7972 -0.990111 0.0239949 0.13822 7.99932
-0.138192 -0.101264 -0.985215 -15.393 -0.0189672 -0.994306 0.104859 -42.7698 -0.990224 0.0331774 0.135484 7.85717
-0.0864111 -0.027849 -0.99587 -15.7262 -0.0389638 -0.99875 0.0313104 -42.7801 -0.995497 0.0415085 0.085218 7.66225
-0.0726692 -0.0835773 -0.993848 -16.0803 -0.0580353 -0.99444 0.0878705 -42.7537 -0.995666 0.0640638 0.0674147 7.51592
-0.0882075 -0.0433984 -0.995156 -16.4168 -0.0975203 -0.993875 0.0519864 -42.7346 -0.991317 0.101634 0.083435 7.32888
-0.0785121 0.00298038 -0.996909 -16.6233 -0.0935973 -0.9956 0.00439484 -42.7373 -0.99251 0.093653 0.0784456 7.22633
-0.0733894 -0.0233303 -0.99703 -16.9872 -0.0958296 -0.994935 0.0303351 -42.7163 -0.992689 0.0977713 0.0707819 7.04949
-0.0574307 -0.0676258 -0.996056 -17.3586 -0.0855288 -0.993702 0.0723973 -42.6628 -0.994679 0.0893494 0.051285 6.82147
-0.0778763 -0.0841858 -0.993402 -17.6025 -0.0715444 -0.993387 0.0897932 -42.6384 -0.994393 0.0780651 0.0713384 6.71415
-0.0711997 -0.0178616 -0.997302 -17.8206 -0.0769097 -0.996765 0.0233427 -42.6339 -0.994493 0.0783642 0.0695956 6.59213
-0.0749585 -0.114966 -0.990537 -18.1754 -0.0677522 -0.990449 0.120083 -42.5856 -0.994882 0.0761123 0.0664534 6.41656
-0.0545377 -0.1034 -0.993144 -18.4457 -0.0724335 -0.991594 0.107217 -42.5508 -0.995881 0.0777842 0.0465896 6.25546
-0.0505744 -0.0716126 -0.99615 -18.7566 -0.0822249 -0.993741 0.075614 -42.5239 -0.99533 0.0857324 0.0443695 6.11735
-0.0526637 0.00578356 -0.998596 -19.044 -0.0936479 -0.995605 -0.000827459 -42.5076 -0.994212 0.0934728 0.0529738 5.95737
-0.0736832 -0.0938954 -0.992852 -19.29 -0.0544193 -0.993696 0.0980139 -42.4414 -0.995796 0.0612522 0.068109 5.87082
-0.0564524 -0.0920162 -0.994156 -19.5627 -0.0261993 -0.995265 0.0936065 -42.3801 -0.998061 0.0313305 0.0537744 5.70333
-0.0693795 -0.0409503 -0.996749 -19.9232 -0.0387967 -0.99829 0.0437141 -42.3436 -0.996836 0.0417035 0.0676721 5.53781
-0.0718348 -0.0331556 -0.996865 -20.3377 -0.0476988 -0.99819 0.0366369 -42.2964 -0.996275 0.050181 0.0701233 5.33797
-0.147359 -0.108498 -0.983114 -20.6731 -0.0470448 -0.992071 0.116538 -42.2325 -0.987964 0.0634233 0.141086 5.17602
-0.146914 -0.111319 -0.982865 -20.8609 -0.06801 -0.990159 0.12231 -42.2096 -0.986808 0.0848138 0.137897 5.09426
-0.146012 -0.020462 -0.989071 -21.0775 -0.090232 -0.995343 0.0339123 -42.2155 -0.985159 0.0941975 0.143486 4.98682
-0.204818 0.000450638 -0.9788 -21.3678 -0.0364092 -0.999311 0.00715869 -42.2053 -0.978123 0.0371035 0.204693 4.85157
-0.233318 -0.0699625 -0.96988 -21.5991 -0.0320793 -0.996312 0.0795862 -42.1775 -0.971871 0.049682 0.230213 4.76516
-0.155903 -0.0210613 -0.987548 -21.885 -0.0315437 -0.999157 0.0262887 -42.1646 -0.987269 0.0352494 0.155107 4.57631
-0.158277 -0.0388649 -0.98663 -22.1236 -0.0707163 -0.996213 0.0505868 -42.159 -0.984859 0.0777775 0.154929 4.4656
-0.162815 -0.0116365 -0.986588 -22.5307 -0.0637591 -0.997716 0.0222898 -42.1448 -0.984594 0.066533 0.161701 4.26335
-0.163614 -0.0737792 -0.983762 -22.7578 -0.0444911 -0.995633 0.0820691 -42.0991 -0.985521 0.0571963 0.159617 4.14257
-0.18468 -0.0210912 -0.982572 -23.1309 -0.0720888 -0.996786 0.0349458 -42.0607 -0.980151 0.0772863 0.182566 3.94953
-0.136121 0.0200475 -0.990489 -23.3562 -0.08909 -0.995992 -0.00791534 -42.0474 -0.986678 0.0871653 0.137362 3.82046
-0.176214 -0.0684059 -0.981972 -23.6199 -0.0760251 -0.993657 0.0828624 -41.9964 -0.981412 0.0892561 0.169895 3.71371
-0.155539 -0.0937151 -0.983374 -23.8585 -0.0774671 -0.991267 0.10672 -41.9443 -0.984787 0.0927783 0.146921 3.60815
-0.177877 -0.0418947 -0.98316 -24.2237 -0.0477115 -0.997551 0.05114 -41.8793 -0.982895 0.0560048 0.175443 3.40865
-0.160243 0.0100814 -0.987026 -24.5097 -0.0602801 -0.998181 -0.000408938 -41.8594 -0.985235 0.0594326 0.160559 3.25544
-0.153963 -0.0734914 -0.98534 -24.7601 -0.0506021 -0.995335 0.0821437 -41.8011 -0.98678 0.0625074 0.149526 3.13846
-0.166748 -0.103328 -0.980571 -25.0508 -0.0364187 -0.99317 0.110849 -41.7421 -0.985327 0.0541949 0.161846 2.99438
-0.17743 -0.0572121 -0.982469 -25.3644 -0.0391744 -0.997107 0.0651392 -41.6964 -0.983353 0.0500453 0.174676 2.83516
-0.132442 0.016005 -0.991061 -25.5229 -0.0880265 -0.996109 -0.00432295 -41.6852 -0.987274 0.0866672 0.133336 2.75048
-0.177077 0.0142582 -0.984094 -25.7742 -0.0695662 -0.997575 -0.00193581 -41.6596 -0.981735 0.0681169 0.177639 2.62105
-0.134694 -0.04615 -0.989812 -26.0276 -0.0434194 -0.99768 0.0524253 -41.6186 -0.989936 0.0500384 0.132377 2.51958
-0.154505 -0.0259786 -0.98765 -26.3824 -0.0572609 -0.997738 0.0352017 -41.5648 -0.986331 0.0619925 0.152668 2.31227
-0.157845 0.00713222 -0.987438 -26.7316 -0.0898609 -0.995929 0.00717097 -41.5351 -0.983367 0.089864 0.157843 2.15552
-0.164877 -0.0512714 -0.984981 -27.0549 -0.0827696 -0.994406 0.065617 -41.5108 -0.982835 0.0923452 0.159711 2.01078
-0.153551 -0.0795924 -0.98493 -27.329 -0.070722 -0.993309 0.0912951 -41.4778 -0.985607 0.0836747 0.146895 1.85974
-0.165804 -0.0787851 -0.983007 -27.7537 -0.0857574 -0.991876 0.0939606 -41.445 -0.982423 0.0998791 0.1577 1.65887
-0.172887 -0.0780628 -0.981843 -28.1141 -0.0578022 -0.994332 0.0892337 -41.4185 -0.983244 0.07218 0.167395 1.4784
-0.181097 -0.0758093 -0.980539 -28.4656 -0.0472114 -0.995205 0.0856627 -41.371 -0.982331 0.0618059 0.17665 1.31077
-0.219473 -0.0768746 -0.972585 -28.8426 -0.0441803 -0.995085 0.0886227 -41.309 -0.974618 0.0624194 0.214998 1.13158
-0.165173 -0.0458958 -0.985196 -29.1931 -0.0427284 -0.997646 0.0536393 -41.2808 -0.985339 0.0509556 0.162823 0.932344
-0.125721 -0.125491 -0.984097 -29.4286 -0.035564 -0.99076 0.130884 -41.2405 -0.991428 0.0514532 0.120096 0.838507
-0.155648 -0.0642876 -0.985718 -29.7747 -0.0346102 -0.996912 0.0704827 -41.1897 -0.987206 0.0450864 0.152942 0.654139
-0.140092 -0.0932308 -0.985739 -30.0719 -0.0584917 -0.993039 0.102234 -41.153 -0.988409 0.0719798 0.133664 0.528509
-0.15714 -0.0735518 -0.984833 -30.3529 -0.0391004 -0.995977 0.0806229 -41.1268 -0.986802 0.0511765 0.153632 0.372239
-0.131475 -0.158747 -0.978526 -30.5808 -0.0174844 -0.98657 0.162402 -41.0765 -0.991165 0.0384607 0.126934 0.28213
-0.165944 -0.154001 -0.974036 -31.0114 -0.0401669 -0.985855 0.162713 -41.0276 -0.985317 0.0661253 0.157411 0.0496551
-0.174092 -0.133001 -0.975706 -31.2141 -0.0565237 -0.987854 0.144742 -41.0239 -0.983106 0.0803489 0.16446 -0.0341665
-0.177704 -0.13196 -0.975196 -31.5964 -0.0837513 -0.985345 0.148594 -41.0408 -0.980514 0.10808 0.164048 -0.214498
-0.167367 0.00606148 -0.985876 -31.7101 -0.176487 -0.984013 0.0239111 -41.0976 -0.96997 0.177996 0.165761 -0.273113
-0.118137 0.103298 -0.98761 -31.7671 -0.281704 -0.9572 -0.0664202 -41.138 -0.952201 0.270367 0.14218 -0.320096
-0.0624849 0.233238 -0.97041 -31.8176 -0.344252 -0.917676 -0.198397 -41.1809 -0.936796 0.321669 0.137634 -0.356584
-0.00621862 0.357561 -0.933869 -31.8571 -0.386486 -0.862176 -0.327538 -41.2255 -0.922274 0.358891 0.143554 -0.371817
0.0284044 0.464697 -0.885014 -31.8806 -0.422181 -0.796952 -0.432008 -41.2696 -0.906066 0.385907 0.173549 -0.375965
0.0799952 0.542127 -0.83648 -31.8916 -0.457665 -0.725513 -0.513977 -41.3165 -0.885519 0.423944 0.190075 -0.378852
0.131069 0.609087 -0.782198 -31.8895 -0.492645 -0.644674 -0.584549 -41.3757 -0.860304 0.461962 0.215567 -0.384291
0.198549 0.676823 -0.708864 -31.8537 -0.512984 -0.544517 -0.663588 -41.452 -0.83512 0.495391 0.239087 -0.379137
0.259699 0.734899 -0.626482 -31.7944 -0.548431 -0.421729 -0.722058 -41.5334 -0.794846 0.5311 0.293519 -0.342428
0.343322 0.782494 -0.519455 -31.7334 -0.533723 -0.292552 -0.793444 -41.5887 -0.772832 0.549652 0.317195 -0.317286
0.400881 0.834249 -0.378581 -31.6612 -0.518442 -0.134119 -0.844529 -41.6427 -0.755323 0.534828 0.378744 -0.290548
0.477134 0.840301 -0.257367 -31.5838 -0.496713 0.0162624 -0.867762 -41.6931 -0.724996 0.541877 0.425148 -0.264339
0.55027 0.831331 -0.0780569 -31.4887 -0.441735 0.210506 -0.872099 -41.7393 -0.708571 0.51437 0.483063 -0.237225
0.617837 0.780013 0.0992845 -31.3887 -0.391259 0.414495 -0.821651 -41.7772 -0.682052 0.4688 0.561277 -0.200373
0.666478 0.706481 0.2381 -31.3044 -0.346946 0.576598 -0.739705 -41.798 -0.659876 0.410389 0.629401 -0.154964
0.731902 0.589809 0.34124 -31.2206 -0.311976 0.735262 -0.601715 -41.7931 -0.605798 0.333938 0.722146 -0.107796
0.756595 0.4567 0.467963 -31.1342 -0.212496 0.848551 -0.484568 -41.7748 -0.618393 0.267181 0.739056 -0.0753358
0.77486 0.332726 0.53748 -31.0483 -0.148744 0.92236 -0.356549 -41.754 -0.614383 0.196329 0.764191 -0.039203
0.785857 0.204425 0.583643 -30.9638 -0.0714039 0.967465 -0.242719 -41.7404 -0.614272 0.149068 0.774886 -0.0021878
0.818816 0.095541 0.56605 -30.8336 -0.016099 0.989487 -0.143723 -41.7337 -0.57383 0.10857 0.811746 0.0828774
0.84394 0.0092982 0.536357 -30.6338 0.0526279 0.993591 -0.100033 -41.7645 -0.53385 0.112649 0.838042 0.215613
0.853094 -0.0533108 0.519026 -30.3287 0.059979 0.998192 0.00394329 -41.8249 -0.518298 0.0277667 0.854749 0.359386
0.852055 -0.0286474 0.522668 -30.1319 0.0459032 0.998744 -0.0200904 -41.8597 -0.521436 0.0411103 0.852299 0.470194
0.83552 -0.0299849 0.548642 -29.9799 0.0163172 0.999424 0.0297721 -41.8516 -0.549218 -0.0159229 0.835527 0.523957
0.823939 -0.0242114 0.566161 -29.756 0.0265165 0.99964 0.00415902 -41.8519 -0.566058 0.0115858 0.824284 0.638374
0.844381 0.0088948 0.535669 -29.6103 0.027405 0.997836 -0.0597679 -41.8664 -0.535042 0.0651469 0.84231 0.743412
0.864408 -0.0295742 0.50192 -29.3535 0.0791331 0.993829 -0.0777247 -41.9054 -0.496525 0.106904 0.861414 0.842143
0.859322 -0.0796031 0.505202 -29.128 0.100744 0.994805 -0.0146117 -41.9125 -0.501414 0.0634521 0.862877 0.965381
0.854254 -0.0189835 0.51951 -28.8448 0.0383316 0.998913 -0.026529 -41.9116 -0.518441 0.0425761 0.854053 1.0934
0.861514 0.0086487 0.50766 -28.5805 0.0548769 0.992412 -0.110035 -41.9282 -0.504759 0.122655 0.854502 1.25066
0.845013 0.0012126 0.534744 -28.2648 0.0478046 0.995822 -0.0777999 -41.9442 -0.532605 0.0913051 0.841425 1.36634
0.85345 -0.036544 0.519893 -28.012 0.0879963 0.993321 -0.0746317 -41.9488 -0.513693 0.109443 0.850965 1.52049
0.863012 -0.0100418 0.505083 -27.6702 0.0525047 0.996171 -0.069907 -41.9441 -0.502447 0.0868498 0.860235 1.67726
0.846748 0.0253793 0.531389 -27.3476 0.0412088 0.992731 -0.113078 -41.9669 -0.530396 0.117646 0.839547 1.82439
0.843666 0.000230779 0.536868 -26.9519 0.0594176 0.993816 -0.0937995 -42.0008 -0.53357 0.111035 0.838436 2.02732
0.859795 -0.0221827 0.510157 -26.7287 0.0351107 0.99926 -0.0157242 -42.0007 -0.50943 0.0314316 0.859938 2.13535
0.856627 0.0261491 0.515272 -26.4155 0.0229703 0.995792 -0.088722 -42.0459 -0.515424 0.0878377 0.852422 2.31116
0.845591 -0.00480125 0.53381 -26.0637 0.0355004 0.998252 -0.0472565 -42.091 -0.53265 0.0589101 0.844283 2.44706
0.852432 -0.0190049 0.522493 -25.8643 0.0674666 0.994983 -0.0738788 -42.1142 -0.518467 0.0982274 0.849437 2.56729
0.858604 -0.0622394 0.508848 -25.641 0.077909 0.996915 -0.00952275 -42.1155 -0.506685 0.0478201 0.860804 2.66692
0.894723 -0.0157772 0.446343 -25.3859 0.0598457 0.994598 -0.0848076 -42.1558 -0.442594 0.102591 0.890834 2.84952
0.897353 0.00490991 0.441287 -24.9939 0.0134892 0.999166 -0.0385472 -42.2059 -0.441108 0.040543 0.896538 3.02376
0.900079 -0.0561262 0.432096 -24.7276 0.0652568 0.997848 -0.00632005 -42.2146 -0.430812 0.0338857 0.901805 3.18644
0.925678 -0.0348369 0.376704 -24.5089 0.0210113 0.998948 0.0407497 -42.2192 -0.377727 -0.0298061 0.925437 3.31342
0.925219 0.0258972 0.378549 -24.3163 -0.0112185 0.999099 -0.0409308 -42.2504 -0.379268 0.0336232 0.924676 3.44124
0.932633 0.0477079 0.35766 -23.9548 -0.0128644 0.994987 -0.0991752 -42.3074 -0.360598 0.087893 0.928571 3.58899
0.915616 0.00275557 0.402043 -23.6915 0.0224894 0.99806 -0.0580581 -42.3111 -0.401423 0.0622006 0.913778 3.71641
0.912184 -0.0169913 0.409429 -23.413 0.0369045 0.998486 -0.040784 -42.3081 -0.408116 0.0523122 0.91143 3.83501
0.908569 0.0172257 0.417381 -23.1655 0.014479 0.997251 -0.0726759 -42.3221 -0.417485 0.0720743 0.905821 3.98933
0.912534 -0.0176497 0.408621 -22.7151 0.0519274 0.995983 -0.0729445 -42.3327 -0.405692 0.0877829 0.909785 4.18425
0.879169 -0.0686958 0.471533 -22.4471 0.0910532 0.995539 -0.0247316 -42.3175 -0.46773 0.0646778 0.881502 4.29291
0.885373 0.000372893 0.464881 -22.0397 0.0438083 0.995483 -0.0842319 -42.347 -0.462813 0.0949423 0.881357 4.52618
0.888554 -0.0109983 0.45864 -21.6481 0.0569274 0.994629 -0.0864378 -42.3852 -0.455226 0.102914 0.884408 4.70655
0.88097 -0.0464841 0.470884 -21.3847 0.0669706 0.997394 -0.0268347 -42.38 -0.46841 0.055176 0.881787 4.83044
0.894709 0.00786188 0.44658 -21.0736 0.0438245 0.993475 -0.105291 -42.3933 -0.444494 0.113776 0.888527 5.00499
0.881074 0.0256815 0.472281 -20.7531 0.0412893 0.990537 -0.130891 -42.4192 -0.471173 0.134825 0.871676 5.13426
0.891443 -0.0317693 0.452018 -20.4478 0.0790076 0.993156 -0.0860117 -42.4152 -0.446192 0.112387 0.887852 5.30685
0.891971 0.00348896 0.45208 -20.1119 0.05343 0.992149 -0.113076 -42.4323 -0.448925 0.125015 0.884781 5.4582
0.892521 0.0912463 0.441679 -19.9159 -0.00780393 0.982298 -0.187163 -42.4833 -0.450938 0.1636 0.877434 5.58668
0.873712 0.152719 0.461849 -19.5467 -0.0248871 0.96223 -0.271098 -42.5981 -0.485807 0.225367 0.844512 5.73361
0.865915 0.159347 0.47413 -19.3782 -0.0286986 0.962164 -0.270955 -42.6462 -0.499367 0.221017 0.837726 5.8268
0.867961 0.223095 0.443702 -19.1041 -0.0855267 0.947221 -0.308962 -42.7276 -0.489212 0.230218 0.841232 5.95177
0.868303 0.197531 0.455008 -18.916 -0.0723806 0.957927 -0.277736 -42.7698 -0.490726 0.208225 0.846068 6.0666
0.859667 0.185153 0.476121 -18.6514 -0.071776 0.96654 -0.246269 -42.8702 -0.505788 0.177535 0.844192 6.17683
0.87793 0.17416 0.445991 -18.4397 -0.0714482 0.968722 -0.237641 -42.936 -0.473429 0.176767 0.862913 6.29546
0.88313 0.218695 0.415034 -18.1534 -0.0854226 0.944867 -0.316115 -43.02 -0.461285 0.243718 0.853122 6.45883
0.8713 0.220491 0.438428 -17.8649 -0.0818732 0.946174 -0.313133 -43.1132 -0.483872 0.236938 0.842454 6.57136
0.851569 0.258706 0.455962 -17.6543 -0.104438 0.936038 -0.336044 -43.2294 -0.513734 0.238545 0.82412 6.68617
0.860123 0.329093 0.389725 -17.5251 -0.155614 0.896908 -0.413932 -43.3242 -0.48577 0.295386 0.822663 6.75341
0.854817 0.407738 0.320994 -17.448 -0.218357 0.843765 -0.490287 -43.4067 -0.470752 0.349015 0.810297 6.82025
0.821497 0.48406 0.301378 -17.3813 -0.253091 0.783154 -0.567993 -43.4985 -0.510968 0.390328 0.765869 6.84317
0.786822 0.584643 0.197746 -17.3618 -0.357134 0.692607 -0.626698 -43.6605 -0.503355 0.422478 0.753754 6.85786
0.720037 0.686813 0.0991665 -17.4001 -0.423824 0.548407 -0.720849 -43.7536 -0.549472 0.477009 0.685961 6.82957
0.669623 0.741919 0.0340801 -17.4373 -0.448448 0.440475 -0.777738 -43.8091 -0.59203 0.505508 0.627665 6.80563
0.612075 0.788194 -0.0641424 -17.4821 -0.48649 0.311354 -0.816325 -43.859 -0.623451 0.530857 0.574021 6.78268
0.548995 0.81877 -0.167988 -17.5287 -0.50939 0.168409 -0.843896 -43.9086 -0.662666 0.548866 0.509529 6.75528
0.489325 0.829954 -0.267839 -17.5778 -0.517026 0.0287501 -0.855487 -43.9507 -0.702314 0.55709 0.443176 6.72882
0.429958 0.827481 -0.361125 -17.6191 -0.511264 -0.10652 -0.852797 -43.996 -0.74414 0.551297 0.377262 6.70467
0.366378 0.802711 -0.470556 -17.656 -0.516967 -0.244871 -0.820234 -44.033 -0.773636 0.543777 0.325259 6.68107
0.296201 0.745218 -0.597424 -17.6968 -0.515372 -0.401921 -0.756869 -44.0766 -0.80415 0.532081 0.265016 6.65906
0.260333 0.694096 -0.671161 -17.7227 -0.492258 -0.502584 -0.710698 -44.1066 -0.830608 0.515402 0.210835 6.63044
0.228508 0.65808 -0.717436 -17.7783 -0.437163 -0.589097 -0.679598 -44.1789 -0.869869 0.46893 0.153075 6.58756
0.161173 0.676313 -0.718765 -17.959 -0.466323 -0.589675 -0.659414 -44.3445 -0.869808 0.441457 0.22034 6.52622
0.164876 0.642982 -0.747924 -18.1069 -0.449443 -0.62602 -0.63726 -44.5276 -0.877962 0.441218 0.185768 6.43605
0.113484 0.598883 -0.792755 -18.213 -0.464868 -0.673175 -0.575094 -44.6475 -0.878077 0.43379 0.202007 6.42573
0.140201 0.566821 -0.811824 -18.2933 -0.449349 -0.694197 -0.562295 -44.7677 -0.882286 0.443627 0.157373 6.36798
0.141807 0.6252 -0.767474 -18.4525 -0.485586 -0.631683 -0.604304 -44.9483 -0.862611 0.458369 0.214011 6.27437
0.177229 0.682833 -0.708751 -18.5431 -0.488645 -0.564064 -0.665626 -45.072 -0.854293 0.464296 0.233695 6.23325
0.197067 0.700929 -0.685465 -18.6742 -0.479945 -0.540693 -0.690872 -45.3402 -0.854878 0.465134 0.229855 6.15033
0.243379 0.703265 -0.667971 -18.7588 -0.492222 -0.503855 -0.709822 -45.5065 -0.835754 0.501545 0.223535 6.12136
0.288741 0.757708 -0.585241 -18.8366 -0.4822 -0.412994 -0.772605 -45.6487 -0.82711 0.505286 0.246119 6.07102
0.299686 0.784249 -0.543269 -18.893 -0.527297 -0.338403 -0.779385 -45.7112 -0.795076 0.520035 0.312118 6.05353
0.354764 0.824654 -0.440555 -18.9018 -0.488893 -0.238028 -0.839241 -45.7606 -0.796948 0.513117 0.318724 6.02719
0.422475 0.842336 -0.334641 -18.8691 -0.424061 -0.142611 -0.894335 -45.7737 -0.801054 0.519742 0.296953 6.00893
0.473413 0.851329 -0.226093 -18.8233 -0.371889 -0.0395028 -0.927436 -45.7455 -0.798485 0.523142 0.297899 5.9962
0.489199 0.854782 -0.173298 -18.7977 -0.270154 -0.0404173 -0.961968 -45.5201 -0.829278 0.517411 0.211151 5.93005
0.514737 0.85579 -0.0516747 -18.7662 -0.165873 0.0402723 -0.985324 -45.4441 -0.841149 0.515754 0.162682 5.91728
0.526463 0.845093 0.0930347 -18.7062 -0.175957 0.21536 -0.960551 -45.395 -0.831791 0.489325 0.262079 5.95213
0.57298 0.788362 0.224008 -18.6359 -0.178539 0.386828 -0.904703 -45.3424 -0.799886 0.478383 0.362398 6.00472
0.60913 0.72232 0.327436 -18.5809 -0.174926 0.525072 -0.832887 -45.2928 -0.773538 0.450059 0.44619 6.05276
0.656484 0.642044 0.395991 -18.5245 -0.178222 0.642101 -0.745616 -45.2252 -0.732984 0.41891 0.535955 6.105
0.707008 0.558604 0.433707 -18.4504 -0.162663 0.725274 -0.668968 -45.1288 -0.688245 0.402418 0.603638 6.17034
0.77096 0.487228 0.410158 -18.2974 -0.115591 0.740357 -0.662202 -44.9119 -0.626306 0.46312 0.627104 6.28681
0.793488 0.502616 0.343154 -18.0448 -0.146982 0.705432 -0.69337 -44.7688 -0.590571 0.499743 0.633627 6.40455
0.759832 0.556781 0.335635 -17.97 -0.139124 0.643564 -0.752642 -44.7397 -0.635059 0.525187 0.566461 6.43178
0.713435 0.650424 0.260691 -17.9448 -0.16425 0.516894 -0.840144 -44.6987 -0.681199 0.55657 0.475602 6.41531
0.663939 0.721101 0.197984 -17.9229 -0.168628 0.402318 -0.899836 -44.6317 -0.728526 0.564051 0.388712 6.38036
0.639718 0.759597 0.117358 -17.9099 -0.163848 0.283951 -0.944736 -44.5677 -0.750942 0.585136 0.306107 6.35211
0.616551 0.785718 0.0501289 -17.9079 -0.132312 0.166169 -0.97718 -44.4834 -0.776118 0.595849 0.206411 6.31812
0.556373 0.830796 -0.015097 -17.9018 -0.0633538 0.0242974 -0.997695 -44.3875 -0.828514 0.556047 0.0661525 6.27854
0.522838 0.848756 -0.079084 -17.9357 -0.0165112 -0.0826737 -0.99644 -44.3386 -0.852272 0.522283 -0.029211 6.24711
0.486022 0.850851 -0.199587 -18.0001 -0.0404963 -0.206203 -0.977671 -44.3373 -0.873008 0.483253 -0.0657631 6.22658
0.450723 0.856119 -0.252801 -18.0937 -0.0919097 -0.237186 -0.967107 -44.4502 -0.88792 0.459132 -0.0282194 6.19692
0.490127 0.857393 -0.157012 -18.0848 -0.106455 -0.119903 -0.987062 -44.5285 -0.865126 0.5005 0.0325063 6.21066
0.516216 0.854946 -0.0508733 -18.0403 -0.13401 0.0219615 -0.990737 -44.6037 -0.845909 0.518251 0.125908 6.24791
0.549546 0.835463 -0.000115001 -17.9936 -0.182603 0.119977 -0.975839 -44.6864 -0.815264 0.536289 0.218491 6.29337
0.559793 0.828605 0.00673268 -17.9333 -0.256491 0.180996 -0.949449 -44.8125 -0.787936 0.529768 0.31385 6.35844
0.589384 0.807817 -0.00766145 -17.841 -0.335747 0.236313 -0.911828 -45.0684 -0.734779 0.539989 0.410501 6.4956
0.613676 0.780822 0.117126 -17.762 -0.279827 0.353801 -0.892481 -45.1665 -0.738308 0.514919 0.435614 6.51955
0.644005 0.72256 0.251325 -17.6782 -0.243076 0.504763 -0.828329 -45.2609 -0.725377 0.472357 0.500707 6.55251
0.649545 0.672093 0.355502 -17.5912 -0.195106 0.599248 -0.776425 -45.359 -0.734864 0.434963 0.520368 6.59189
0.628487 0.710668 0.316159 -17.4958 -0.192893 0.536174 -0.821772 -45.518 -0.753523 0.455488 0.474061 6.61646
0.61048 0.773474 0.170445 -17.4975 -0.226006 0.376371 -0.89848 -45.621 -0.759102 0.509983 0.404577 6.63578
0.56929 0.821659 0.028026 -17.5161 -0.29271 0.234425 -0.92702 -45.7169 -0.768264 0.519539 0.373964 6.65402
0.541887 0.836347 -0.082956 -17.537 -0.314384 0.110173 -0.942881 -45.7918 -0.779436 0.537015 0.322636 6.65448
0.499072 0.843949 -0.196663 -17.5506 -0.345348 -0.0144419 -0.938364 -45.8992 -0.794772 0.536228 0.284249 6.64752
0.485422 0.838042 -0.2491 -17.535 -0.340708 -0.0810662 -0.936668 -46.0913 -0.80516 0.53955 0.246177 6.63887
0.480036 0.854882 -0.19683 -17.4832 -0.236996 -0.0896497 -0.967365 -46.176 -0.844629 0.511019 0.159568 6.60815
0.475799 0.847807 -0.234177 -17.4165 -0.151825 -0.183083 -0.971303 -46.2298 -0.866351 0.497699 0.0416073 6.59405
0.496479 0.829889 -0.254546 -17.3541 -0.0834942 -0.246224 -0.96561 -46.2733 -0.864024 0.500658 -0.0529543 6.58968
0.498818 0.838223 -0.220371 -17.299 -0.0234609 -0.24111 -0.970214 -46.3363 -0.866389 0.48913 -0.100604 6.57611
0.497917 0.826045 -0.264062 -17.3142 -0.10601 -0.244232 -0.963905 -46.4749 -0.860721 0.507938 -0.0340382 6.5912
0.473012 0.847657 -0.240284 -17.3268 -0.140195 -0.196835 -0.970362 -46.6075 -0.86983 0.49268 0.0257322 6.60644
0.484896 0.841143 -0.239486 -17.2997 -0.0830571 -0.228305 -0.97004 -46.74 -0.870619 0.49026 -0.040841 6.57081
0.49081 0.81192 -0.316056 -17.2917 -0.165584 -0.269219 -0.948738 -46.8617 -0.855388 0.517983 0.00230566 6.62204
0.457281 0.828197 -0.324011 -17.2828 -0.239732 -0.236052 -0.941705 -46.9568 -0.856401 0.5083 0.0906036 6.69719
0.471578 0.828875 -0.300966 -17.2606 -0.201502 -0.230982 -0.951864 -46.9644 -0.858494 0.509523 0.0580942 6.6807
0.46853 0.84422 -0.260329 -17.2636 -0.0940061 -0.245359 -0.964864 -46.9421 -0.878432 0.47654 -0.0355963 6.6317
0.464321 0.849738 -0.249702 -17.2635 0.0345629 -0.299107 -0.953593 -46.9159 -0.884992 0.434143 -0.168251 6.56844
0.478968 0.833015 -0.276905 -17.2577 0.101836 -0.366039 -0.925011 -46.8691 -0.871906 0.414852 -0.260152 6.5311
0.474881 0.821088 -0.316707 -17.2693 0.0374986 -0.378425 -0.924872 -46.8667 -0.879251 0.427328 -0.210497 6.5516
0.434229 0.838698 -0.328681 -17.2769 -0.101712 -0.316893 -0.942992 -46.9058 -0.895042 0.442905 -0.0522983 6.603
0.44637 0.84369 -0.29823 -17.2811 -0.16245 -0.251336 -0.95417 -46.9579 -0.87998 0.47436 0.0248688 6.63514
0.456459 0.846257 -0.274762 -17.3219 -0.209843 -0.197706 -0.957538 -47.0869 -0.864645 0.494734 0.0873361 6.62961
0.456293 0.871141 -0.181413 -17.3458 -0.165381 -0.117298 -0.979229 -47.188 -0.874326 0.476818 0.0905482 6.58939
0.452843 0.860398 -0.233772 -17.3319 -0.243164 -0.133074 -0.960814 -47.3613 -0.857791 0.491942 0.148956 6.49496
0.471377 0.858529 -0.20182 -17.2918 -0.204948 -0.11594 -0.971882 -47.524 -0.857788 0.499485 0.121303 6.39979
0.490793 0.847264 -0.203139 -17.2769 -0.292792 -0.0592071 -0.954341 -47.6786 -0.820606 0.527862 0.219013 6.31595
0.486 0.848761 -0.208347 -17.2656 -0.300951 -0.0612835 -0.951668 -47.786 -0.820508 0.525213 0.225652 6.24975
0.477951 0.832434 -0.280387 -17.224 -0.376503 -0.0942499 -0.921609 -47.929 -0.793605 0.546051 0.268367 6.18023
0.492554 0.814245 -0.307239 -17.197 -0.393231 -0.106715 -0.913226 -48.0745 -0.776376 0.570629 0.267623 6.12664
0.441879 0.860262 -0.254347 -17.1589 -0.402624 -0.0631833 -0.913182 -48.3264 -0.801646 0.505922 0.318443 5.9931
0.45101 0.84416 -0.289799 -17.1188 -0.435685 -0.0751509 -0.896956 -48.5477 -0.778954 0.530797 0.333894 5.88499
0.44861 0.864619 -0.226236 -17.0862 -0.395774 -0.0347739 -0.917689 -48.8166 -0.801319 0.501223 0.326594 5.7083
0.419357 0.867486 -0.267594 -17.0801 -0.391217 -0.0933019 -0.915557 -48.9616 -0.8192 0.488633 0.300248 5.62989
0.432032 0.84645 -0.311242 -17.0464 -0.377303 -0.143818 -0.914855 -49.0751 -0.819141 0.512679 0.257234 5.53905
0.471002 0.823933 -0.315105 -17.0199 -0.330707 -0.166229 -0.928978 -49.163 -0.817796 0.541758 0.194186 5.47446
0.466902 0.841816 -0.270829 -17.0022 -0.364923 -0.0955528 -0.926122 -49.3352 -0.805502 0.53124 0.262584 5.37547
0.469584 0.846358 -0.251334 -16.9919 -0.372226 -0.0683504 -0.925622 -49.4846 -0.800586 0.52821 0.282941 5.3213
0.458777 0.828105 -0.322126 -16.98 -0.429432 -0.110738 -0.896284 -49.6235 -0.777889 0.549526 0.304811 5.28927
0.44664 0.82178 -0.353823 -16.9765 -0.517338 -0.0854469 -0.851505 -49.7379 -0.729983 0.563362 0.386974 5.26182
0.42793 0.840186 -0.333112 -16.9557 -0.542925 -0.0556919 -0.837933 -49.9334 -0.722571 0.539431 0.432326 5.14145
0.403555 0.861132 -0.309185 -16.9411 -0.499582 -0.0757176 -0.862951 -50.0356 -0.766525 0.502712 0.39965 5.08711
0.409918 0.834679 -0.367801 -16.9217 -0.53337 -0.107758 -0.83899 -50.1896 -0.739921 0.540091 0.401021 5.05505
0.384109 0.851999 -0.355749 -16.9098 -0.518397 -0.119828 -0.846703 -50.3262 -0.764019 0.509646 0.395647 5.01392
0.342689 0.844403 -0.411762 -16.8921 -0.552933 -0.173052 -0.815057 -50.4528 -0.759492 0.506989 0.407595 4.91049
0.40486 0.809272 -0.425637 -16.8679 -0.468127 -0.216415 -0.85675 -50.5449 -0.785459 0.546116 0.291225 4.83198
0.338748 0.786033 -0.517109 -16.8617 -0.497689 -0.316722 -0.807461 -50.6593 -0.798471 0.530885 0.283911 4.80596
0.274218 0.729809 -0.626246 -16.859 -0.497304 -0.449759 -0.741893 -50.7525 -0.8231 0.514875 0.239605 4.7773
0.263218 0.641002 -0.720994 -16.8721 -0.47965 -0.561481 -0.674296 -50.8335 -0.83705 0.523311 0.159665 4.75838
0.190793 0.611308 -0.76805 -16.8941 -0.408152 -0.66218 -0.628434 -50.9394 -0.892754 0.433382 0.123167 4.72206
0.13636 0.559102 -0.817808 -16.9277 -0.353372 -0.743763 -0.567402 -51.0231 -0.925492 0.366361 0.0961513 4.68504
0.0971418 0.449756 -0.887853 -16.9751 -0.304939 -0.83572 -0.456711 -51.0763 -0.947405 0.315107 0.0559647 4.65962
0.0395981 0.335658 -0.941151 -17.0185 -0.254362 -0.907475 -0.334349 -51.1208 -0.966298 0.252633 0.0494443 4.64405
-0.00145533 0.237463 -0.971396 -17.0369 -0.21222 -0.949343 -0.231754 -51.1391 -0.977221 0.205812 0.0517758 4.63581
0.00457801 0.121105 -0.992629 -17.0594 -0.161849 -0.979462 -0.120245 -51.1544 -0.986805 0.161207 0.0151167 4.62712
-0.00472248 0.00157891 -0.999988 -17.0926 -0.0937118 -0.995599 -0.00112942 -51.1572 -0.995588 0.0937053 0.00484966 4.60664
0.00982544 -0.0681895 -0.997624 -17.2062 -0.0179007 -0.997524 0.0680064 -51.1844 -0.999791 0.01719 -0.0110218 4.54662
-0.0521605 -0.0436788 -0.997683 -17.4337 -0.0586271 -0.997186 0.0467221 -51.2302 -0.996916 0.0609283 0.049453 4.46717
-0.0578965 -0.142897 -0.988043 -17.6149 -0.00978265 -0.989574 0.143692 -51.2377 -0.998275 0.0179849 0.055895 4.37591
-0.052225 -0.240977 -0.969125 -17.7765 0.0110933 -0.970529 0.240729 -51.2308 -0.998574 0.00182132 0.0533591 4.30377
-0.0626259 -0.351359 -0.934144 -17.9708 0.0625466 -0.935523 0.347685 -51.191 -0.996075 -0.0366534 0.0805643 4.21403
-0.0741378 -0.373279 -0.924752 -18.2067 0.117246 -0.924136 0.36363 -51.1417 -0.990332 -0.081465 0.112279 4.09548
-0.0551347 -0.477949 -0.876656 -18.3722 0.164052 -0.870395 0.464218 -51.0907 -0.98491 -0.118222 0.126397 4.00332
-0.0313141 -0.571198 -0.820215 -18.4911 0.189531 -0.809122 0.556237 -51.0554 -0.981375 -0.138038 0.133596 3.94532
0.00662924 -0.665839 -0.746066 -18.5607 0.209604 -0.728583 0.652098 -50.9764 -0.977764 -0.160702 0.134733 3.89413
0.047463 -0.742264 -0.668425 -18.6233 0.258078 -0.637345 0.726076 -50.8352 -0.964957 -0.206968 0.161312 3.83966
0.088616 -0.804566 -0.587215 -18.6541 0.313237 -0.537115 0.783192 -50.7071 -0.945532 -0.25334 0.204422 3.82787
0.147431 -0.865164 -0.479327 -18.6653 0.340588 -0.410576 0.845829 -50.604 -0.928582 -0.287954 0.234133 3.8134
0.208755 -0.912969 -0.350584 -18.6701 0.340856 -0.268081 0.901082 -50.5233 -0.916645 -0.307604 0.255228 3.79317
0.249858 -0.936892 -0.244548 -18.6786 0.350543 -0.147904 0.924794 -50.4538 -0.902602 -0.316792 0.291466 3.78019
0.274731 -0.95596 -0.103259 -18.6871 0.345038 -0.00222277 0.938586 -50.3788 -0.897481 -0.293487 0.329232 3.77132
0.337269 -0.941229 -0.0183914 -18.6777 0.318032 0.0955291 0.943255 -50.3141 -0.886062 -0.32398 0.33156 3.75667
0.39309 -0.919475 0.0067883 -18.6594 0.2651 0.120397 0.956675 -50.0836 -0.880456 -0.37426 0.29108 3.7097
0.425973 -0.903402 0.0491098 -18.67 0.208066 0.150644 0.966445 -49.8984 -0.880486 -0.401461 0.252137 3.6693
0.417322 -0.899312 0.130694 -18.6699 0.193677 0.228528 0.954078 -49.7477 -0.88788 -0.372845 0.269546 3.65725
0.427334 -0.898793 0.09776 -18.6123 0.164124 0.183455 0.96923 -49.5116 -0.889072 -0.398141 0.22591 3.63899
0.403655 -0.913959 0.0417314 -18.6001 0.212928 0.138205 0.967244 -49.3805 -0.889789 -0.381547 0.250394 3.6235
0.411656 -0.908618 0.0703751 -18.5573 0.255141 0.189038 0.948244 -49.2454 -0.874896 -0.372395 0.309645 3.51983
0.38303 -0.920978 0.0713222 -18.5083 0.216565 0.16459 0.962294 -49.0874 -0.897991 -0.353142 0.262495 3.43016
0.439498 -0.898223 -0.00604592 -18.4484 0.256353 0.118976 0.959233 -48.9482 -0.860886 -0.423131 0.282552 3.34934
0.43962 -0.897338 0.0389677 -18.3828 0.171592 0.126493 0.977014 -48.8192 -0.881641 -0.422828 0.209585 3.26651
0.412585 -0.910111 0.0383674 -18.343 0.254834 0.155758 0.954358 -48.6693 -0.874547 -0.383977 0.296191 3.2052
0.377557 -0.92495 0.0438065 -18.3133 0.305442 0.16906 0.937083 -48.5531 -0.87416 -0.340422 0.346348 3.17221
0.357862 -0.933774 -0.000474501 -18.259 0.393863 0.150484 0.906767 -48.4567 -0.846644 -0.324685 0.421631 3.11666
0.369978 -0.929038 -0.00220226 -18.1856 0.381991 0.149962 0.911918 -48.3212 -0.846876 -0.338231 0.410367 3.06101
0.356518 -0.932123 0.0635708 -18.1383 0.375225 0.205165 0.903944 -48.1533 -0.855629 -0.298419 0.4229 2.98259
0.344224 -0.937485 0.0513035 -18.125 0.356761 0.181148 0.916464 -48.0619 -0.868465 -0.297166 0.396814 2.94243
0.360154 -0.932854 -0.00848222 -18.0392 0.34472 0.124629 0.930395 -47.8879 -0.866866 -0.33801 0.36646 2.81866
0.37579 -0.926086 -0.0338674 -17.9803 0.329629 0.0994234 0.938861 -47.7696 -0.866098 -0.363979 0.342627 2.75756
0.395141 -0.917784 0.0391903 -17.927 0.287813 0.164203 0.943504 -47.6256 -0.872369 -0.361538 0.329034 2.67764
0.397855 -0.917279 0.0176221 -17.9013 0.264007 0.132862 0.955326 -47.5021 -0.878642 -0.375429 0.295028 2.62613
0.400405 -0.916186 0.016676 -17.799 0.25494 0.128861 0.958332 -47.3025 -0.88016 -0.37947 0.285169 2.51375
0.435956 -0.893938 0.104001 -17.7323 0.160367 0.190874 0.968426 -47.1983 -0.885565 -0.405513 0.226571 2.45454
0.419088 -0.883267 0.210249 -17.6687 0.134812 0.289534 0.947626 -47.0594 -0.897882 -0.368794 0.240415 2.39138
0.396258 -0.894029 0.209025 -17.5793 0.138501 0.283262 0.948989 -46.8921 -0.907633 -0.347094 0.236069 2.32946
0.420524 -0.891335 0.169357 -17.4967 0.20848 0.276601 0.938098 -46.7705 -0.883004 -0.359185 0.302143 2.30765
0.413398 -0.868978 0.271992 -17.368 0.217261 0.384219 0.897315 -46.6076 -0.884251 -0.311855 0.34763 2.28233
0.410172 -0.84981 0.331032 -17.2891 0.241868 0.451334 0.858951 -46.5196 -0.879351 -0.272252 0.390666 2.27348
0.464986 -0.813329 0.349692 -17.1017 0.225995 0.490949 0.841365 -46.3342 -0.855987 -0.312194 0.412092 2.26838
0.50092 -0.79331 0.346034 -16.9242 0.24338 0.51279 0.823294 -46.162 -0.83057 -0.328186 0.449942 2.27536
0.561518 -0.751981 0.345285 -16.7488 0.282087 0.566248 0.774461 -45.9345 -0.777897 -0.337474 0.530083 2.29024
0.559935 -0.750611 0.350794 -16.551 0.354258 0.599631 0.717596 -45.6189 -0.748982 -0.277536 0.601664 2.38104
0.566088 -0.751478 0.338858 -16.4775 0.409308 0.613044 0.675755 -45.5209 -0.71555 -0.24384 0.654623 2.42855
0.5685 -0.730861 0.37769 -16.3907 0.358176 0.633186 0.686139 -45.3909 -0.74062 -0.25479 0.621743 2.47203
0.594084 -0.678867 0.431513 -16.3228 0.380591 0.709814 0.592718 -45.2853 -0.70867 -0.187894 0.68006 2.50116
0.620087 -0.605945 0.49832 -16.2164 0.3263 0.776831 0.538574 -45.0973 -0.713457 -0.171361 0.679423 2.54952
0.6182 -0.620127 0.482982 -16.0635 0.338942 0.764714 0.548024 -44.8607 -0.709187 -0.175085 0.682934 2.61923
0.609324 -0.672821 0.419566 -15.9379 0.346096 0.701749 0.622708 -44.6853 -0.713402 -0.234221 0.660453 2.7044
0.621676 -0.662445 0.417954 -15.7 0.366236 0.717514 0.59249 -44.3617 -0.69238 -0.215267 0.688672 2.82877
0.64229 -0.618147 0.453165 -15.5411 0.347843 0.761935 0.546316 -44.1848 -0.682985 -0.193262 0.704401 2.93871
0.670923 -0.590297 0.448789 -15.2826 0.321048 0.776795 0.541772 -43.9442 -0.668424 -0.219405 0.710684 3.09151
0.64881 -0.597273 0.471499 -15.0583 0.28917 0.766657 0.573252 -43.6271 -0.703866 -0.235588 0.670128 3.22353
0.599083 -0.662166 0.450151 -14.9853 0.339291 0.719178 0.606354 -43.464 -0.725245 -0.210524 0.655514 3.26977
0.55963 -0.729363 0.393502 -14.9765 0.362538 0.642432 0.675165 -43.2806 -0.745238 -0.235183 0.623946 3.2774
0.51853 -0.810406 0.272705 -14.9945 0.380517 0.504315 0.77516 -43.1102 -0.765724 -0.298175 0.569875 3.24979
0.465346 -0.869473 0.165741 -15.0321 0.415784 0.380032 0.826256 -42.9949 -0.781394 -0.315582 0.538359 3.2269
0.404534 -0.913378 0.0457436 -15.095 0.390581 0.217783 0.894437 -42.8773 -0.826921 -0.343963 0.444848 3.2
0.353415 -0.928384 -0.114894 -15.1832 0.417693 0.0467105 0.907387 -42.7798 -0.837037 -0.368674 0.404288 3.16057
0.29378 -0.923121 -0.248073 -15.2768 0.391547 -0.120538 0.912229 -42.6969 -0.872 -0.365127 0.326034 3.1117
0.243916 -0.906668 -0.344178 -15.3717 0.364382 -0.243213 0.898929 -42.6304 -0.898739 -0.344675 0.27105 3.05612
0.198403 -0.891975 -0.406221 -15.5044 0.323509 -0.331635 0.886206 -42.5433 -0.925191 -0.307242 0.222764 2.97875
0.165291 -0.856949 -0.488177 -15.6446 0.285677 -0.432164 0.85535 -42.4819 -0.943964 -0.280843 0.173378 2.91296
0.122816 -0.793685 -0.595802 -15.8438 0.237922 -0.559292 0.794094 -42.4231 -0.963488 -0.239282 0.120145 2.8151
0.0835812 -0.725848 -0.682759 -16.0082 0.220086 -0.654791 0.723057 -42.3789 -0.971893 -0.2107 0.105021 2.73623
0.0548146 -0.631842 -0.773157 -16.1686 0.179321 -0.755502 0.630127 -42.3671 -0.982262 -0.173183 0.0718897 2.67004
0.0384331 -0.554302 -0.831428 -16.2895 0.124526 -0.8229 0.554372 -42.3866 -0.991472 -0.124841 0.0373984 2.62163
0.0187883 -0.419609 -0.907511 -16.4445 0.058708 -0.905642 0.41996 -42.4395 -0.998098 -0.0611685 0.00761896 2.54128
-0.0019411 -0.317951 -0.948105 -16.5645 -0.00650954 -0.948083 0.317957 -42.5069 -0.999977 0.00678891 -0.000229384 2.45965
0.0363281 -0.214678 -0.976009 -16.6863 -0.0638203 -0.975158 0.212115 -42.5897 -0.9973 0.0545834 -0.0491265 2.39243
0.0557363 -0.0638825 -0.9964 -16.8372 -0.117528 -0.991433 0.0569899 -42.7092 -0.991504 0.113928 -0.0627668 2.32012
0.0673835 0.106256 -0.992053 -16.9466 -0.179374 -0.976822 -0.116808 -42.8324 -0.981471 0.185819 -0.0467622 2.25662
0.113422 0.228906 -0.966818 -17.0178 -0.22477 -0.941957 -0.249389 -42.9368 -0.967788 0.245598 -0.0553876 2.22522
0.100901 0.3704 -0.923376 -17.0601 -0.259821 -0.886094 -0.383837 -43.0415 -0.960371 0.278642 0.00682967 2.21027
0.164506 0.483065 -0.859992 -17.0583 -0.309294 -0.802636 -0.510012 -43.1397 -0.936629 0.349891 0.0173705 2.21116
0.194634 0.584173 -0.787947 -17.0489 -0.329754 -0.717585 -0.613461 -43.2411 -0.923786 0.379229 0.0529669 2.21173
0.244703 0.642667 -0.726016 -17.0378 -0.364082 -0.633084 -0.683117 -43.3347 -0.898646 0.43149 0.079066 2.21198
0.298584 0.732382 -0.611935 -17.0065 -0.373707 -0.500265 -0.781075 -43.4799 -0.878175 0.461901 0.124326 2.22364
0.360363 0.784345 -0.504917 -16.9596 -0.383664 -0.368755 -0.846653 -43.6135 -0.850259 0.498821 0.16804 2.24913
0.402426 0.822212 -0.402518 -16.921 -0.382548 -0.248425 -0.889911 -43.7293 -0.831691 0.512106 0.214563 2.26732
0.447071 0.855133 -0.262443 -16.8725 -0.356711 -0.0986199 -0.928995 -43.8852 -0.820296 0.508942 0.260945 2.27767
0.498103 0.855921 -0.138898 -16.8173 -0.326512 0.0367447 -0.944479 -43.9982 -0.803296 0.515799 0.297771 2.29641
0.517917 0.855016 -0.0266372 -16.7691 -0.318216 0.163665 -0.933784 -44.1003 -0.79404 0.492099 0.356845 2.31733
0.57015 0.818438 0.0713306 -16.6682 -0.289355 0.281316 -0.914951 -44.2658 -0.768897 0.50102 0.397211 2.36932
0.608641 0.780853 0.1408 -16.5355 -0.266264 0.36817 -0.890817 -44.4087 -0.747435 0.504697 0.431997 2.44767
0.654217 0.742534 0.143677 -16.3951 -0.2944 0.425011 -0.855976 -44.6403 -0.696656 0.517695 0.496651 2.54168
0.665713 0.732079 0.144518 -16.3035 -0.322154 0.456653 -0.829268 -44.8333 -0.673084 0.505497 0.539843 2.61423
0.695147 0.712643 0.094396 -16.1223 -0.334084 0.436532 -0.835361 -45.1612 -0.636521 0.549162 0.541536 2.71814
0.704473 0.69934 0.121001 -16.0106 -0.314832 0.460721 -0.829829 -45.3422 -0.636081 0.546497 0.54474 2.77941
0.700698 0.702141 0.126569 -15.8623 -0.32112 0.468792 -0.822871 -45.656 -0.637106 0.53594 0.553953 2.84189
0.638607 0.765936 0.0743127 -15.7557 -0.352664 0.377126 -0.85639 -45.8611 -0.683966 0.520689 0.510954 2.87003
0.601202 0.798857 -0.0195828 -15.6813 -0.335523 0.230115 -0.913494 -46.0256 -0.725245 0.555765 0.406381 2.87883
0.55852 0.825425 -0.0820235 -15.6518 -0.336092 0.134788 -0.932134 -46.136 -0.758352 0.548183 0.352701 2.88919
0.529771 0.834825 -0.149697 -15.623 -0.324747 0.0366116 -0.945092 -46.247 -0.783506 0.549296 0.290503 2.88059
0.509137 0.831541 -0.222078 -15.5811 -0.294253 -0.0743067 -0.952835 -46.4483 -0.808823 0.550471 0.206851 2.86871
0.482344 0.836994 -0.25843 -15.5042 -0.306504 -0.115109 -0.944884 -46.6733 -0.820609 0.534969 0.201019 2.88682
0.476014 0.817778 -0.323497 -15.4729 -0.292262 -0.199837 -0.935226 -46.8076 -0.829454 0.539727 0.14388 2.8906
0.464192 0.823033 -0.327326 -15.472 -0.292097 -0.206635 -0.933799 -47.0776 -0.836185 0.529073 0.144487 2.85871
0.439223 0.840161 -0.318138 -15.4559 -0.345528 -0.168901 -0.923083 -47.2596 -0.829273 0.515365 0.216114 2.83781
0.423132 0.845972 -0.324485 -15.3814 -0.331822 -0.188562 -0.924304 -47.4174 -0.843121 0.498774 0.200926 2.7327
0.454767 0.827534 -0.329202 -15.3415 -0.303815 -0.203316 -0.930784 -47.5301 -0.837188 0.523307 0.158956 2.65787
0.430704 0.848689 -0.306955 -15.3311 -0.338032 -0.163656 -0.926796 -47.7077 -0.836796 0.502935 0.216397 2.57034
0.423441 0.851393 -0.309559 -15.3144 -0.357517 -0.156921 -0.920629 -47.8281 -0.832393 0.500505 0.237941 2.5159
0.405118 0.844515 -0.350248 -15.2587 -0.358586 -0.205627 -0.910568 -48.0013 -0.841009 0.494482 0.219528 2.41984
0.445395 0.829624 -0.336672 -15.2214 -0.338626 -0.192007 -0.921122 -48.1461 -0.828828 0.524269 0.195414 2.34278
0.445286 0.85645 -0.261176 -15.1773 -0.290632 -0.137648 -0.946882 -48.3339 -0.846908 0.49754 0.187619 2.23965
0.458896 0.818955 -0.344567 -15.145 -0.35266 -0.188065 -0.916659 -48.5035 -0.815503 0.542166 0.20251 2.16446
0.468835 0.812506 -0.346449 -15.1053 -0.374514 -0.172368 -0.911059 -48.7689 -0.799958 0.556886 0.223482 2.05019
0.455129 0.832633 -0.315561 -15.0756 -0.366772 -0.147629 -0.918523 -48.938 -0.811379 0.533786 0.238196 1.93982
0.464572 0.788006 -0.404004 -15.0504 -0.424854 -0.201949 -0.882449 -49.091 -0.776963 0.581604 0.240968 1.85362
0.440857 0.798778 -0.409388 -15.0095 -0.445991 -0.200872 -0.872206 -49.2335 -0.778933 0.567101 0.267692 1.78117
0.448328 0.816747 -0.363217 -14.972 -0.470622 -0.129783 -0.872738 -49.3587 -0.759945 0.562211 0.326194 1.6974
0.440542 0.799623 -0.408076 -14.9476 -0.470821 -0.181236 -0.863412 -49.5194 -0.764362 0.5725 0.296637 1.58777
0.440072 0.756432 -0.483888 -14.919 -0.47758 -0.259178 -0.839491 -49.6496 -0.760431 0.600531 0.247199 1.51258
0.446418 0.788134 -0.423741 -14.8648 -0.434424 -0.223107 -0.872639 -49.8108 -0.782296 0.573645 0.242785 1.43167
0.460324 0.799738 -0.385385 -14.8214 -0.399473 -0.201078 -0.894421 -50.0063 -0.792794 0.565674 0.226913 1.32946
0.44447 0.790117 -0.422092 -14.7864 -0.406571 -0.241934 -0.881004 -50.1822 -0.798215 0.56319 0.213706 1.25394
0.446768 0.778916 -0.4401 -14.772 -0.421232 -0.250844 -0.871574 -50.3349 -0.789279 0.574775 0.216035 1.19715
0.443825 0.761552 -0.47229 -14.7955 -0.411367 -0.295081 -0.862383 -50.5436 -0.796113 0.577032 0.182313 1.09499
0.415369 0.734398 -0.536776 -14.8421 -0.38546 -0.392392 -0.835134 -50.6954 -0.823948 0.553794 0.120094 1.0225
0.369509 0.692627 -0.61946 -14.8723 -0.395297 -0.486145 -0.779361 -50.7994 -0.840954 0.532852 0.0941587 0.974692
0.37973 0.630362 -0.677088 -14.9178 -0.351566 -0.578665 -0.735899 -50.8947 -0.855691 0.517484 0.00187761 0.938366
0.383936 0.577432 -0.720531 -15.0246 -0.369311 -0.619172 -0.69299 -51.035 -0.846288 0.532164 -0.0244704 0.905792
0.314434 0.519141 -0.794748 -15.16 -0.352733 -0.713373 -0.60554 -51.1537 -0.881312 0.470736 -0.041191 0.868653
0.24299 0.430257 -0.869388 -15.2965 -0.308498 -0.81544 -0.489782 -51.2381 -0.919666 0.387216 -0.0654103 0.827266
0.164961 0.360137 -0.918199 -15.3769 -0.29943 -0.868729 -0.394528 -51.277 -0.93975 0.340018 -0.0354706 0.802777
0.0997635 0.26784 -0.958284 -15.4556 -0.276023 -0.917841 -0.285272 -51.3012 -0.95596 0.292968 -0.017637 0.790944
0.0362891 0.191743 -0.980774 -15.5557 -0.216359 -0.956636 -0.195029 -51.3177 -0.975639 0.219277 0.00676989 0.793482
0.00428444 0.0724747 -0.997361 -15.6261 -0.18135 -0.980776 -0.0720486 -51.3112 -0.983409 0.18118 0.00894119 0.772871
-0.0492394 -0.0387506 -0.998035 -15.695 -0.135233 -0.989787 0.0451023 -51.2983 -0.98959 0.137188 0.0434961 0.74873
-0.0824094 -0.167831 -0.982365 -15.7986 -0.0707692 -0.982244 0.173747 -51.2659 -0.994083 0.0838395 0.0690689 0.692383
-0.0610565 -0.280455 -0.957923 -15.923 -0.0376293 -0.958385 0.282989 -51.2383 -0.997425 0.0533243 0.0479623 0.627809
-0.0743072 -0.395757 -0.915344 -16.0853 0.00795924 -0.918088 0.396297 -51.2006 -0.997204 0.0221623 0.0713705 0.545626
-0.082664 -0.492472 -0.866394 -16.2192 0.0429916 -0.870322 0.490603 -51.1698 -0.99565 0.00330757 0.0931165 0.487644
-0.0247652 -0.575016 -0.817767 -16.2978 0.0885376 -0.816065 0.571138 -51.1318 -0.995765 -0.0582588 0.0711206 0.432763
0.000882282 -0.685386 -0.728179 -16.4016 0.130457 -0.721878 0.679613 -51.0498 -0.991454 -0.0955959 0.0887767 0.34632
0.0427051 -0.772586 -0.633472 -16.495 0.174545 -0.61853 0.76613 -50.9509 -0.983723 -0.143287 0.108437 0.267698
0.0990223 -0.83533 -0.540757 -16.5444 0.162506 -0.522557 0.836974 -50.8823 -0.981726 -0.170755 0.0840011 0.217605
0.138027 -0.894544 -0.425134 -16.5874 0.187086 -0.397967 0.898121 -50.8051 -0.972598 -0.203501 0.112427 0.182351
0.17539 -0.937645 -0.3001 -16.6201 0.217246 -0.26045 0.940728 -50.7237 -0.960231 -0.23019 0.158019 0.134464
0.241241 -0.954723 -0.17409 -16.6499 0.20838 -0.124245 0.970124 -50.6553 -0.94783 -0.27031 0.168972 0.107721
0.294341 -0.953336 -0.0671865 -16.6741 0.206407 -0.00522861 0.978452 -50.5659 -0.933145 -0.301866 0.195237 0.0705218
0.349077 -0.937059 0.00810649 -16.7242 0.212891 0.0877255 0.97313 -50.3144 -0.912591 -0.337971 0.230115 0.0213166
0.374234 -0.923041 0.0891255 -16.7632 0.197335 0.173176 0.964919 -50.0529 -0.906095 -0.343518 0.246957 -0.0399114
0.358186 -0.921482 0.150247 -16.7864 0.192248 0.230269 0.953948 -49.8844 -0.913643 -0.312806 0.259632 -0.0448908
0.399597 -0.905197 0.144711 -16.7411 0.167442 0.227282 0.959326 -49.6116 -0.901269 -0.359113 0.242389 -0.0760054
0.382501 -0.915774 0.122684 -16.7177 0.191687 0.208545 0.959044 -49.4783 -0.903852 -0.343319 0.255311 -0.0866824
0.381939 -0.907329 0.175718 -16.6255 0.217968 0.273205 0.936936 -49.2126 -0.898116 -0.319551 0.302116 -0.219907
0.409507 -0.901882 0.137526 -16.5181 0.169085 0.223164 0.960004 -48.985 -0.896501 -0.369875 0.243881 -0.335737
0.393392 -0.910336 0.128574 -16.436 0.206981 0.223955 0.952367 -48.7548 -0.895769 -0.348041 0.276525 -0.443019
0.393754 -0.913952 0.0982329 -16.357 0.211735 0.194171 0.957844 -48.5139 -0.894498 -0.356356 0.269971 -0.558446
0.403736 -0.907333 0.117239 -16.2642 0.218776 0.22018 0.950609 -48.299 -0.888332 -0.358146 0.287397 -0.679969
0.387159 -0.908423 0.15772 -16.1927 0.185077 0.244149 0.951913 -48.1131 -0.903247 -0.339351 0.262653 -0.786681
0.400667 -0.911383 0.0940629 -16.0864 0.257692 0.210613 0.942994 -47.8227 -0.879239 -0.353587 0.319242 -0.900938
0.356563 -0.922759 0.146217 -16.0281 0.253325 0.24613 0.935546 -47.6904 -0.899271 -0.296541 0.321519 -0.978976
0.386422 -0.912156 0.136565 -15.9754 0.194771 0.22543 0.954592 -47.5607 -0.901522 -0.342276 0.264772 -1.0512
0.379028 -0.922528 0.0726657 -15.8829 0.231172 0.170428 0.957869 -47.3382 -0.896045 -0.346261 0.27786 -1.13199
0.374723 -0.918492 0.126311 -15.8053 0.2499 0.231256 0.94025 -47.1859 -0.892823 -0.320768 0.316188 -1.18764
0.391103 -0.911538 0.127028 -15.6606 0.242665 0.235272 0.941149 -46.8782 -0.887779 -0.337261 0.313214 -1.32959
0.404026 -0.883268 0.23791 -15.4963 0.232626 0.350743 0.907119 -46.5692 -0.884674 -0.311156 0.347181 -1.43814
0.388328 -0.87397 0.292194 -15.3617 0.188847 0.385822 0.903038 -46.3602 -0.901963 -0.295495 0.314872 -1.51565
0.425276 -0.853037 0.302437 -15.1848 0.244386 0.42998 0.869133 -46.0504 -0.871445 -0.29571 0.39133 -1.54966
0.432428 -0.829489 0.353487 -15.0536 0.250389 0.487088 0.83669 -45.7447 -0.866205 -0.2733 0.418325 -1.46994
0.458011 -0.825334 0.330226 -14.9083 0.364537 0.513188 0.777014 -45.4981 -0.810764 -0.235502 0.535911 -1.36958
0.521976 -0.785503 0.332454 -14.7973 0.401129 0.570036 0.717046 -45.3146 -0.752753 -0.240924 0.612633 -1.26597
0.549828 -0.751676 0.364242 -14.6708 0.444855 0.632603 0.63397 -45.1314 -0.70696 -0.18654 0.68221 -1.16736
0.594126 -0.706163 0.385161 -14.5519 0.418677 0.680344 0.601533 -44.9615 -0.686822 -0.196128 0.699864 -1.08691
0.641759 -0.652321 0.403266 -14.4035 0.434297 0.742519 0.509953 -44.8193 -0.632085 -0.152129 0.759819 -1.0174
0.65435 -0.628171 0.420984 -14.1274 0.416328 0.764011 0.492907 -44.5111 -0.631266 -0.147267 0.761456 -0.868811
0.714262 -0.539682 0.445616 -13.9147 0.339664 0.823994 0.453499 -44.3137 -0.61193 -0.172558 0.771858 -0.794524
0.737663 -0.456204 0.497726 -13.7868 0.282118 0.878016 0.38665 -44.2041 -0.613402 -0.1448 0.776383 -0.745502
0.740471 -0.365043 0.564311 -13.6884 0.233632 0.927081 0.293148 -44.1096 -0.630174 -0.0852263 0.771763 -0.692773
0.736268 -0.415692 0.533956 -13.5208 0.266582 0.90344 0.335753 -43.8681 -0.621968 -0.104861 0.77599 -0.614562
0.717035 -0.506128 0.479266 -13.4963 0.319275 0.849686 0.41964 -43.7336 -0.619617 -0.147879 0.770848 -0.603082
0.651402 -0.621724 0.434897 -13.5037 0.364022 0.759003 0.539817 -43.5819 -0.665705 -0.193326 0.720737 -0.596083
0.609462 -0.729365 0.310778 -13.5368 0.3897 0.616968 0.683728 -43.4342 -0.690427 -0.295596 0.660252 -0.602108
0.514913 -0.832978 0.202515 -13.5918 0.454481 0.465568 0.759403 -43.3115 -0.726851 -0.298988 0.6183 -0.621275
0.458435 -0.886021 0.0693144 -13.6649 0.492162 0.318042 0.810325 -43.2027 -0.740009 -0.337368 0.581867 -0.656305
0.364622 -0.93086 -0.0234732 -13.7258 0.486113 0.168791 0.85744 -43.1137 -0.794194 -0.324052 0.514048 -0.685819
0.323927 -0.937803 -0.124887 -13.7931 0.454042 0.0382889 0.890157 -43.0301 -0.83001 -0.34505 0.438205 -0.725696
0.237929 -0.932527 -0.271629 -13.9076 0.432846 -0.148554 0.889143 -42.9153 -0.869502 -0.329126 0.368296 -0.790945
0.200505 -0.895224 -0.397959 -13.9992 0.415902 -0.290007 0.861929 -42.8408 -0.88703 -0.338333 0.314178 -0.849132
0.138931 -0.857936 -0.494616 -14.0984 0.36693 -0.419313 0.830385 -42.7783 -0.919816 -0.296855 0.256547 -0.90689
0.115908 -0.787499 -0.605319 -14.2088 0.288184 -0.556549 0.779233 -42.7377 -0.950534 -0.264762 0.162436 -0.961145
0.0578635 -0.711411 -0.70039 -14.3258 0.234426 -0.672266 0.702213 -42.7255 -0.97041 -0.204822 0.127873 -1.01508
0.0471084 -0.618423 -0.784432 -14.4314 0.190503 -0.765328 0.614802 -42.7266 -0.980556 -0.178399 0.0817579 -1.07246
0.00485547 -0.537753 -0.843088 -14.5283 0.131809 -0.835398 0.533607 -42.7328 -0.991263 -0.113717 0.0668244 -1.12718
-0.0248199 -0.429657 -0.902651 -14.6583 0.0535237 -0.902205 0.427973 -42.7433 -0.998258 -0.037691 0.0453895 -1.19815
-0.0344533 -0.375363 -0.926237 -14.8626 -0.0265866 -0.926115 0.376302 -42.7576 -0.999053 0.0375903 0.0219281 -1.29719
-0.0261639 -0.2907 -0.956456 -15.038 -0.0567037 -0.954812 0.291752 -42.7679 -0.998048 0.061868 0.00849777 -1.40502
0.00925835 -0.228484 -0.973504 -15.2435 -0.116735 -0.967136 0.225879 -42.8078 -0.99312 0.11155 -0.0356261 -1.5063
0.057834 -0.150096 -0.986978 -15.5295 -0.139786 -0.980111 0.140861 -42.9187 -0.988491 0.129819 -0.077665 -1.67639
0.0646512 -0.0971718 -0.993166 -15.9686 -0.147322 -0.985272 0.0868094 -43.0345 -0.986973 0.140702 -0.0780145 -1.90517
0.049762 -0.119944 -0.991533 -16.3024 -0.118105 -0.986504 0.113408 -43.0928 -0.991753 0.111461 -0.0632564 -2.07168
0.072896 -0.179164 -0.981115 -16.5456 -0.10066 -0.98003 0.171487 -43.1126 -0.992247 0.0862583 -0.089475 -2.18745
0.094339 -0.147246 -0.984591 -16.9291 -0.0806718 -0.98688 0.139859 -43.1474 -0.992266 0.0662346 -0.10498 -2.3967
0.0421307 -0.104774 -0.993603 -17.1431 -0.145423 -0.984539 0.0976516 -43.2387 -0.988472 0.140379 -0.0567158 -2.49281
0.0567039 -0.032862 -0.99785 -17.2573 -0.185821 -0.982342 0.0217917 -43.319 -0.980946 0.184186 -0.061809 -2.54018
0.0924249 0.108395 -0.989802 -17.3292 -0.243342 -0.961456 -0.128013 -43.421 -0.965527 0.252692 -0.0624855 -2.58536
0.119367 0.268112 -0.955964 -17.3808 -0.241417 -0.926113 -0.289884 -43.4936 -0.963052 0.265389 -0.0458205 -2.61622
0.164871 0.38 -0.910175 -17.4164 -0.283865 -0.865477 -0.412758 -43.5638 -0.944584 0.326419 -0.0348234 -2.63233
0.197645 0.482798 -0.853137 -17.4109 -0.373209 -0.767702 -0.520911 -43.6194 -0.90645 0.421354 0.0284526 -2.61852
0.245005 0.608109 -0.7551 -17.3817 -0.395711 -0.64829 -0.650486 -43.6686 -0.88509 0.458174 0.0818012 -2.59825
0.298888 0.680606 -0.66891 -17.343 -0.418332 -0.536564 -0.732869 -43.6989 -0.857709 0.498872 0.124347 -2.58037
0.36568 0.711561 -0.599965 -17.3008 -0.430748 -0.442039 -0.786802 -43.7186 -0.825066 0.546152 0.144859 -2.56175
0.439821 0.745233 -0.501184 -17.235 -0.428349 -0.31642 -0.846402 -43.736 -0.789351 0.586947 0.180051 -2.52916
0.481605 0.788705 -0.382101 -17.152 -0.41469 -0.17901 -0.892181 -43.73 -0.772068 0.588132 0.240856 -2.48783
0.53887 0.79495 -0.2787 -17.0887 -0.385827 -0.0611906 -0.92054 -43.7183 -0.748837 0.603581 0.27374 -2.45541
0.589665 0.787224 -0.180482 -16.9928 -0.373493 0.067657 -0.925162 -43.6967 -0.716099 0.612945 0.333918 -2.41016
0.632072 0.771151 -0.076232 -16.9087 -0.33504 0.183252 -0.924211 -43.683 -0.698736 0.609709 0.374195 -2.37385
0.667754 0.744226 0.0152309 -16.8144 -0.318963 0.304556 -0.897501 -43.6753 -0.672582 0.594452 0.440749 -2.32386
0.690021 0.713111 0.123868 -16.7124 -0.265524 0.408608 -0.873234 -43.6878 -0.673326 0.56966 0.471296 -2.29062
0.702255 0.709057 0.0638372 -16.6489 -0.297448 0.373693 -0.878566 -43.759 -0.646809 0.59799 0.473335 -2.2561
0.652316 0.756778 -0.0420663 -16.641 -0.334853 0.237952 -0.91173 -43.838 -0.679968 0.608823 0.40863 -2.25177
0.598599 0.781889 -0.174152 -16.6617 -0.350833 0.0604514 -0.934485 -43.8944 -0.720135 0.62048 0.310499 -2.27358
0.57085 0.763903 -0.300969 -16.69 -0.373825 -0.0845508 -0.923637 -43.9208 -0.731017 0.639768 0.2373 -2.28294
0.500163 0.757785 -0.419046 -16.7312 -0.411776 -0.21757 -0.884931 -43.9284 -0.761759 0.615163 0.203217 -2.28875
0.460963 0.743944 -0.483798 -16.7591 -0.388799 -0.320759 -0.863683 -43.9417 -0.797714 0.586227 0.141386 -2.30993
0.450993 0.755935 -0.474519 -16.8036 -0.394435 -0.308117 -0.865728 -44.0088 -0.800641 0.577604 0.159209 -2.3317
0.467215 0.779753 -0.416767 -16.7942 -0.3713 -0.254756 -0.892881 -44.0516 -0.8024 0.571913 0.170497 -2.33869
0.508909 0.802968 -0.310249 -16.7316 -0.352785 -0.134207 -0.92603 -44.0513 -0.78521 0.580716 0.214976 -2.31573
0.553529 0.810529 -0.191438 -16.6602 -0.328076 0.000933848 -0.944651 -44.0311 -0.765488 0.585698 0.266432 -2.27801
0.592745 0.801943 -0.0744399 -16.5713 -0.32329 0.15226 -0.93397 -43.9796 -0.737657 0.577672 0.349512 -2.22004
0.622909 0.781328 0.0388552 -16.4919 -0.323918 0.302815 -0.896315 -43.9163 -0.712082 0.545737 0.441713 -2.15997
0.673556 0.726883 0.134028 -16.4123 -0.314686 0.446086 -0.837842 -43.8481 -0.668801 0.522157 0.529204 -2.10234
0.698594 0.671887 0.246035 -16.3385 -0.280729 0.573661 -0.769483 -43.7872 -0.658147 0.468487 0.589375 -2.06129
0.706312 0.620937 0.339943 -16.2459 -0.263444 0.676282 -0.687924 -43.7327 -0.657055 0.396333 0.641248 -2.02302
0.726026 0.547936 0.415514 -16.1525 -0.202523 0.747812 -0.632267 -43.7016 -0.657168 0.374891 0.653901 -1.99439
0.752793 0.449316 0.481059 -16.063 -0.147049 0.827127 -0.542436 -43.6778 -0.641622 0.337603 0.688727 -1.96244
0.758514 0.325368 0.564618 -15.9571 -0.0839741 0.908012 -0.410441 -43.6418 -0.646224 0.263912 0.716062 -1.90978
0.750594 0.228525 0.619987 -15.8551 -0.0310985 0.949468 -0.312321 -43.5971 -0.660031 0.215145 0.719772 -1.87108
0.750064 0.130953 0.648271 -15.7602 -0.0094856 0.982231 -0.187438 -43.5381 -0.661297 0.134442 0.737978 -1.83041
0.752423 0.0459683 0.657074 -15.5544 0.0263552 0.994662 -0.0997653 -43.4427 -0.658152 0.092383 0.747195 -1.70425
0.770008 0.057238 0.635462 -15.3201 0.044271 0.988774 -0.142706 -43.416 -0.636497 0.138018 0.75883 -1.57034
0.778045 0.0934673 0.621216 -15.0711 0.021876 0.984239 -0.175486 -43.4627 -0.627828 0.150126 0.763737 -1.44239
0.766414 0.184441 0.615298 -14.9203 0.00388683 0.956541 -0.291573 -43.5411 -0.642336 0.225857 0.732389 -1.35556
0.772835 0.275315 0.571776 -14.8123 -0.00647068 0.904364 -0.426712 -43.6253 -0.634574 0.326079 0.700706 -1.29297
0.780558 0.376233 0.499176 -14.7619 -0.0709056 0.846715 -0.527301 -43.6924 -0.621048 0.376195 0.687587 -1.25798
0.765218 0.498813 0.406972 -14.7064 -0.138558 0.744966 -0.652555 -43.8044 -0.628683 0.442958 0.639176 -1.21446
0.748303 0.592451 0.298402 -14.6729 -0.183436 0.617103 -0.765203 -43.9209 -0.63749 0.517866 0.570457 -1.20113
0.729412 0.651034 0.210029 -14.6234 -0.232819 0.524956 -0.818667 -44.0385 -0.643237 0.548247 0.534483 -1.18566
0.691843 0.704945 0.156224 -14.5058 -0.280506 0.461774 -0.841476 -44.2423 -0.665334 0.538347 0.517216 -1.1142
0.667466 0.737745 0.101098 -14.3 -0.283066 0.376956 -0.881917 -44.5705 -0.688739 0.560033 0.460436 -1.01346
0.646905 0.758887 0.0748556 -14.2568 -0.270831 0.320405 -0.90774 -44.7312 -0.712856 0.566948 0.412802 -0.98051
0.617488 0.7858 0.0350116 -14.1524 -0.259479 0.245517 -0.934019 -45.0075 -0.742549 0.567661 0.355503 -0.967758
0.593523 0.803899 0.0384256 -14.045 -0.240071 0.222413 -0.944933 -45.2865 -0.768177 0.551615 0.325 -0.915644
0.599761 0.797241 -0.0685154 -13.9592 -0.267812 0.11931 -0.956056 -45.524 -0.754032 0.591754 0.285068 -0.880145
0.596941 0.79474 -0.10977 -13.9098 -0.238826 0.0454088 -0.97 -45.728 -0.765914 0.605249 0.216911 -0.843229
0.597142 0.788153 -0.149117 -13.8694 -0.257724 0.0124733 -0.966138 -45.9787 -0.759605 0.615353 0.210575 -0.861003
0.508618 0.84221 -0.178858 -13.8466 -0.258754 -0.0486106 -0.964719 -46.2337 -0.82119 0.536954 0.193201 -0.839381
0.492129 0.851453 -0.181211 -13.7942 -0.204075 -0.0895204 -0.974854 -46.4076 -0.846264 0.516735 0.129705 -0.873093
0.532178 0.800102 -0.276807 -13.7698 -0.255272 -0.160094 -0.953523 -46.5959 -0.807231 0.578106 0.119045 -0.84009
0.47471 0.835552 -0.276592 -13.7643 -0.241475 -0.178557 -0.953838 -46.8007 -0.846369 0.519586 0.117003 -0.821515
0.435583 0.862816 -0.256545 -13.7541 -0.189848 -0.190535 -0.963148 -46.8568 -0.879901 0.468236 0.0808103 -0.828891
0.473979 0.842163 -0.25711 -13.6902 -0.137364 -0.217699 -0.966301 -46.8333 -0.869756 0.493324 0.0124987 -0.821615
0.483541 0.823832 -0.295787 -13.6624 -0.158634 -0.249845 -0.955203 -46.915 -0.860827 0.508801 0.00987766 -0.811893
0.477683 0.847063 -0.233032 -13.6758 -0.179372 -0.165628 -0.969739 -47.1352 -0.860026 0.505027 0.0728215 -0.84585
0.473203 0.838832 -0.269148 -13.6846 -0.22854 -0.178169 -0.957092 -47.2999 -0.850793 0.51441 0.107396 -0.883601
0.478306 0.793898 -0.375432 -13.6607 -0.288154 -0.261959 -0.921056 -47.4655 -0.829573 0.548729 0.103468 -0.981353
0.476223 0.800022 -0.364934 -13.6207 -0.298533 -0.243268 -0.922875 -47.6528 -0.827097 0.54844 0.122983 -1.09588
0.44574 0.827002 -0.342613 -13.5864 -0.303216 -0.220624 -0.92703 -47.8751 -0.842244 0.5171 0.152419 -1.21243
0.436456 0.784528 -0.44048 -13.568 -0.377712 -0.284573 -0.881108 -48.04 -0.816603 0.55094 0.172122 -1.30174
0.443875 0.7883 -0.426096 -13.5363 -0.430507 -0.229437 -0.872939 -48.252 -0.7859 0.570913 0.237527 -1.41509
0.442627 0.826916 -0.346829 -13.4705 -0.326281 -0.211746 -0.921252 -48.3996 -0.835238 0.520935 0.176082 -1.52979
0.460758 0.825235 -0.326633 -13.3872 -0.304429 -0.198747 -0.93157 -48.6078 -0.833681 0.528665 0.159651 -1.62464
0.485403 0.832994 -0.265529 -13.3111 -0.289297 -0.133569 -0.947875 -48.866 -0.82504 0.536918 0.176148 -1.74241
0.490439 0.80792 -0.326702 -13.2482 -0.311561 -0.187557 -0.931532 -49.1052 -0.813879 0.558648 0.159731 -1.85619
0.508109 0.79838 -0.323134 -13.2015 -0.234392 -0.232837 -0.943847 -49.2708 -0.828786 0.555317 0.0688271 -1.94667
0.480445 0.829772 -0.283992 -13.1748 -0.251072 -0.180131 -0.95106 -49.4491 -0.840319 0.528235 0.121789 -2.0423
0.516419 0.80559 -0.290407 -13.1251 -0.21567 -0.205843 -0.954524 -49.6364 -0.828733 0.555566 0.0674401 -2.18716
0.530065 0.794504 -0.296302 -13.0893 -0.180561 -0.235661 -0.954914 -49.877 -0.82851 0.559668 0.0185403 -2.33889
0.507039 0.781251 -0.364087 -13.0769 -0.213432 -0.295454 -0.931211 -50.0739 -0.83508 0.549868 0.0169372 -2.44835
0.49886 0.748019 -0.437728 -13.0708 -0.186063 -0.400852 -0.89705 -50.1998 -0.846475 0.528947 -0.0607903 -2.52537
0.534225 0.685005 -0.495351 -13.0691 -0.201268 -0.466057 -0.861558 -50.3578 -0.821033 0.559964 -0.11111 -2.61869
0.442893 0.681094 -0.583058 -13.0962 -0.261207 -0.524086 -0.81062 -50.5303 -0.857681 0.511316 -0.0542078 -2.71184
0.387119 0.628046 -0.675053 -13.1262 -0.328911 -0.589906 -0.737447 -50.613 -0.861369 0.507512 -0.0217928 -2.75913
0.312058 0.565338 -0.763552 -13.1647 -0.403149 -0.648944 -0.645246 -50.6972 -0.860285 0.50918 0.0254078 -2.80506
0.217666 0.492936 -0.842399 -13.2062 -0.431653 -0.72548 -0.536054 -50.7712 -0.875384 0.480305 0.0548647 -2.84479
0.183444 0.341956 -0.921637 -13.2819 -0.414298 -0.823322 -0.387941 -50.8557 -0.891463 0.452997 -0.00936171 -2.89025
0.112456 0.259322 -0.959221 -13.3686 -0.361145 -0.888661 -0.282586 -50.9444 -0.925704 0.378197 -0.00628205 -2.94373
0.0143456 0.19404 -0.980889 -13.4458 -0.310423 -0.931653 -0.18884 -51.0061 -0.95049 0.3072 0.0468695 -2.98156
-0.035169 0.0768603 -0.996421 -13.5623 -0.243138 -0.967739 -0.0660663 -51.0839 -0.969354 0.239944 0.0527221 -3.02381
-0.110858 -0.0402844 -0.99302 -13.6583 -0.201676 -0.977477 0.0621684 -51.13 -0.973158 0.20716 0.100236 -3.05448
-0.170187 -0.19428 -0.96607 -13.747 -0.131229 -0.967171 0.21762 -51.153 -0.976635 0.163813 0.139105 -3.09786
-0.164353 -0.314132 -0.935045 -13.8047 -0.0247828 -0.946321 0.322276 -51.1562 -0.98609 0.0761402 0.147746 -3.12399
-0.152559 -0.399051 -0.904148 -13.857 0.0620622 -0.91692 0.394216 -51.1592 -0.986344 0.00402789 0.164651 -3.14687
-0.127986 -0.478175 -0.868889 -13.951 0.181959 -0.872544 0.453385 -51.1594 -0.974941 -0.100075 0.198681 -3.19688
-0.162559 -0.580262 -0.798042 -14.0584 0.262561 -0.805078 0.531895 -51.1442 -0.951124 -0.12307 0.283226 -3.24771
-0.092645 -0.667752 -0.738596 -14.2054 0.354708 -0.715254 0.602157 -51.1105 -0.930376 -0.206199 0.303122 -3.30727
-0.0103247 -0.763623 -0.64558 -14.3327 0.372624 -0.602051 0.706176 -51.0462 -0.927925 -0.233268 0.290761 -3.37483
0.055333 -0.842897 -0.535222 -14.4508 0.351306 -0.485332 0.800648 -50.9765 -0.934624 -0.232329 0.26926 -3.4286
0.13482 -0.87776 -0.45974 -14.5149 0.339165 -0.395069 0.853749 -50.9068 -0.931016 -0.27103 0.244442 -3.47661
0.169321 -0.921605 -0.349249 -14.5856 0.336576 -0.278989 0.899379 -50.7654 -0.926308 -0.269832 0.262952 -3.54742
0.256665 -0.922537 -0.288183 -14.6688 0.3071 -0.204875 0.929363 -50.5922 -0.916413 -0.327036 0.230727 -3.61119
0.313563 -0.933168 -0.175714 -14.7047 0.304401 -0.0764982 0.949467 -50.4066 -0.899454 -0.351205 0.26007 -3.67869
0.351861 -0.93486 -0.0472356 -14.7141 0.250376 0.045372 0.967085 -50.2653 -0.901946 -0.352106 0.250031 -3.70458
0.36471 -0.929767 0.0501976 -14.709 0.264906 0.155293 0.951687 -50.0669 -0.892643 -0.333792 0.302938 -3.72866
0.405184 -0.907659 0.10946 -14.7207 0.225497 0.215249 0.950168 -49.7653 -0.885989 -0.36031 0.29189 -3.76104
0.411645 -0.901403 0.134242 -14.7278 0.28163 0.265913 0.921941 -49.645 -0.866737 -0.341705 0.363324 -3.76323
0.419638 -0.899164 0.124128 -14.6982 0.324025 0.276135 0.904852 -49.4166 -0.847887 -0.33949 0.407228 -3.83441
0.429863 -0.898748 0.0864267 -14.6267 0.289981 0.228075 0.929458 -49.2033 -0.855061 -0.374478 0.358661 -3.96895
0.420415 -0.895828 0.144027 -14.5967 0.350121 0.306615 0.8851 -49.0521 -0.837058 -0.321683 0.442554 -4.02128
0.388693 -0.908651 0.15255 -14.5683 0.366184 0.304279 0.879388 -48.8976 -0.845475 -0.285951 0.451005 -4.08274
0.418632 -0.904208 0.08459 -14.4914 0.385205 0.261146 0.88511 -48.6734 -0.822414 -0.337951 0.457629 -4.19906
0.39609 -0.911022 0.114677 -14.4296 0.378093 0.275634 0.883783 -48.4502 -0.836755 -0.306699 0.453627 -4.31354
0.36093 -0.931551 0.0440847 -14.3939 0.399896 0.197298 0.895073 -48.2859 -0.842504 -0.305429 0.443734 -4.38861
0.392878 -0.91938 0.0196961 -14.3258 0.421597 0.199113 0.884652 -48.1049 -0.817253 -0.339256 0.465835 -4.47907
0.353777 -0.931809 0.0810805 -14.2686 0.358452 0.215138 0.908421 -47.9175 -0.863918 -0.292315 0.41012 -4.59564
0.334295 -0.941874 0.0334607 -14.222 0.394477 0.172077 0.90265 -47.7056 -0.855941 -0.288552 0.429072 -4.67785
0.381777 -0.922542 0.0562338 -14.135 0.369246 0.208016 0.905752 -47.4937 -0.847292 -0.325031 0.420061 -4.80093
0.347845 -0.928186 0.132192 -14.0782 0.362002 0.263029 0.894299 -47.3231 -0.864846 -0.263224 0.427498 -4.88415
0.386165 -0.915419 0.113507 -14.0064 0.384514 0.271601 0.88226 -47.0866 -0.838466 -0.297053 0.456874 -4.98993
0.386234 -0.910737 0.146222 -13.9331 0.332827 0.285445 0.898748 -46.935 -0.860262 -0.29846 0.413366 -5.10374
0.337406 -0.913979 0.225386 -13.8669 0.275712 0.324874 0.904677 -46.819 -0.900078 -0.243102 0.36161 -5.16687
0.388448 -0.898087 0.206273 -13.7753 0.303081 0.335919 0.891796 -46.6229 -0.870201 -0.283899 0.40268 -5.20173
0.416975 -0.888048 0.193656 -13.6776 0.318017 0.342139 0.884198 -46.4004 -0.851468 -0.307102 0.425078 -5.24761
0.434555 -0.877461 0.203036 -13.6162 0.421932 0.397504 0.81484 -46.2926 -0.795698 -0.268425 0.542966 -5.26463
0.377326 -0.88864 0.26066 -13.5702 0.476082 0.427559 0.768466 -46.2246 -0.794337 -0.165866 0.584395 -5.26804
0.397842 -0.89313 0.20986 -13.4335 0.486726 0.399365 0.77692 -46.0095 -0.777701 -0.206947 0.593594 -5.30568
0.451485 -0.876823 0.165355 -13.3428 0.412505 0.369434 0.832682 -45.803 -0.791202 -0.307733 0.528488 -5.28628
0.4123 -0.900783 0.136372 -13.2657 0.455723 0.333531 0.825272 -45.5784 -0.788875 -0.278112 0.548023 -5.25397
0.392841 -0.916835 0.0713437 -13.2226 0.424372 0.249564 0.870417 -45.3501 -0.815834 -0.311659 0.487118 -5.21403
0.344997 -0.93858 -0.00661835 -13.1674 0.414918 0.14618 0.898039 -45.1018 -0.841915 -0.312567 0.439866 -5.20765
0.326585 -0.93458 -0.141075 -13.1345 0.379989 -0.00683881 0.924966 -44.8964 -0.86542 -0.355687 0.352896 -5.20128
0.302986 -0.934205 -0.188312 -13.1139 0.332346 -0.0816156 0.93962 -44.7685 -0.893166 -0.347276 0.285751 -5.1952
0.249217 -0.929455 -0.272036 -13.0787 0.312945 -0.188539 0.93087 -44.527 -0.916492 -0.317121 0.243881 -5.18072
0.216996 -0.947216 -0.235997 -13.0477 0.3388 -0.153651 0.928227 -44.2635 -0.915493 -0.281377 0.287575 -5.15549
0.24276 -0.962086 -0.124329 -12.9578 0.334744 -0.0372134 0.941574 -44.004 -0.910502 -0.270195 0.313019 -5.08629
0.260415 -0.965423 -0.0119298 -12.8931 0.371417 0.0887661 0.924213 -43.8991 -0.891198 -0.24511 0.381691 -5.05855
0.305898 -0.948869 0.0779297 -12.8276 0.41481 0.206507 0.886164 -43.7888 -0.856947 -0.23875 0.456771 -5.02563
0.415256 -0.892865 0.174228 -12.7256 0.39125 0.348192 0.851872 -43.6558 -0.821271 -0.285578 0.493922 -4.97827
0.406058 -0.868683 0.283737 -12.6601 0.40199 0.448625 0.79821 -43.5899 -0.820683 -0.21006 0.53137 -4.93246
0.44032 -0.806923 0.393692 -12.5506 0.431166 0.574657 0.695604 -43.4912 -0.787537 -0.136541 0.600951 -4.86828
0.492097 -0.725858 0.480593 -12.4633 0.435988 0.683332 0.585638 -43.4387 -0.753495 -0.0786583 0.652731 -4.82176
0.537366 -0.642316 0.546505 -12.3755 0.410006 0.765255 0.496267 -43.3833 -0.736975 -0.0426067 0.674575 -4.77298
0.596345 -0.535294 0.598191 -12.3036 0.357224 0.844311 0.399413 -43.3613 -0.718863 -0.0244995 0.69472 -4.72546
0.598853 -0.404806 0.691019 -12.1939 0.294307 0.91371 0.280209 -43.3423 -0.744822 0.0355677 0.666315 -4.69572
0.631015 -0.307079 0.712407 -12.0107 0.289636 0.945172 0.150866 -43.2856 -0.719675 0.11114 0.685359 -4.63336
0.644911 -0.308454 0.699247 -11.836 0.297769 0.944046 0.141811 -43.2255 -0.703863 0.116758 0.700674 -4.52336
0.64876 -0.2134 0.73046 -11.5177 0.298576 0.954289 0.0136102 -43.1559 -0.699974 0.209268 0.68282 -4.38447
0.705656 -0.106322 0.700532 -11.3481 0.233101 0.968479 -0.0878159 -43.153 -0.669114 0.225262 0.708197 -4.24924
0.702928 0.0108492 0.711178 -11.184 0.204749 0.954472 -0.216935 -43.1824 -0.681153 0.298103 0.668704 -4.19446
0.725159 0.0613131 0.685846 -10.9639 0.149136 0.958401 -0.243364 -43.2003 -0.672237 0.278762 0.685849 -4.0736
0.71991 0.0486022 0.692363 -10.7828 0.103115 0.978985 -0.17594 -43.1889 -0.686365 0.198054 0.69977 -3.96669
0.72418 0.0346678 0.688739 -10.5405 0.129209 0.974227 -0.184895 -43.1762 -0.677398 0.222889 0.701037 -3.8467
0.711465 -0.0345397 0.701872 -10.3773 0.169486 0.97774 -0.123688 -43.1649 -0.681977 0.206957 0.701482 -3.74443
0.686475 -0.0722091 0.723559 -9.97208 0.164444 0.984695 -0.0577461 -43.1546 -0.708315 0.158626 0.687843 -3.5657
0.698782 -0.0970467 0.708721 -9.73491 0.151612 0.988339 -0.0141505 -43.1331 -0.699083 0.117339 0.705347 -3.43288
0.753467 -0.0620868 0.654548 -9.55957 0.163195 0.982038 -0.0947075 -43.114 -0.636911 0.178178 0.750065 -3.34055
0.770632 -0.0475216 0.635506 -9.412 0.175159 0.974604 -0.139525 -43.1063 -0.612736 0.218837 0.759385 -3.22028
0.785538 -0.0471708 0.617012 -9.18771 0.176437 0.972775 -0.150259 -43.1134 -0.593127 0.226898 0.772475 -3.1011
0.818959 -0.0496117 0.571704 -9.00048 0.13904 0.983726 -0.113807 -43.1181 -0.556753 0.172693 0.812529 -2.98019
0.81524 -0.0858135 0.57273 -8.73696 0.186435 0.975202 -0.11926 -43.1187 -0.548293 0.204002 0.811023 -2.83994
0.803928 -0.0186865 0.594433 -8.54286 0.149557 0.973739 -0.171655 -43.1265 -0.575615 0.2269 0.785611 -2.7646
0.798057 0.00394465 0.602569 -8.43354 0.12743 0.976258 -0.175163 -43.1487 -0.588954 0.216575 0.778607 -2.6981
0.778078 0.0914533 0.621474 -8.30986 0.115773 0.95152 -0.284967 -43.2045 -0.617406 0.293677 0.729769 -2.65396
0.7901 0.13526 0.597869 -8.04093 0.0985989 0.934607 -0.341744 -43.33 -0.604996 0.328961 0.725096 -2.51434
0.816502 0.189388 0.545397 -7.94651 0.0745116 0.902199 -0.424836 -43.4075 -0.572515 0.387518 0.722535 -2.45248
0.822264 0.280976 0.494909 -7.8538 -0.0113395 0.87754 -0.479369 -43.5004 -0.568994 0.388556 0.724756 -2.40728
0.834796 0.392004 0.386585 -7.76924 -0.0608873 0.763595 -0.642819 -43.6085 -0.547182 0.513085 0.661314 -2.37203
0.808296 0.489086 0.327799 -7.71699 -0.128813 0.690157 -0.712103 -43.7136 -0.574512 0.533365 0.620852 -2.32808
0.792928 0.552169 0.257633 -7.70719 -0.16297 0.599608 -0.783525 -43.7742 -0.587117 0.579292 0.565433 -2.31909
0.758173 0.623714 0.190145 -7.68633 -0.205757 0.505556 -0.837901 -43.8502 -0.618739 0.59615 0.511632 -2.32048
0.749342 0.659556 0.0589303 -7.63925 -0.272467 0.388218 -0.880368 -44.0236 -0.60353 0.64364 0.470615 -2.30683
0.73433 0.678791 -0.00153648 -7.62599 -0.309479 0.332784 -0.890773 -44.1365 -0.604138 0.654597 0.454445 -2.28315
0.721231 0.690066 -0.0602875 -7.63129 -0.338679 0.275372 -0.899704 -44.205 -0.604254 0.669312 0.432317 -2.27527
0.689136 0.7152 -0.116537 -7.64236 -0.37363 0.212907 -0.902813 -44.2948 -0.62088 0.665703 0.413942 -2.28087
0.663207 0.712014 -0.230634 -7.65998 -0.403753 0.0808953 -0.911284 -44.3937 -0.630191 0.697489 0.341128 -2.30535
0.611733 0.730287 -0.304078 -7.68291 -0.41644 -0.0295232 -0.908684 -44.4599 -0.672577 0.682502 0.286061 -2.32333
0.514883 0.743905 -0.426029 -7.75383 -0.460582 -0.179092 -0.869362 -44.5331 -0.723021 0.643841 0.250418 -2.33654
0.470751 0.690229 -0.549524 -7.81015 -0.460798 -0.338799 -0.820293 -44.557 -0.752368 0.639374 0.158566 -2.36441
0.432305 0.636975 -0.638259 -7.86187 -0.454672 -0.457274 -0.764313 -44.5693 -0.778708 0.620615 0.0919325 -2.40207
0.388776 0.574971 -0.719904 -7.91754 -0.446358 -0.566008 -0.693108 -44.5792 -0.805988 0.590799 0.0365923 -2.4438
0.31565 0.502141 -0.805121 -8.00602 -0.41639 -0.689137 -0.593051 -44.5927 -0.852634 0.522441 -0.00843924 -2.49999
0.292584 0.426221 -0.855997 -8.09078 -0.417482 -0.748414 -0.51535 -44.6033 -0.860293 0.508147 -0.0410347 -2.53775
0.261631 0.329274 -0.907264 -8.14105 -0.405563 -0.815486 -0.412919 -44.5936 -0.875824 0.475985 -0.0798153 -2.56563
0.21865 0.225958 -0.949281 -8.21229 -0.394319 -0.869395 -0.297767 -44.5756 -0.892583 0.439427 -0.100994 -2.60298
0.209249 0.0868265 -0.974 -8.26714 -0.374594 -0.912951 -0.16186 -44.5671 -0.903268 0.398724 -0.158509 -2.65484
0.293664 0.0198498 -0.955703 -8.39836 -0.35858 -0.924489 -0.129385 -44.6528 -0.886105 0.380692 -0.264372 -2.76048
0.279866 0.0883172 -0.955968 -8.51476 -0.301215 -0.937401 -0.174784 -44.7569 -0.911562 0.336868 -0.235744 -2.80292
0.233953 0.0446912 -0.97122 -8.63858 -0.290246 -0.950181 -0.113639 -44.8154 -0.927913 0.308479 -0.209327 -2.88316
0.193499 0.0765305 -0.978111 -8.7674 -0.268886 -0.954644 -0.127888 -44.8704 -0.943535 0.287746 -0.164145 -2.94347
0.122095 0.0422696 -0.991618 -8.82865 -0.175055 -0.982513 -0.0634354 -44.8885 -0.976959 0.181333 -0.11256 -2.96648
0.129208 0.0114649 -0.991551 -8.90537 -0.184303 -0.982233 -0.0353735 -44.9368 -0.97434 0.187316 -0.124799 -3.00652
0.134406 -0.0748313 -0.988097 -9.02168 -0.147508 -0.987546 0.0547248 -45.0278 -0.979886 0.138397 -0.14377 -3.06615
0.122462 -0.121771 -0.984974 -9.0725 -0.0903161 -0.989694 0.111126 -45.0681 -0.988355 0.0753503 -0.132198 -3.07904
0.0855291 -0.202184 -0.975606 -9.12498 -0.0585466 -0.978522 0.197656 -45.0348 -0.994614 0.0402131 -0.0955293 -3.0876
0.0635861 -0.304741 -0.95031 -9.14193 -0.0262704 -0.952418 0.303659 -44.9641 -0.997631 0.00565656 -0.0685662 -3.08596
0.0126463 -0.406472 -0.913576 -9.17584 -0.000360854 -0.913651 0.4065 -44.877 -0.99992 -0.00481104 -0.0117009 -3.07893
-0.0223157 -0.463756 -0.885682 -9.21592 0.0174409 -0.885948 0.463456 -44.7767 -0.999599 -0.00510474 0.0278588 -3.08408
-0.0542964 -0.425864 -0.903156 -9.30179 0.0462165 -0.904593 0.423763 -44.6246 -0.997455 -0.018732 0.0687981 -3.08533
-0.0802453 -0.509968 -0.856442 -9.34126 0.0406767 -0.860173 0.508378 -44.4845 -0.995945 0.00595767 0.0897686 -3.08711
-0.0714908 -0.630611 -0.7728 -9.34908 0.0577114 -0.776099 0.627964 -44.3463 -0.99577 0.000294333 0.0918774 -3.12955
-0.106312 -0.717868 -0.688014 -9.41328 0.0953724 -0.696107 0.711575 -44.1944 -0.989748 0.0100313 0.142469 -3.17281
-0.055706 -0.746572 -0.662968 -9.49207 0.168481 -0.661506 0.730769 -44.0451 -0.98413 -0.070989 0.162633 -3.19336
-0.00587544 -0.805093 -0.593119 -9.52507 0.172543 -0.58505 0.79243 -43.895 -0.984984 -0.0976826 0.142351 -3.24583
0.00284021 -0.76764 -0.640875 -9.65531 0.148736 -0.633425 0.759375 -43.6792 -0.988873 -0.0974781 0.112377 -3.3229
-0.00331087 -0.7455 -0.666498 -9.79354 0.144981 -0.659817 0.737307 -43.533 -0.989429 -0.0941884 0.110268 -3.37325
-0.0207595 -0.694269 -0.719416 -10.0239 0.101576 -0.717312 0.689308 -43.3647 -0.994611 -0.058766 0.0854124 -3.51934
0.0286589 -0.666926 -0.744573 -10.2631 0.0682394 -0.741836 0.6671 -43.2231 -0.997257 -0.0699276 0.0242504 -3.63703
0.00628259 -0.58237 -0.812899 -10.5532 0.0593328 -0.811266 0.581659 -43.0865 -0.998218 -0.0518859 0.0294568 -3.79391
-0.0102924 -0.491292 -0.870934 -10.7673 0.0422804 -0.870415 0.4905 -43.0396 -0.999053 -0.031775 0.0297307 -3.87632
-0.00838977 -0.420308 -0.907343 -11.1193 -0.0247097 -0.907011 0.420382 -43.0207 -0.999659 0.025947 -0.00277604 -4.06469
-0.0418873 -0.32371 -0.945229 -11.3187 -0.098784 -0.940082 0.326325 -43.0647 -0.994227 0.107042 0.00740009 -4.14488
-0.00586564 -0.233691 -0.972293 -11.4707 -0.13359 -0.963411 0.232363 -43.1156 -0.991019 0.131251 -0.0255677 -4.24436
0.0130619 -0.0704103 -0.997433 -11.6451 -0.194976 -0.978549 0.0665239 -43.2035 -0.980721 0.193607 -0.02651 -4.34205
0.0324956 0.041792 -0.998598 -11.754 -0.248535 -0.967404 -0.0485742 -43.2827 -0.968078 0.249765 -0.0210496 -4.38774
0.0900222 0.131253 -0.987253 -11.8477 -0.308856 -0.938728 -0.152964 -43.3627 -0.946839 0.31869 -0.0439681 -4.4321
0.126799 0.252919 -0.959142 -11.9502 -0.355932 -0.890951 -0.281992 -43.4956 -0.925869 0.377146 -0.0229492 -4.49346
0.172271 0.383948 -0.907142 -12.0868 -0.3558 -0.834485 -0.420764 -43.6493 -0.918547 0.395246 -0.00714885 -4.56935
0.233409 0.427791 -0.873221 -12.2597 -0.385072 -0.783943 -0.486983 -43.8078 -0.892883 0.44992 -0.0182491 -4.65595
0.297762 0.527259 -0.795824 -12.3997 -0.384714 -0.696672 -0.605511 -43.9692 -0.873689 0.486462 -0.00459844 -4.7626
0.318283 0.612506 -0.723555 -12.5198 -0.373043 -0.620747 -0.689574 -44.1018 -0.871513 0.489397 0.0309182 -4.8163
0.35417 0.659335 -0.663205 -12.6368 -0.391489 -0.539511 -0.745429 -44.2652 -0.849294 0.523646 0.0670438 -4.86983
0.411124 0.687406 -0.598707 -12.7861 -0.35492 -0.484249 -0.799709 -44.5178 -0.839648 0.541273 0.0448882 -4.97044
0.439171 0.678 -0.589445 -12.9544 -0.371129 -0.460591 -0.8063 -44.7732 -0.818164 0.572863 0.0493473 -5.05316
0.466592 0.720484 -0.513026 -13.1386 -0.360348 -0.374862 -0.854183 -45.0905 -0.807739 0.583422 0.0847169 -5.13966
0.448274 0.76901 -0.455713 -13.229 -0.343052 -0.322769 -0.88212 -45.3114 -0.825449 0.551765 0.119122 -5.16574
0.451988 0.770772 -0.449019 -13.3454 -0.375569 -0.292148 -0.879544 -45.6557 -0.809107 0.566181 0.157431 -5.22723
0.460611 0.759592 -0.459193 -13.5529 -0.383266 -0.296418 -0.874782 -46.1385 -0.80059 0.578927 0.154593 -5.36322
0.465843 0.786073 -0.4063 -13.6822 -0.356448 -0.253561 -0.899251 -46.4459 -0.809898 0.563735 0.162074 -5.3908
0.42717 0.822848 -0.374763 -13.7748 -0.3927 -0.204507 -0.89664 -46.7322 -0.81444 0.530187 0.235774 -5.42233
0.441534 0.80341 -0.399474 -13.9707 -0.372008 -0.241233 -0.896335 -47.1264 -0.816491 0.54437 0.192363 -5.34776
0.473219 0.818591 -0.325536 -14.0477 -0.369316 -0.151146 -0.91693 -47.3206 -0.799794 0.554134 0.230793 -5.29568
0.493427 0.808353 -0.321085 -14.1313 -0.371588 -0.137858 -0.918105 -47.5677 -0.786417 0.572329 0.232352 -5.2192
0.500881 0.803363 -0.322066 -14.1838 -0.327441 -0.168566 -0.929714 -47.6919 -0.801187 0.571134 0.178623 -5.15167
0.512232 0.823552 -0.243682 -14.2369 -0.342977 -0.0639743 -0.937163 -47.913 -0.787391 0.563622 0.24969 -5.04155
0.475705 0.842263 -0.253571 -14.2878 -0.422999 -0.0337021 -0.905503 -48.0579 -0.771217 0.538013 0.340244 -4.9441
0.40619 0.86489 -0.294915 -14.3625 -0.455891 -0.0878992 -0.885684 -48.2631 -0.791942 0.494205 0.358592 -4.84741
0.427485 0.834674 -0.347239 -14.4472 -0.489758 -0.109028 -0.865015 -48.4167 -0.759864 0.539844 0.36218 -4.76232
0.435258 0.840179 -0.323495 -14.4943 -0.482023 -0.086005 -0.871927 -48.5536 -0.760397 0.535445 0.367552 -4.68442
0.460499 0.824103 -0.329841 -14.5043 -0.526768 -0.0453727 -0.848797 -48.6882 -0.714462 0.56462 0.413217 -4.61759
0.437921 0.850767 -0.290552 -14.5411 -0.512738 -0.0291147 -0.858051 -48.8055 -0.738461 0.524736 0.423471 -4.51338
0.487511 0.769913 -0.411785 -14.5714 -0.524219 -0.119056 -0.84322 -48.8633 -0.698231 0.626945 0.345562 -4.4843
0.498954 0.794868 -0.345296 -14.5869 -0.467824 -0.0883524 -0.879394 -48.9573 -0.72951 0.600315 0.327775 -4.45821
0.495985 0.795155 -0.348894 -14.6102 -0.454369 -0.10474 -0.884635 -49.1298 -0.739965 0.597292 0.309344 -4.37988
0.531426 0.763295 -0.36738 -14.6305 -0.422873 -0.136746 -0.895812 -49.2855 -0.734006 0.631413 0.250106 -4.303
0.502495 0.795566 -0.338487 -14.677 -0.418313 -0.118913 -0.900485 -49.406 -0.756646 0.594083 0.273043 -4.22216
0.522105 0.811592 -0.262156 -14.7387 -0.36768 -0.0631625 -0.927805 -49.6057 -0.769557 0.580801 0.265429 -4.13343
0.558438 0.788444 -0.257882 -14.7773 -0.34818 -0.0593871 -0.935545 -49.8069 -0.752939 0.612233 0.241357 -4.05148
0.536327 0.809585 -0.238591 -14.8533 -0.329122 -0.0596986 -0.942399 -49.9707 -0.777195 0.583959 0.234434 -3.99553
0.512078 0.845406 -0.151872 -14.8999 -0.35244 0.0455623 -0.934724 -50.1059 -0.783302 0.532178 0.321287 -3.9147
0.547376 0.833351 -0.0768458 -14.8907 -0.344258 0.14052 -0.9283 -50.1893 -0.762801 0.534584 0.363805 -3.86333
0.618533 0.785195 0.0297468 -14.8288 -0.292407 0.265151 -0.9188 -50.44 -0.729325 0.55961 0.393601 -3.74221
0.670861 0.734675 0.100987 -14.7891 -0.269781 0.368627 -0.889569 -50.5607 -0.690771 0.569532 0.445498 -3.62048
0.722695 0.676028 0.143868 -14.6972 -0.237082 0.43799 -0.867154 -50.6966 -0.649233 0.59258 0.476807 -3.57819
0.729359 0.630072 0.266541 -14.604 -0.195596 0.565392 -0.801295 -50.8155 -0.655574 0.532297 0.535614 -3.54713
0.750796 0.564091 0.343666 -14.4782 -0.136991 0.641949 -0.75441 -50.9551 -0.646172 0.519329 0.559248 -3.46622
0.755508 0.520655 0.39765 -14.3621 -0.146064 0.725556 -0.672483 -51.0302 -0.638649 0.449984 0.624213 -3.40383
0.77375 0.483095 0.409792 -14.2097 -0.16613 0.778978 -0.604644 -51.1319 -0.611319 0.399765 0.682991 -3.32063
0.794352 0.414765 0.443819 -14.0979 -0.0741129 0.791331 -0.606879 -51.1901 -0.60292 0.449183 0.659335 -3.23338
0.809656 0.293486 0.508254 -13.9225 -0.0172733 0.877533 -0.479205 -51.2113 -0.58665 0.379212 0.71557 -3.13654
0.805995 0.163897 0.56878 -13.7516 0.0285862 0.949003 -0.313968 -51.2005 -0.591232 0.269316 0.760206 -3.06795
0.793262 0.0254091 0.60835 -13.6416 0.0850649 0.984705 -0.152049 -51.1615 -0.602909 0.172364 0.778968 -3.01756
0.781626 -0.0915889 0.616987 -13.5523 0.13979 0.989721 -0.0301719 -51.0977 -0.607881 0.109831 0.786395 -2.97128
0.754758 -0.196597 0.625851 -13.512 0.210484 0.97617 0.0528041 -51.0556 -0.621318 0.0918775 0.778153 -2.95438
0.726689 -0.322262 0.606688 -13.4451 0.236874 0.946524 0.219049 -50.9616 -0.644836 -0.0154717 0.764164 -2.92279
0.670571 -0.47098 0.57316 -13.39 0.302466 0.879058 0.368472 -50.8679 -0.677383 -0.0737253 0.731926 -2.90193
0.640201 -0.573729 0.51086 -13.3359 0.326421 0.805146 0.495165 -50.7681 -0.695408 -0.150249 0.702733 -2.88164
0.57825 -0.67211 0.462487 -13.2955 0.352914 0.717152 0.600953 -50.6702 -0.735581 -0.184282 0.651891 -2.86375
0.540251 -0.745225 0.390855 -13.2715 0.371748 0.628051 0.683634 -50.5885 -0.754938 -0.224034 0.616341 -2.83675
0.478041 -0.80494 0.351495 -13.2471 0.370254 0.547563 0.750391 -50.5156 -0.796486 -0.228575 0.55979 -2.81982
0.420202 -0.867307 0.266852 -13.1991 0.386664 0.437175 0.812016 -50.4092 -0.820927 -0.238028 0.519058 -2.79692
0.391261 -0.909694 0.139184 -13.1406 0.406069 0.306378 0.860953 -50.2882 -0.825846 -0.280339 0.489273 -2.77344
0.362086 -0.931283 0.0400742 -13.089 0.393775 0.191785 0.898977 -50.1679 -0.844888 -0.309727 0.436158 -2.73965
0.366175 -0.930334 -0.019853 -13.0405 0.381121 0.130476 0.915272 -50.0127 -0.848919 -0.342716 0.402347 -2.71145
0.419979 -0.906339 -0.0465541 -13.0116 0.400014 0.138825 0.905934 -49.8121 -0.814621 -0.399095 0.420852 -2.65276
0.402292 -0.913358 -0.06275 -13.0243 0.420979 0.123686 0.898598 -49.6664 -0.812981 -0.387915 0.434262 -2.56181
0.371098 -0.92607 -0.0684134 -13.0086 0.421044 0.102141 0.901271 -49.4311 -0.827652 -0.363265 0.427821 -2.44937
0.344705 -0.933807 -0.0958295 -13.0415 0.428652 0.0657622 0.901073 -49.2272 -0.835126 -0.351682 0.422947 -2.33132
0.347477 -0.934982 -0.0711896 -13.1084 0.435362 0.093624 0.895374 -49.046 -0.830494 -0.342115 0.439588 -2.21325
0.339899 -0.937054 -0.0799965 -13.1287 0.399269 0.066765 0.914399 -48.8802 -0.8515 -0.342743 0.39683 -2.15021
0.349762 -0.931337 -0.101383 -13.1707 0.423134 0.0604947 0.904045 -48.6649 -0.835838 -0.359099 0.415239 -2.04369
0.330825 -0.94358 -0.0145287 -13.2113 0.396986 0.125185 0.909247 -48.4479 -0.856129 -0.306569 0.416003 -1.92342
0.342549 -0.939031 -0.0296694 -13.2325 0.376209 0.108163 0.9202 -48.2711 -0.860887 -0.326375 0.390323 -1.83095
0.314696 -0.947521 -0.0563061 -13.29 0.405841 0.0806916 0.910375 -48.0899 -0.858056 -0.309343 0.409936 -1.73308
0.313433 -0.949526 -0.0126714 -13.3255 0.399571 0.119768 0.908845 -47.9792 -0.861454 -0.289925 0.416942 -1.63144
0.317623 -0.948192 -0.00686551 -13.3328 0.38716 0.123074 0.913761 -47.8679 -0.865577 -0.292889 0.406193 -1.5739
0.322895 -0.94438 -0.0623252 -13.367 0.379359 0.0688136 0.922687 -47.7434 -0.867079 -0.321575 0.380478 -1.49297
0.358894 -0.931795 -0.054343 -13.425 0.367333 0.0874802 0.925967 -47.5321 -0.858057 -0.352286 0.373675 -1.40343
0.353885 -0.934676 -0.0338503 -13.4552 0.390164 0.114637 0.913581 -47.419 -0.850022 -0.33651 0.405245 -1.3238
0.335854 -0.939124 -0.0724458 -13.4828 0.375685 0.0630287 0.924602 -47.2568 -0.863749 -0.337748 0.373983 -1.2364
0.322986 -0.942552 -0.0852981 -13.5534 0.357889 0.0382061 0.932982 -46.9938 -0.876126 -0.331867 0.349669 -1.12156
0.311919 -0.949272 -0.0398734 -13.5788 0.353487 0.0769925 0.932266 -46.8957 -0.881903 -0.304886 0.359571 -1.04486
0.318785 -0.947387 -0.0288722 -13.5943 0.324596 0.080502 0.942421 -46.7603 -0.890513 -0.309801 0.333181 -0.994469
0.326093 -0.938511 -0.113407 -13.6514 0.319323 -0.0035584 0.947639 -46.6102 -0.889773 -0.345232 0.298528 -0.929338
0.305905 -0.935074 -0.179047 -13.7482 0.257459 -0.0998074 0.961121 -46.4335 -0.91659 -0.340109 0.210212 -0.926461
0.315838 -0.917133 -0.243133 -13.8703 0.244267 -0.169016 0.954865 -46.2895 -0.916831 -0.360973 0.170644 -0.903249
0.287817 -0.89481 -0.341285 -13.9761 0.248538 -0.274365 0.928953 -46.1816 -0.924873 -0.35219 0.143427 -0.890317
0.215587 -0.874112 -0.435259 -14.0742 0.269621 -0.375126 0.886896 -46.0675 -0.938524 -0.308559 0.154806 -0.926586
0.179982 -0.793911 -0.580786 -14.1902 0.253903 -0.532925 0.80717 -45.9534 -0.950337 -0.292739 0.10566 -0.989557
0.17956 -0.708535 -0.682449 -14.3311 0.188608 -0.65606 0.730762 -45.8647 -0.965497 -0.259931 0.0158332 -1.05829
0.137337 -0.589672 -0.79588 -14.4975 0.140378 -0.783797 0.604943 -45.8156 -0.980527 -0.194805 -0.0248675 -1.14156
0.0915987 -0.451154 -0.887733 -14.6643 0.125916 -0.879078 0.459748 -45.7992 -0.987803 -0.153892 -0.0237149 -1.22649
0.083063 -0.333862 -0.938955 -14.7748 0.0230638 -0.941315 0.336741 -45.8099 -0.996277 -0.0496266 -0.0704883 -1.27272
0.0829387 -0.183526 -0.97951 -14.9281 -0.0658234 -0.981759 0.178374 -45.8516 -0.994378 0.0496806 -0.0935061 -1.33991
0.105193 -0.0479938 -0.993293 -15.0205 -0.114305 -0.992798 0.0358645 -45.8945 -0.987861 0.109766 -0.109922 -1.38937
0.124933 0.107451 -0.98633 -15.1081 -0.179225 -0.97532 -0.128953 -45.9528 -0.975843 0.192885 -0.102592 -1.44658
0.147509 0.284612 -0.947226 -15.1889 -0.197228 -0.930004 -0.310151 -46.0179 -0.969197 0.232569 -0.0810503 -1.50414
0.219738 0.440792 -0.870297 -15.2537 -0.237314 -0.841152 -0.485949 -46.0911 -0.946254 0.313315 -0.0802273 -1.5547
0.255048 0.591333 -0.765033 -15.3008 -0.249732 -0.72407 -0.642928 -46.1722 -0.934122 0.355031 -0.0369979 -1.58406
0.338534 0.668672 -0.662021 -15.3326 -0.286739 -0.596791 -0.749414 -46.2585 -0.896201 0.443529 -0.0102992 -1.60186
0.365611 0.768565 -0.525011 -15.372 -0.327224 -0.421919 -0.845523 -46.397 -0.871352 0.480928 0.0972346 -1.6104
0.36442 0.817216 -0.446493 -15.4374 -0.360616 -0.318212 -0.876754 -46.5849 -0.858577 0.480519 0.178739 -1.61461
0.374954 0.825134 -0.422568 -15.5007 -0.425389 -0.251861 -0.869258 -46.6931 -0.823683 0.505688 0.256567 -1.58587
0.380443 0.828142 -0.411636 -15.5914 -0.489075 -0.197606 -0.849563 -46.8421 -0.7849 0.524531 0.329846 -1.58193
0.449982 0.82985 -0.329946 -15.6645 -0.424244 -0.12647 -0.896673 -47.0034 -0.785833 0.543465 0.295149 -1.57721
0.451797 0.849237 -0.273269 -15.7335 -0.407762 -0.0758692 -0.909931 -47.2464 -0.79348 0.522533 0.312009 -1.5439
0.44695 0.839522 -0.308932 -15.802 -0.401877 -0.120097 -0.907784 -47.3886 -0.799206 0.529887 0.283707 -1.47172
0.489433 0.815082 -0.309996 -15.8794 -0.408563 -0.0997255 -0.907266 -47.5432 -0.77041 0.570699 0.284203 -1.4085
0.481939 0.838892 -0.252974 -15.9546 -0.421044 -0.0314726 -0.906494 -47.6786 -0.768412 0.543388 0.338042 -1.32843
0.461467 0.851616 -0.248591 -16.0208 -0.422935 -0.0351367 -0.905479 -47.8977 -0.779855 0.522987 0.343964 -1.22206
0.438357 0.845312 -0.305436 -16.0676 -0.423762 -0.10531 -0.899631 -48.0135 -0.792634 0.523791 0.312048 -1.17407
0.464225 0.839685 -0.281824 -16.1514 -0.412972 -0.0762856 -0.907543 -48.2179 -0.783549 0.53769 0.311352 -1.12084
0.473622 0.834417 -0.281835 -16.203 -0.424972 -0.0637687 -0.902958 -48.4267 -0.771415 0.547432 0.324401 -1.01393
0.442653 0.835671 -0.325136 -16.2471 -0.475654 -0.0885487 -0.875164 -48.5593 -0.760139 0.542046 0.358294 -0.910125
0.473229 0.832265 -0.288771 -16.3326 -0.456998 -0.0483125 -0.888155 -48.7409 -0.753131 0.552268 0.357481 -0.831299
0.451516 0.839852 -0.301301 -16.3706 -0.502331 -0.0398183 -0.863758 -48.9013 -0.737426 0.541353 0.403905 -0.754442
0.47046 0.82242 -0.319834 -16.4159 -0.487773 -0.0596708 -0.870929 -49.0327 -0.735353 0.565743 0.373082 -0.674938
0.492039 0.805754 -0.329634 -16.4929 -0.420312 -0.111718 -0.900476 -49.1918 -0.762388 0.581619 0.283698 -0.636372
0.520261 0.807317 -0.27851 -16.5575 -0.404902 -0.0539571 -0.912767 -49.362 -0.75192 0.587646 0.298812 -0.551095
0.488147 0.827976 -0.275985 -16.6191 -0.41527 -0.0577831 -0.907861 -49.5566 -0.767635 0.557778 0.315627 -0.451045
0.482878 0.825579 -0.291974 -16.6965 -0.398368 -0.0898223 -0.912817 -49.7372 -0.779828 0.557092 0.285511 -0.377845
0.518633 0.81965 -0.243299 -16.7439 -0.379162 -0.0345622 -0.924684 -49.862 -0.766326 0.571822 0.292855 -0.298802
0.529691 0.813601 -0.239753 -16.7516 -0.397694 -0.0114373 -0.917447 -50.0187 -0.749178 0.581312 0.317506 -0.219707
0.488417 0.830233 -0.268628 -16.7842 -0.437144 -0.0336343 -0.898762 -50.155 -0.755218 0.5564 0.346504 -0.111442
0.545943 0.789049 -0.281687 -16.7729 -0.416133 -0.0364338 -0.908574 -50.2605 -0.727172 0.613249 0.308458 -0.102417
0.530294 0.831104 -0.167494 -16.7613 -0.339616 0.0272202 -0.94017 -50.3782 -0.77682 0.55545 0.296691 -0.0918084
0.557833 0.82669 -0.0735297 -16.7597 -0.363897 0.163998 -0.916888 -50.4715 -0.745923 0.538228 0.392314 -0.00625931
0.616386 0.785758 0.0515055 -16.7328 -0.310149 0.302377 -0.901319 -50.5406 -0.723792 0.539586 0.430083 0.0674586
0.663029 0.732316 0.155259 -16.6726 -0.285467 0.43907 -0.851896 -50.6064 -0.692027 0.52051 0.500168 0.0961646
0.656416 0.704351 0.270201 -16.5669 -0.239401 0.534141 -0.81079 -50.7281 -0.715406 0.467529 0.519241 0.123663
0.70744 0.626341 0.327452 -16.4735 -0.222561 0.637155 -0.737903 -50.8531 -0.670817 0.449144 0.590148 0.213553
0.730906 0.552646 0.400449 -16.4015 -0.167586 0.714126 -0.679661 -50.9187 -0.661583 0.429658 0.614574 0.268479
0.758772 0.442087 0.478355 -16.2753 -0.113725 0.813035 -0.570999 -51.0216 -0.641351 0.378857 0.667185 0.327533
0.785271 0.334517 0.521007 -16.1725 -0.0720858 0.885157 -0.459674 -51.1085 -0.614942 0.323411 0.719202 0.391952
0.780242 0.216911 0.586661 -16.062 -0.0414446 0.95381 -0.297539 -51.1612 -0.624103 0.207839 0.753193 0.463526
0.77683 0.106049 0.620716 -15.9616 0.00827944 0.983912 -0.178463 -51.1829 -0.629655 0.143774 0.763455 0.525865
0.783165 -0.0146072 0.621642 -15.862 0.0362807 0.999094 -0.0222311 -51.1839 -0.620754 0.0399642 0.782986 0.579869
0.791518 -0.0920736 0.60417 -15.7619 0.085859 0.995535 0.0392331 -51.1926 -0.605084 0.0208197 0.795889 0.621851
0.739117 -0.164882 0.653085 -15.614 0.135053 0.986164 0.0961296 -51.2234 -0.659899 0.0171498 0.751158 0.689977
0.702921 -0.227529 0.673893 -15.4763 0.162792 0.973769 0.158973 -51.213 -0.692387 -0.00204059 0.721523 0.735542
0.693363 -0.335052 0.637956 -15.3604 0.19458 0.939494 0.281939 -51.1732 -0.69382 -0.0713527 0.716604 0.769927
0.642289 -0.475196 0.601376 -15.2582 0.243048 0.870394 0.428185 -51.1046 -0.726906 -0.128856 0.67454 0.81855
0.617758 -0.548302 0.563684 -15.2026 0.248083 0.816102 0.521951 -51.0354 -0.74621 -0.182599 0.640178 0.847224
0.574869 -0.648525 0.49894 -15.1596 0.287183 0.730892 0.619131 -50.9538 -0.766193 -0.212632 0.606413 0.861588
0.52203 -0.757551 0.391919 -15.1081 0.342527 0.607018 0.71708 -50.8312 -0.781127 -0.240094 0.576364 0.880386
0.471458 -0.82432 0.313407 -15.0693 0.363605 0.505463 0.782495 -50.7031 -0.803442 -0.254957 0.538032 0.907038
0.419427 -0.884425 0.204632 -15.0303 0.388078 0.37847 0.840331 -50.5528 -0.820656 -0.273044 0.501967 0.948118
0.378173 -0.920194 0.101132 -14.9497 0.363803 0.248184 0.897804 -50.3753 -0.851253 -0.302733 0.428626 0.964391
0.340533 -0.939771 0.0294653 -14.875 0.327476 0.147923 0.933209 -50.2037 -0.881361 -0.308139 0.358125 0.989729
0.411329 -0.910037 -0.0513899 -14.8416 0.330914 0.0965614 0.938707 -50.0387 -0.849296 -0.403123 0.340863 1.02224
0.381176 -0.923201 -0.0490383 -14.8275 0.370088 0.103767 0.923183 -49.7723 -0.847195 -0.370044 0.381219 1.09912
0.349581 -0.935926 -0.0428335 -14.8475 0.389715 0.103684 0.91508 -49.5433 -0.852007 -0.336588 0.40099 1.24486
0.340915 -0.938479 -0.0550894 -14.8648 0.380163 0.0840303 0.921095 -49.3509 -0.859798 -0.334958 0.385422 1.34365
0.326877 -0.941735 -0.0792878 -14.9239 0.380769 0.0544493 0.923066 -49.1144 -0.864966 -0.331919 0.376382 1.43782
0.315719 -0.942594 -0.108804 -14.9792 0.356392 0.0115302 0.934265 -48.8492 -0.879378 -0.333742 0.339573 1.56597
0.335324 -0.929318 -0.15468 -15.0463 0.363194 -0.0239763 0.931405 -48.6062 -0.86928 -0.368501 0.329483 1.69424
0.33952 -0.932225 -0.125229 -15.1096 0.343965 -0.000863652 0.938982 -48.329 -0.875451 -0.361878 0.320359 1.84368
0.314605 -0.942453 -0.113163 -15.1505 0.355885 0.00659113 0.934506 -48.1499 -0.879983 -0.334273 0.337479 1.94341
0.334167 -0.939506 -0.0752421 -15.2188 0.374112 0.0589443 0.925508 -47.8987 -0.865086 -0.337423 0.371177 2.07684
0.316242 -0.946239 -0.0679937 -15.2378 0.370531 0.0572195 0.927056 -47.7186 -0.873326 -0.318368 0.368706 2.18791
0.291329 -0.954436 -0.0646423 -15.2655 0.392405 0.0576027 0.917987 -47.5648 -0.872437 -0.292802 0.391307 2.26453
0.308494 -0.950627 -0.0337506 -15.3006 0.353368 0.0815874 0.93192 -47.375 -0.883155 -0.299418 0.36109 2.38205
0.311567 -0.948383 -0.0591182 -15.3134 0.329076 0.0493257 0.943014 -47.2078 -0.891423 -0.313266 0.327458 2.45545
0.292488 -0.952421 -0.0857024 -15.3658 0.310906 0.0099595 0.950389 -47.011 -0.904316 -0.304623 0.299026 2.53508
0.303723 -0.950588 -0.0643041 -15.4166 0.321705 0.0387913 0.946045 -46.8236 -0.896805 -0.308022 0.317591 2.65035
0.330488 -0.935283 -0.126585 -15.4568 0.291281 -0.0264992 0.95627 -46.603 -0.897738 -0.352908 0.263672 2.73764
0.335837 -0.922237 -0.191554 -15.5366 0.292477 -0.0912111 0.951913 -46.4395 -0.895361 -0.375712 0.239101 2.80665
0.32218 -0.911177 -0.25682 -15.6409 0.28705 -0.164487 0.943688 -46.2564 -0.90211 -0.377757 0.208559 2.85341
0.278045 -0.894599 -0.349833 -15.7228 0.265821 -0.278311 0.922975 -46.1572 -0.923055 -0.349621 0.16042 2.86593
0.205654 -0.87042 -0.447298 -15.7868 0.250928 -0.394887 0.883798 -46.0845 -0.945908 -0.293996 0.137203 2.84095
0.157763 -0.811137 -0.563177 -15.8425 0.226693 -0.525338 0.820141 -46.0298 -0.961104 -0.257056 0.101 2.81781
0.0987213 -0.726673 -0.679854 -15.9085 0.191021 -0.656647 0.729606 -45.9851 -0.976609 -0.201894 0.0739845 2.80038
0.0836595 -0.604723 -0.79203 -15.9784 0.172793 -0.773973 0.609187 -45.9533 -0.981399 -0.187822 0.0397418 2.78197
0.0354179 -0.517952 -0.854676 -16.0451 0.0967095 -0.849423 0.518776 -45.9334 -0.994682 -0.101029 0.0200061 2.76106
0.0220411 -0.40521 -0.913958 -16.1364 0.05086 -0.912542 0.405809 -45.9154 -0.998463 -0.0554284 0.000495577 2.7132
0.0272654 -0.339897 -0.940067 -16.2239 -0.0279035 -0.940309 0.339175 -45.8939 -0.999239 0.0169834 -0.0351222 2.65266
0.0515824 -0.246735 -0.967709 -16.3472 -0.0529091 -0.968314 0.244069 -45.8624 -0.997266 0.038611 -0.0630024 2.59481
0.0501295 -0.161051 -0.985672 -16.4979 -0.121643 -0.98055 0.154028 -45.8198 -0.991307 0.112179 -0.0687453 2.52255
0.0716869 -0.0476449 -0.996289 -16.6042 -0.157113 -0.986928 0.0358924 -45.8056 -0.984975 0.153957 -0.0782355 2.45301
0.126423 0.0597382 -0.990176 -16.7047 -0.207515 -0.974507 -0.0852878 -45.7961 -0.970028 0.216259 -0.110803 2.40762
0.163065 0.106788 -0.980819 -16.7993 -0.268787 -0.951714 -0.148306 -45.8076 -0.949296 0.287815 -0.126488 2.375
0.196763 0.213587 -0.956904 -16.9339 -0.305224 -0.914141 -0.266804 -45.8679 -0.931731 0.344568 -0.114677 2.28897
0.249262 0.288002 -0.924621 -17.0458 -0.285301 -0.890547 -0.354301 -45.9493 -0.925458 0.352109 -0.139812 2.21872
0.298518 0.332206 -0.894721 -17.1615 -0.349841 -0.834128 -0.42643 -46.0746 -0.887974 0.440307 -0.132783 2.18146
0.329983 0.438283 -0.836074 -17.2235 -0.387789 -0.744563 -0.543365 -46.169 -0.860657 0.503521 -0.0757318 2.15157
0.365233 0.555048 -0.747347 -17.2867 -0.393821 -0.635306 -0.664298 -46.2819 -0.843511 0.536944 -0.0134453 2.11003
0.372689 0.650052 -0.66222 -17.3305 -0.361856 -0.555332 -0.748777 -46.3564 -0.854496 0.518689 0.0282587 2.08766
0.39244 0.717228 -0.575826 -17.3838 -0.388258 -0.438361 -0.810614 -46.4615 -0.833815 0.541686 0.106439 2.08236
0.469149 0.752189 -0.462721 -17.4158 -0.363025 -0.313384 -0.877498 -46.6065 -0.805054 0.579657 0.12604 2.06587
0.440013 0.813098 -0.38113 -17.4372 -0.347736 -0.23703 -0.907137 -46.7621 -0.82793 0.531684 0.178447 2.04113
0.451197 0.815566 -0.362317 -17.4904 -0.360221 -0.205011 -0.910061 -46.9486 -0.816494 0.541131 0.201284 2.09139
0.436114 0.835436 -0.334442 -17.5581 -0.396906 -0.15497 -0.904682 -47.1366 -0.807633 0.527287 0.264005 2.19745
0.446891 0.829505 -0.334979 -17.6365 -0.414938 -0.139533 -0.899087 -47.3246 -0.792537 0.540789 0.281837 2.25907
0.440819 0.85235 -0.281385 -17.6805 -0.388622 -0.101346 -0.915807 -47.4746 -0.809105 0.513058 0.286567 2.33471
0.419957 0.846857 -0.326296 -17.7391 -0.385805 -0.158843 -0.908803 -47.6479 -0.821456 0.507545 0.260014 2.42381
0.443505 0.824983 -0.350295 -17.8085 -0.39058 -0.173874 -0.904 -47.8151 -0.806691 0.537747 0.245108 2.4832
0.472744 0.822171 -0.317094 -17.8617 -0.380927 -0.133816 -0.914871 -47.965 -0.794612 0.553289 0.249926 2.56632
0.4817 0.816967 -0.317064 -17.923 -0.394126 -0.121186 -0.911032 -48.2295 -0.782707 0.563807 0.263613 2.72685
0.452833 0.83386 -0.315627 -18.025 -0.370127 -0.146247 -0.917397 -48.4583 -0.81114 0.53225 0.242408 2.80344
0.421315 0.84002 -0.341848 -18.0921 -0.418735 -0.154174 -0.894925 -48.6955 -0.804459 0.520189 0.28679 2.94064
0.404469 0.830268 -0.383484 -18.1523 -0.461634 -0.176629 -0.869308 -48.8103 -0.789493 0.528637 0.31184 3.03218
0.428995 0.82636 -0.364818 -18.2157 -0.477535 -0.13535 -0.868125 -48.9921 -0.766761 0.546635 0.336552 3.12278
0.409711 0.859267 -0.306263 -18.2398 -0.451877 -0.100474 -0.886404 -49.1529 -0.792429 0.501563 0.347118 3.18856
0.432447 0.833628 -0.343589 -18.2911 -0.475784 -0.112718 -0.87231 -49.3069 -0.765911 0.540702 0.347883 3.30088
0.450191 0.806496 -0.383266 -18.3862 -0.473729 -0.148115 -0.868126 -49.4645 -0.756907 0.572387 0.31538 3.37696
0.451986 0.807622 -0.378755 -18.4247 -0.454579 -0.156791 -0.876798 -49.6237 -0.767506 0.568475 0.296261 3.43734
0.488875 0.797853 -0.35275 -18.4497 -0.408582 -0.147853 -0.900666 -49.821 -0.770754 0.58444 0.253707 3.54014
0.527924 0.738868 -0.418773 -18.484 -0.409997 -0.210103 -0.887558 -49.902 -0.743773 0.640259 0.192015 3.55578
0.549545 0.76002 -0.346943 -18.508 -0.349298 -0.168223 -0.921788 -49.9987 -0.758941 0.62775 0.173027 3.58464
0.588058 0.757442 -0.283673 -18.5156 -0.354443 -0.0739233 -0.932151 -50.0963 -0.72702 0.648705 0.224999 3.66059
0.531477 0.822228 -0.20365 -18.4883 -0.368758 0.00814378 -0.92949 -50.1894 -0.762594 0.5691 0.307532 3.70815
0.571271 0.806188 -0.153983 -18.4706 -0.308773 0.0372698 -0.950405 -50.3272 -0.760466 0.590484 0.270221 3.75881
0.618397 0.778774 -0.10534 -18.4734 -0.29164 0.102949 -0.950972 -50.4841 -0.729747 0.618799 0.290785 3.89453
0.648227 0.761149 0.0212892 -18.3997 -0.253846 0.242377 -0.936384 -50.6495 -0.717888 0.601586 0.35033 3.92755
0.654427 0.738012 0.16451 -18.3263 -0.226537 0.398947 -0.888551 -50.7708 -0.721392 0.544224 0.428269 3.9511
0.64044 0.715077 0.28018 -18.2486 -0.202442 0.509093 -0.836566 -50.878 -0.740847 0.47905 0.470805 3.99562
0.666642 0.646635 0.370746 -18.1872 -0.158254 0.60884 -0.777348 -50.9281 -0.728385 0.459541 0.50821 4.0314
0.677288 0.569523 0.465751 -18.0799 -0.121155 0.710753 -0.69293 -50.9899 -0.725673 0.412886 0.550385 4.07801
0.687814 0.462815 0.55921 -17.8923 -0.0968806 0.822018 -0.56116 -51.0707 -0.719393 0.331797 0.610233 4.1789
0.7062 0.34077 0.620611 -17.7856 -0.0270856 0.888915 -0.457271 -51.0825 -0.707494 0.306115 0.636981 4.25253
0.701911 0.195154 0.685008 -17.6591 0.00414903 0.960596 -0.277918 -51.0705 -0.712252 0.197916 0.673443 4.31312
0.702177 0.036273 0.711078 -17.5235 0.0554984 0.992875 -0.105452 -51.0494 -0.709836 0.113509 0.695161 4.37255
0.71466 -0.100347 0.692237 -17.4428 0.0963686 0.994344 0.0446506 -51.0211 -0.692802 0.0347999 0.720288 4.41794
0.696092 -0.209791 0.686618 -17.3715 0.118744 0.976825 0.178079 -50.9806 -0.708065 -0.0424276 0.704872 4.4593
0.658697 -0.355807 0.662963 -17.3129 0.184931 0.930652 0.315733 -50.9246 -0.729328 -0.0853698 0.678817 4.48813
0.636696 -0.482371 0.601611 -17.268 0.215546 0.860415 0.461763 -50.8515 -0.740377 -0.164328 0.651797 4.5048
0.59076 -0.597509 0.542204 -17.2227 0.262396 0.777749 0.571187 -50.7795 -0.762988 -0.195163 0.616247 4.51722
0.539553 -0.722059 0.433028 -17.1573 0.330798 0.654756 0.679609 -50.6777 -0.774245 -0.22344 0.592131 4.54429
0.50657 -0.774957 0.377927 -17.0986 0.320601 0.576203 0.751801 -50.5826 -0.800376 -0.259676 0.540339 4.58224
0.483471 -0.827403 0.285761 -17.0471 0.342139 0.479096 0.808337 -50.4722 -0.805727 -0.293037 0.514716 4.62676
0.442642 -0.878695 0.17878 -16.9841 0.35683 0.355517 0.863875 -50.3626 -0.822643 -0.318593 0.470911 4.65322
0.437933 -0.896498 0.0671251 -16.882 0.373924 0.249542 0.893258 -50.1949 -0.817554 -0.366087 0.444505 4.71253
0.468775 -0.883156 -0.0168805 -16.8478 0.413382 0.202453 0.887766 -50.0658 -0.780618 -0.423141 0.459985 4.77053
0.440701 -0.89219 -0.0988928 -16.8284 0.482479 0.142528 0.864234 -49.9033 -0.756966 -0.428582 0.493275 4.81006
0.432953 -0.895147 -0.106129 -16.8274 0.452472 0.113983 0.884464 -49.7366 -0.779629 -0.430952 0.454378 4.82012
0.400665 -0.912955 -0.0773335 -16.8321 0.458129 0.12653 0.879834 -49.5924 -0.793464 -0.387948 0.468947 4.89536
0.433771 -0.899394 -0.0541628 -16.8221 0.410467 0.143738 0.900476 -49.4464 -0.802097 -0.412833 0.431521 4.96345
0.339899 -0.94042 -0.0088328 -16.828 0.38039 0.128884 0.915802 -49.3811 -0.8601 -0.31464 0.401534 4.99327
0.362685 -0.927822 -0.0872106 -16.8709 0.427085 0.0823089 0.900457 -49.3025 -0.828286 -0.363829 0.426111 5.04807
0.315677 -0.939649 -0.131938 -16.9089 0.412642 0.0107368 0.91083 -49.1956 -0.854444 -0.341971 0.391128 5.08171
0.311026 -0.946392 -0.0872086 -16.9428 0.354988 0.030564 0.934371 -49.033 -0.881616 -0.321572 0.345464 5.14856
0.356903 -0.933487 -0.0349546 -16.9469 0.343971 0.0965372 0.934005 -48.9108 -0.868507 -0.345372 0.355547 5.219
0.334312 -0.934581 -0.121627 -16.9837 0.372508 0.0124873 0.927945 -48.7628 -0.865721 -0.35553 0.352314 5.31736
0.321166 -0.935565 -0.146868 -17.0672 0.413968 -0.000790957 0.910291 -48.4724 -0.851753 -0.353153 0.38704 5.47729
0.324255 -0.938848 -0.115861 -17.0734 0.409654 0.0289642 0.911781 -48.2892 -0.852668 -0.343113 0.393995 5.57276
0.30704 -0.944666 -0.115466 -17.0952 0.409231 0.0215157 0.912177 -48.1622 -0.859218 -0.327327 0.393193 5.64969
0.340384 -0.933767 -0.110532 -17.1261 0.413744 0.0431768 0.909369 -47.952 -0.844366 -0.355267 0.401037 5.75977
0.370804 -0.927524 -0.0469399 -17.1346 0.373796 0.102786 0.921798 -47.7548 -0.850165 -0.359353 0.384818 5.87231
0.386511 -0.918533 -0.0831054 -17.1642 0.366383 0.0702263 0.92781 -47.6059 -0.846388 -0.389058 0.363678 5.94231
0.34126 -0.929762 -0.138148 -17.2303 0.344283 -0.0131217 0.938774 -47.4137 -0.874649 -0.367928 0.315623 6.02748
0.329694 -0.93927 -0.0952586 -17.2793 0.351972 0.0286623 0.935572 -47.2372 -0.876024 -0.341981 0.340046 6.13401
0.331287 -0.930218 -0.157932 -17.3283 0.380817 -0.0213211 0.924404 -47.0514 -0.863265 -0.366387 0.34718 6.21338
0.321662 -0.918261 -0.230933 -17.4449 0.33377 -0.118276 0.935205 -46.8173 -0.886076 -0.377899 0.268443 6.27862
0.301202 -0.932891 -0.197461 -17.5192 0.291849 -0.106952 0.950466 -46.629 -0.9078 -0.343911 0.240049 6.3499
0.24238 -0.926241 -0.288668 -17.6256 0.287444 -0.215621 0.933211 -46.4059 -0.926622 -0.309167 0.21398 6.42505
0.199431 -0.908353 -0.36759 -17.725 0.285162 -0.305092 0.908626 -46.2391 -0.937502 -0.286031 0.198183 6.43462
0.177577 -0.896855 -0.405114 -17.8645 0.234959 -0.361113 0.902436 -46.0161 -0.955647 -0.255437 0.146599 6.46228
0.118107 -0.88133 -0.457501 -17.9919 0.232917 -0.423285 0.875545 -45.6512 -0.965298 -0.209968 0.155284 6.42611
0.12496 -0.834339 -0.536901 -18.119 0.228226 -0.50246 0.833935 -45.3584 -0.965556 -0.226743 0.127631 6.37535
0.112624 -0.879312 -0.462737 -18.1993 0.272127 -0.420599 0.865473 -45.0714 -0.955648 -0.223396 0.191915 6.34108
0.135741 -0.910235 -0.391213 -18.2613 0.28933 -0.341235 0.894342 -44.7898 -0.947556 -0.234589 0.217038 6.31816
0.128238 -0.874676 -0.467436 -18.3703 0.256083 -0.426139 0.867656 -44.4966 -0.958111 -0.230969 0.169342 6.25337
0.103883 -0.852264 -0.512693 -18.5173 0.242998 -0.478112 0.844015 -44.1843 -0.964448 -0.212263 0.157431 6.17061
0.0796282 -0.862732 -0.499353 -18.689 0.211582 -0.474901 0.854226 -43.8815 -0.974111 -0.173675 0.144723 6.08857
0.0230066 -0.825832 -0.563446 -18.8927 0.202546 -0.548057 0.811547 -43.573 -0.979002 -0.132795 0.15466 5.96971
-0.0035593 -0.750911 -0.660394 -19.09 0.152701 -0.653061 0.74175 -43.4038 -0.988266 -0.0982025 0.116989 5.89652
-0.0210201 -0.663746 -0.747663 -19.2837 0.10144 -0.745385 0.658871 -43.2597 -0.99462 -0.0619937 0.0829987 5.79265
-0.0114013 -0.588368 -0.808513 -19.4898 0.0743389 -0.806827 0.586093 -43.1212 -0.997168 -0.0534218 0.0529375 5.69545
0.0318675 -0.503588 -0.863356 -19.7746 0.00789561 -0.863641 0.504046 -42.9326 -0.999461 -0.0228794 -0.0235459 5.51725
0.0346285 -0.428255 -0.902994 -19.9435 -0.0390307 -0.903426 0.426964 -42.8558 -0.998638 0.0204594 -0.0479994 5.42772
0.0318772 -0.343199 -0.938722 -20.1199 -0.0573148 -0.938281 0.341092 -42.8083 -0.997847 0.0429296 -0.0495801 5.35508
0.0267622 -0.223893 -0.974246 -20.3538 -0.0638764 -0.972987 0.221848 -42.7555 -0.997599 0.0562942 -0.0403407 5.2274
0.0356923 -0.209135 -0.977235 -20.5883 -0.0970883 -0.973958 0.204888 -42.7044 -0.994636 0.0875651 -0.0550674 5.12455
0.02621 -0.1127 -0.993283 -20.8788 -0.0582917 -0.992106 0.111028 -42.633 -0.997955 0.0549901 -0.0325726 4.99903
-0.0612652 -0.0529128 -0.996718 -21.1279 -0.091092 -0.99413 0.0583746 -42.5743 -0.993956 0.0943694 0.0560856 4.91939
-0.0764523 0.000409067 -0.997073 -21.4051 -0.17456 -0.984561 0.0129808 -42.521 -0.981674 0.175042 0.0753433 4.77596
-0.0643471 -0.0911486 -0.993756 -21.6694 -0.141351 -0.984947 0.0994934 -42.426 -0.987866 0.146871 0.0504945 4.64287
-0.0631777 -0.188204 -0.980096 -21.9315 -0.132486 -0.971784 0.195148 -42.3081 -0.989169 0.142178 0.0364607 4.49994
-0.0550958 -0.210762 -0.975984 -22.2679 -0.159747 -0.963017 0.21698 -42.2011 -0.985619 0.167865 0.0193897 4.32993
-0.113335 -0.248007 -0.962106 -22.6033 -0.178496 -0.947508 0.26527 -42.1096 -0.977392 0.201796 0.0631172 4.15659
-0.0924899 -0.336309 -0.937199 -22.8475 -0.124421 -0.929953 0.345988 -41.9862 -0.987909 0.148608 0.0441671 4.03071
-0.0825442 -0.399393 -0.913056 -23.1661 -0.0738122 -0.911216 0.405261 -41.8164 -0.99385 0.100847 0.0457355 3.84133
-0.0966917 -0.460678 -0.882285 -23.4709 -0.068057 -0.881304 0.467624 -41.6693 -0.992985 0.105261 0.0538624 3.63817
-0.0730774 -0.541884 -0.83727 -23.6124 -0.0784191 -0.833793 0.546479 -41.5703 -0.994238 0.105593 0.0184374 3.55003
-0.015367 -0.595134 -0.80348 -23.7402 0.000470243 -0.803579 0.595198 -41.4726 -0.999882 0.00876856 0.0126284 3.47727
-0.00962326 -0.613662 -0.78951 -23.8684 0.149922 -0.781508 0.605615 -41.3646 -0.988651 -0.112537 0.0995219 3.35559
0.0980234 -0.567813 -0.817301 -23.9613 0.359986 -0.745412 0.561044 -41.2796 -0.927794 -0.349213 0.131337 3.25196
0.213268 -0.476246 -0.853057 -24.004 0.470282 -0.715292 0.516907 -41.2403 -0.856359 -0.511417 0.0714208 3.19833
0.280439 -0.407923 -0.86888 -24.0444 0.547438 -0.675582 0.493863 -41.2039 -0.788458 -0.614157 0.0338531 3.1503
0.413536 -0.296668 -0.8608 -24.1069 0.595238 -0.627318 0.502158 -41.1315 -0.688969 -0.720042 -0.0828309 3.06022
0.487654 -0.220395 -0.84476 -24.1316 0.615046 -0.599999 0.511586 -41.0949 -0.619606 -0.769043 -0.157039 3.01347
0.560943 -0.136798 -0.816473 -24.1547 0.638078 -0.556921 0.531691 -41.052 -0.527445 -0.819223 -0.225113 2.96552
0.680522 -0.0436275 -0.731428 -24.1917 0.620829 -0.495867 0.607197 -40.9602 -0.389181 -0.867302 -0.310363 2.86307
0.751843 0.0840615 -0.653962 -24.2157 0.619358 -0.430184 0.656763 -40.8639 -0.226116 -0.898819 -0.375495 2.78148
0.751736 0.210575 -0.624941 -24.2311 0.654548 -0.35374 0.668158 -40.7797 -0.0803688 -0.911332 -0.40375 2.72255
0.801633 0.245105 -0.54526 -24.2534 0.597475 -0.297646 0.744601 -40.694 0.020211 -0.922676 -0.385047 2.6805
0.820313 0.289101 -0.493464 -24.2614 0.559244 -0.224868 0.797922 -40.636 0.119716 -0.930513 -0.34614 2.64718
0.829423 0.305997 -0.467359 -24.2901 0.526816 -0.150193 0.836605 -40.5701 0.185804 -0.940111 -0.285777 2.62385
0.836713 0.372266 -0.401659 -24.2849 0.467584 -0.103809 0.877832 -40.554 0.285091 -0.922302 -0.260924 2.61777
0.78812 0.422459 -0.447655 -24.2754 0.493393 0.00123158 0.869806 -40.5592 0.368008 -0.906381 -0.207468 2.61464
0.814644 0.322417 -0.482081 -24.2744 0.491455 0.0575833 0.868997 -40.5647 0.307939 -0.944845 -0.111544 2.6239
0.812818 0.320373 -0.486506 -24.2833 0.493186 0.0659677 0.867419 -40.5516 0.309991 -0.944992 -0.104384 2.61826
