0.999999 -0.000166059 0.00125973 -0.00608391 0.000166475 1 -0.000330342 -0.000671012 -0.00125968 0.000330552 0.999999 -0.0151811
0.999451 0.0131451 0.0304065 0.0104802 -0.0133955 0.999878 0.00804628 0.00731544 -0.0302971 -0.00844917 0.999505 -0.00167043
0.974232 0.051751 0.219532 0.0178013 -0.0431266 0.998105 -0.0439006 0.0049335 -0.221388 0.0333017 0.974617 0.00660034
0.935718 0.0899812 0.34108 0.0190052 -0.0740832 0.995483 -0.0593811 0.00690857 -0.344882 0.0302956 0.938157 0.0168795
0.972435 0.0636197 0.224328 -0.0227581 -0.0662368 0.997795 0.00415233 0.0113351 -0.22357 -0.0188967 0.974505 0.0487734
0.948887 0.0197077 0.315001 -0.0613268 -0.0298053 0.999184 0.0272708 0.0115792 -0.314206 -0.0352656 0.9487 0.0908433
0.916744 -0.0547525 0.395705 -0.113177 0.0688736 0.997392 -0.0215558 -0.00163682 -0.393493 0.0470148 0.918125 0.141466
0.947551 -0.0389792 0.317218 -0.243524 0.0670597 0.994689 -0.0780861 -0.0498486 -0.312489 0.0952631 0.945133 0.236279
0.950131 -0.019641 0.311233 -0.387831 0.0296683 0.999181 -0.0275158 -0.115973 -0.310437 0.0353774 0.949935 0.446317
0.932055 -0.0406547 0.360028 -0.493758 0.0675962 0.99575 -0.0625546 -0.151796 -0.355955 0.0826409 0.930842 0.688136
0.922479 -0.0633089 0.38082 -0.544115 0.0671253 0.997739 0.00326697 -0.180239 -0.380166 0.0225489 0.924643 0.925654
0.916779 -0.114479 0.382636 -0.554806 0.0787405 0.991044 0.107848 -0.155207 -0.391556 -0.0687439 0.917583 0.975523
0.937783 -0.0846559 0.336743 -0.507771 0.0741153 0.996276 0.0440589 -0.112541 -0.339219 -0.0163598 0.940565 1.03498
0.934722 -0.131078 0.330323 -0.46191 0.114322 0.990993 0.0697441 -0.0543749 -0.33649 -0.0274283 0.941288 1.10527
0.943048 -0.198939 0.266616 -0.35475 0.170774 0.977324 0.125197 -0.00124041 -0.285477 -0.0725359 0.955637 1.1805
0.91266 -0.309558 0.266882 -0.261894 0.292962 0.950778 0.100965 0.0314568 -0.285 -0.01396 0.958426 1.24369
0.897315 -0.378441 0.227174 -0.0697604 0.360286 0.925306 0.118335 0.115895 -0.254988 -0.0243361 0.966638 1.35477
0.889323 -0.408267 0.205967 0.0522824 0.406379 0.912144 0.0533852 0.183022 -0.209667 0.0362242 0.977102 1.43821
0.898506 -0.36583 0.242602 0.24451 0.374989 0.926985 0.00902449 0.214939 -0.22819 0.0828647 0.970084 1.53401
0.863088 -0.451392 0.22655 0.445808 0.438621 0.892297 0.106854 0.224304 -0.250383 0.00714539 0.968121 1.64811
0.849605 -0.474567 0.230124 0.639997 0.450917 0.879906 0.1498 0.235045 -0.273577 -0.0235044 0.961563 1.75745
0.882606 -0.420879 0.209447 0.953164 0.419037 0.906281 0.0553368 0.290034 -0.213108 0.0389256 0.976253 1.93346
0.917015 -0.335808 0.215214 1.26558 0.334578 0.941375 0.0432538 0.337761 -0.217122 0.0323414 0.975609 2.07253
0.928109 -0.287175 0.236947 1.48475 0.271086 0.957489 0.098628 0.357315 -0.255197 -0.0273047 0.966503 2.19835
0.900188 -0.328903 0.285455 1.82897 0.308149 0.944217 0.11618 0.395028 -0.307744 -0.0166209 0.951324 2.3861
0.889157 -0.310691 0.335964 2.06948 0.295757 0.95041 0.0961691 0.419564 -0.349182 0.0138544 0.936952 2.50739
0.907069 -0.292229 0.303033 2.35806 0.269346 0.956063 0.115742 0.473179 -0.323542 -0.0233656 0.945925 2.64197
0.936861 -0.245362 0.249177 2.52974 0.227506 0.968776 0.0985604 0.520755 -0.265579 -0.0356481 0.96343 2.76162
0.927381 -0.249105 0.279127 2.83 0.230828 0.968138 0.0970981 0.599449 -0.294421 -0.0256165 0.955332 2.9144
0.92961 -0.202896 0.307666 3.0854 0.193166 0.979199 0.0621029 0.632511 -0.313867 0.001699 0.949466 3.04656
0.914367 -0.229189 0.333774 3.28297 0.198227 0.972212 0.124539 0.656247 -0.353042 -0.0477118 0.93439 3.127
0.919601 -0.283974 0.271464 3.48559 0.236428 0.951909 0.194863 0.710729 -0.313745 -0.115014 0.942516 3.27351
0.87419 -0.377194 0.305806 3.72621 0.333155 0.92406 0.187404 0.77643 -0.353271 -0.0619462 0.933468 3.37716
0.899468 -0.303375 0.314517 4.02854 0.256754 0.949301 0.181396 0.840251 -0.353603 -0.0824064 0.931759 3.55382
0.881873 -0.37136 0.290503 4.26686 0.329882 0.926199 0.182576 0.890212 -0.336865 -0.0651772 0.939294 3.67293
0.877489 -0.40956 0.249547 4.51927 0.34213 0.8992 0.27274 0.987788 -0.336096 -0.153949 0.929161 3.83898
0.866295 -0.40314 0.294976 4.95094 0.33661 0.907414 0.251584 1.15869 -0.369088 -0.118654 0.921789 4.0626
0.840723 -0.469935 0.268973 5.25896 0.397253 0.872871 0.28335 1.30233 -0.367934 -0.131368 0.920525 4.21467
0.84102 -0.471723 0.26488 5.5442 0.374899 0.861161 0.343296 1.48945 -0.390045 -0.189415 0.901103 4.37461
0.81589 -0.506369 0.279132 5.82734 0.402181 0.843836 0.355233 1.69961 -0.41542 -0.177569 0.89213 4.54348
0.764465 -0.580921 0.279507 6.08931 0.438888 0.786562 0.434393 1.84253 -0.472198 -0.209406 0.856259 4.64327
0.726886 -0.631695 0.269441 6.23011 0.44122 0.730211 0.521648 1.97117 -0.526271 -0.260296 0.809497 4.70839
0.65666 -0.722871 0.215068 6.47419 0.50173 0.631619 0.591036 2.22169 -0.563085 -0.280204 0.777445 4.81082
0.624407 -0.767307 0.146134 6.61503 0.535243 0.556574 0.635406 2.44395 -0.568886 -0.318535 0.758225 4.88984
0.576679 -0.814435 0.0643205 6.73845 0.549866 0.44516 0.706739 2.60811 -0.604226 -0.372194 0.704545 4.92974
0.521378 -0.853318 -0.00365362 6.84955 0.555854 0.336373 0.760184 2.8269 -0.64745 -0.398374 0.649697 5.00271
0.480924 -0.876601 -0.0168004 7.03059 0.556833 0.290578 0.77814 3.21738 -0.677236 -0.383581 0.627866 5.06812
0.458317 -0.886633 -0.0618719 7.17907 0.546776 0.226387 0.806093 3.60292 -0.700701 -0.403276 0.588546 5.12164
0.414063 -0.905265 -0.0951185 7.28834 0.553881 0.167651 0.815542 4.06799 -0.722335 -0.390371 0.570827 5.19801
0.452454 -0.888766 -0.0733585 7.36735 0.564702 0.221867 0.794913 4.43491 -0.690215 -0.401087 0.602273 5.26401
0.402322 -0.91006 -0.0996368 7.44928 0.608794 0.184667 0.771536 4.73098 -0.683744 -0.371064 0.628335 5.30226
0.351733 -0.9258 -0.138487 7.51766 0.624056 0.121634 0.771854 5.14816 -0.697738 -0.35791 0.620534 5.34183
0.386217 -0.917052 -0.0992596 7.68432 0.607773 0.172052 0.775249 5.68511 -0.693865 -0.359741 0.623809 5.40984
0.410073 -0.900666 -0.143668 7.80064 0.603351 0.14976 0.783288 6.0934 -0.683965 -0.407887 0.604831 5.48009
0.429387 -0.899068 -0.0854629 7.91774 0.599492 0.212973 0.771526 6.44594 -0.675452 -0.382518 0.630432 5.52756
0.47324 -0.880933 -0.000184537 8.09224 0.596059 0.320051 0.736397 6.7621 -0.648658 -0.348603 0.676549 5.60301
0.544814 -0.837576 0.0405392 8.20178 0.558906 0.398739 0.72707 6.93592 -0.625141 -0.373461 0.685365 5.67733
0.574983 -0.808352 0.12634 8.333 0.555387 0.499019 0.665225 7.10313 -0.600782 -0.312326 0.735876 5.7438
0.618803 -0.753108 0.223408 8.50708 0.504967 0.599208 0.621255 7.28063 -0.60174 -0.271621 0.751087 5.82286
0.683532 -0.669541 0.290686 8.64456 0.463253 0.705685 0.536101 7.39554 -0.564075 -0.231782 0.792526 5.90426
0.711683 -0.610479 0.347597 8.88921 0.436243 0.771887 0.462474 7.56394 -0.550636 -0.177498 0.815656 6.02446
0.75395 -0.539616 0.374666 9.11572 0.392624 0.827395 0.401576 7.72968 -0.526694 -0.155665 0.835681 6.14391
0.780474 -0.462897 0.420222 9.31209 0.351678 0.880789 0.317069 7.84382 -0.516898 -0.0996809 0.850224 6.23967
0.792997 -0.375277 0.479919 9.49034 0.286881 0.92497 0.249258 7.91769 -0.537452 -0.0599808 0.841159 6.31683
0.813169 -0.317511 0.487793 9.80935 0.240974 0.946551 0.214411 8.04094 -0.529799 -0.0568067 0.846219 6.48622
0.831725 -0.234064 0.503435 10.1268 0.183222 0.971703 0.149076 8.13903 -0.524083 -0.0317499 0.851075 6.65205
0.84391 -0.142263 0.517279 10.3223 0.121318 0.989829 0.0743004 8.18184 -0.522587 5.24638e-05 0.852586 6.77499
0.841281 -0.108056 0.529688 10.6589 0.118326 0.992867 0.0146121 8.20718 -0.527489 0.0503831 0.848066 6.93167
0.859775 -0.0651029 0.506507 11.0701 0.078966 0.99686 -0.00591205 8.24815 -0.504531 0.0450798 0.862216 7.16385
0.864844 -0.00759368 0.501982 11.2414 0.0608125 0.994108 -0.089733 8.24438 -0.498343 0.108132 0.86021 7.27425
0.873138 0.0497996 0.484923 11.5644 0.0473725 0.981391 -0.186083 8.20095 -0.485166 0.185448 0.854531 7.4293
0.868578 0.128344 0.478644 11.8708 -0.0210324 0.974557 -0.223152 8.15463 -0.495107 0.183758 0.849178 7.61559
0.8715 0.207962 0.444117 12.0939 -0.0577466 0.942848 -0.328181 8.11401 -0.486984 0.260364 0.833701 7.72441
0.862522 0.295568 0.410725 12.3287 -0.104226 0.898044 -0.42738 8.02558 -0.495169 0.325817 0.805389 7.85967
0.857079 0.388638 0.338196 12.4886 -0.186961 0.846337 -0.498758 7.93059 -0.480064 0.364246 0.798037 7.94124
0.801717 0.504347 0.320756 12.5913 -0.296724 0.801686 -0.518897 7.85136 -0.518849 0.320832 0.792377 8.01175
0.809927 0.548293 0.208311 12.6694 -0.329544 0.719192 -0.611689 7.77264 -0.485201 0.426776 0.763179 8.06813
0.779082 0.613399 0.129513 12.7663 -0.405748 0.650832 -0.641706 7.68546 -0.477913 0.447392 0.755936 8.1176
0.71508 0.695676 0.0685142 12.8783 -0.484523 0.563902 -0.668769 7.56276 -0.503882 0.445027 0.740307 8.20232
0.678859 0.733915 -0.0227926 12.9417 -0.513383 0.45222 -0.729338 7.45578 -0.524965 0.506819 0.683773 8.23459
0.64552 0.758865 -0.0861893 13.075 -0.530743 0.364572 -0.765114 7.25207 -0.549196 0.539641 0.638101 8.28162
0.587067 0.800847 -0.118307 13.1834 -0.568097 0.30344 -0.764977 7.0626 -0.576731 0.516303 0.633098 8.35893
0.540157 0.810099 -0.227969 13.3024 -0.591283 0.172566 -0.787785 6.8553 -0.598845 0.560321 0.572211 8.40206
0.485683 0.825202 -0.288363 13.3703 -0.600006 0.0748122 -0.79649 6.69238 -0.635692 0.559861 0.531462 8.45787
0.432707 0.821189 -0.372039 13.4578 -0.596785 -0.0484022 -0.80094 6.41918 -0.675731 0.5686 0.469129 8.47251
0.362369 0.840915 -0.401935 13.5118 -0.5973 -0.121527 -0.792757 6.13575 -0.715487 0.527346 0.458241 8.5215
0.310219 0.815616 -0.488399 13.5689 -0.589941 -0.237698 -0.771666 5.85491 -0.745475 0.527513 0.407428 8.53491
0.264179 0.786799 -0.557815 13.568 -0.568942 -0.339884 -0.748855 5.5946 -0.778791 0.515196 0.357852 8.55264
0.225636 0.771599 -0.594746 13.5564 -0.558172 -0.397962 -0.72806 5.19113 -0.798456 0.496247 0.34089 8.53452
0.201112 0.745876 -0.634999 13.5335 -0.549778 -0.450573 -0.703369 4.8739 -0.810739 0.490564 0.319451 8.51315
0.180819 0.698419 -0.692471 13.4965 -0.51624 -0.53189 -0.67126 4.69468 -0.837139 0.478857 0.264376 8.50384
0.158407 0.68424 -0.711845 13.4262 -0.490296 -0.571272 -0.658223 4.37848 -0.85704 0.453282 0.244987 8.43696
0.140311 0.695406 -0.704786 13.3136 -0.450834 -0.58888 -0.670797 4.05005 -0.881511 0.411862 0.230887 8.39681
0.121564 0.63786 -0.760498 13.2128 -0.410421 -0.665313 -0.623629 3.78666 -0.903757 0.387935 0.180913 8.33115
0.0848665 0.563251 -0.821916 13.1099 -0.405042 -0.734159 -0.544933 3.64908 -0.910351 0.379157 0.165834 8.30263
0.0105498 0.517751 -0.855466 12.9481 -0.386628 -0.786866 -0.481001 3.43566 -0.922176 0.335821 0.191876 8.2033
-0.0261301 0.482428 -0.875546 12.771 -0.329427 -0.831077 -0.448095 3.23068 -0.943819 0.27672 0.180641 8.11844
-0.0403395 0.386963 -0.921212 12.5741 -0.263851 -0.893363 -0.363711 3.04327 -0.96372 0.228391 0.138138 8.00812
-0.0616928 0.31102 -0.948399 12.4029 -0.222614 -0.93056 -0.290689 2.91327 -0.972953 0.193193 0.126646 7.92638
-0.0732737 0.279434 -0.957365 12.1277 -0.222507 -0.940329 -0.257432 2.71945 -0.972174 0.194157 0.131078 7.77861
-0.106396 0.274936 -0.955558 11.8054 -0.280604 -0.930253 -0.236411 2.49815 -0.953908 0.242981 0.176123 7.63151
-0.0613902 0.264847 -0.962334 11.5636 -0.264288 -0.934052 -0.240204 2.34514 -0.962488 0.239587 0.127338 7.52119
-0.0459224 0.293772 -0.954772 11.1515 -0.277826 -0.921827 -0.270273 2.07757 -0.959533 0.252849 0.12395 7.28344
-0.057636 0.280316 -0.958176 10.8414 -0.258665 -0.93119 -0.256862 1.84087 -0.964246 0.233042 0.126178 7.11673
-0.0835969 0.295037 -0.951822 10.4584 -0.267805 -0.926677 -0.263722 1.6207 -0.95984 0.232856 0.15648 6.90942
-0.108767 0.314933 -0.942861 9.98007 -0.301591 -0.914237 -0.270581 1.31579 -0.947213 0.254928 0.19442 6.70287
-0.0748715 0.31928 -0.944698 9.64707 -0.341599 -0.89825 -0.276508 1.0988 -0.936859 0.302005 0.176319 6.52718
-0.0624201 0.369875 -0.926982 9.32423 -0.387628 -0.864865 -0.318988 0.868566 -0.9197 0.339413 0.197359 6.37439
-0.041925 0.326368 -0.944313 9.09149 -0.357702 -0.887398 -0.290816 0.703269 -0.932894 0.32559 0.153946 6.24166
-0.0298334 0.360813 -0.932161 8.73379 -0.382729 -0.865628 -0.322811 0.469495 -0.923379 0.347135 0.163918 6.03151
-0.051708 0.423234 -0.904544 8.51095 -0.389012 -0.842748 -0.372082 0.275104 -0.91978 0.332639 0.20822 5.92677
-0.0232877 0.383779 -0.923131 8.22713 -0.374874 -0.859359 -0.34781 0.0144468 -0.926783 0.337958 0.163881 5.77105
-0.0224655 0.407283 -0.913025 7.90879 -0.335692 -0.863307 -0.376845 -0.316365 -0.941704 0.298029 0.156116 5.57738
-0.017069 0.418755 -0.907939 7.62202 -0.352568 -0.852264 -0.386449 -0.680068 -0.935631 0.313514 0.162187 5.43543
-0.00814304 0.469352 -0.882973 7.47661 -0.432562 -0.797766 -0.42007 -0.965829 -0.901567 0.37852 0.20952 5.36876
0.066979 0.571629 -0.817774 7.42449 -0.49452 -0.692842 -0.524804 -1.1687 -0.866581 0.439557 0.236276 5.33296
0.129984 0.660961 -0.739077 7.4018 -0.515423 -0.591728 -0.619836 -1.37287 -0.84702 0.461506 0.26376 5.32794
0.173489 0.721012 -0.670853 7.41804 -0.548147 -0.495225 -0.674009 -1.52722 -0.818191 0.484659 0.309304 5.32535
0.272685 0.774866 -0.570286 7.47001 -0.573567 -0.344971 -0.742978 -1.7328 -0.77244 0.529696 0.350369 5.34436
0.335083 0.803527 -0.492 7.50663 -0.581463 -0.234526 -0.779037 -1.88875 -0.741364 0.547122 0.388635 5.3743
0.404163 0.811466 -0.422108 7.55903 -0.594769 -0.117449 -0.79527 -2.03404 -0.694911 0.572476 0.435166 5.40561
0.473907 0.81732 -0.32772 7.62393 -0.595453 0.0232617 -0.803054 -2.18244 -0.648728 0.575714 0.497699 5.43201
0.517658 0.825093 -0.226387 7.67921 -0.561429 0.127912 -0.817579 -2.27849 -0.645622 0.550327 0.529446 5.46099
0.577034 0.806864 -0.126503 7.76151 -0.540314 0.260988 -0.799966 -2.39842 -0.612448 0.529959 0.586559 5.51529
0.632009 0.773929 -0.0399685 7.86011 -0.512612 0.378818 -0.770537 -2.49392 -0.5812 0.507475 0.636141 5.56068
0.697499 0.716429 0.0149709 7.99307 -0.458718 0.462453 -0.758759 -2.61466 -0.55052 0.522366 0.6512 5.62182
0.723391 0.685654 0.0811422 8.09702 -0.433752 0.542742 -0.719229 -2.68356 -0.537181 0.485089 0.690019 5.69056
0.777834 0.605378 0.168796 8.2888 -0.377846 0.665083 -0.644125 -2.80614 -0.502202 0.437243 0.746064 5.78531
0.821451 0.522326 0.228896 8.40626 -0.313972 0.749296 -0.583076 -2.87638 -0.476067 0.407102 0.779505 5.85094
0.847407 0.450458 0.281051 8.56703 -0.28266 0.83084 -0.479383 -2.9503 -0.449451 0.326791 0.831386 5.95881
0.872543 0.368519 0.320722 8.749 -0.228264 0.887957 -0.399283 -3.00259 -0.431931 0.275183 0.858901 6.04583
0.896653 0.2777 0.344814 9.14948 -0.153298 0.925388 -0.346637 -3.12121 -0.415347 0.257954 0.872323 6.26505
0.908181 0.238724 0.343829 9.45207 -0.143876 0.949407 -0.27915 -3.20287 -0.393074 0.20405 0.89658 6.43689
0.926397 0.179122 0.331217 9.80404 -0.101616 0.965899 -0.238144 -3.28596 -0.362579 0.186959 0.913008 6.64506
0.927022 0.191993 0.322131 10.1081 -0.104125 0.957006 -0.270736 -3.37084 -0.36026 0.217436 0.907157 6.81643
0.934763 0.166525 0.313828 10.4261 -0.0946924 0.968171 -0.231685 -3.4534 -0.342421 0.186854 0.920779 7.01151
0.913004 0.221318 0.342698 10.7995 -0.115476 0.945897 -0.303224 -3.51913 -0.391266 0.237272 0.889164 7.20311
0.909902 0.254229 0.327791 11.1025 -0.139428 0.931651 -0.335538 -3.59849 -0.39069 0.259604 0.883157 7.36343
0.887049 0.365489 0.282067 11.2429 -0.239352 0.886513 -0.395986 -3.68747 -0.394785 0.283746 0.873861 7.45406
0.860417 0.467117 0.203677 11.2937 -0.328079 0.813609 -0.480004 -3.76015 -0.389932 0.346181 0.853295 7.48969
0.823272 0.552909 0.128508 11.3121 -0.408673 0.73444 -0.541834 -3.81053 -0.393966 0.39356 0.830603 7.50484
0.774431 0.628266 0.0744205 11.3134 -0.45977 0.639697 -0.615954 -3.86438 -0.434589 0.442798 0.784259 7.51226
0.711871 0.702239 -0.0100089 11.2951 -0.524913 0.522536 -0.67188 -3.90775 -0.46659 0.483545 0.740593 7.50597
0.641382 0.759546 -0.108257 11.2667 -0.577016 0.384551 -0.720537 -3.95001 -0.50565 0.524606 0.684914 7.48568
0.563078 0.806742 -0.179194 11.236 -0.603974 0.253732 -0.755536 -3.99047 -0.564056 0.533654 0.630122 7.45736
0.482795 0.841183 -0.243556 11.2029 -0.627903 0.138641 -0.765844 -4.02052 -0.610448 0.522675 0.595116 7.42751
0.419439 0.841909 -0.3395 11.1684 -0.637288 0.00675376 -0.770596 -4.03765 -0.646479 0.539577 0.539372 7.40192
0.356432 0.831239 -0.426612 11.1325 -0.631103 -0.122498 -0.765966 -4.0406 -0.68896 0.542251 0.480936 7.37794
0.251281 0.806558 -0.535091 11.0908 -0.615427 -0.293554 -0.731489 -4.02983 -0.747066 0.513118 0.422613 7.35295
0.159419 0.761095 -0.628745 11.0614 -0.584554 -0.44046 -0.68139 -4.01136 -0.795539 0.476162 0.374683 7.3414
0.0729286 0.679507 -0.730035 11.0507 -0.547322 -0.584645 -0.598856 -3.98712 -0.833739 0.443238 0.329272 7.33813
0.00219591 0.569811 -0.821773 11.0376 -0.499644 -0.711221 -0.49449 -3.96025 -0.866228 0.41168 0.283141 7.33551
-0.0410836 0.46988 -0.881774 11.0351 -0.429553 -0.805105 -0.409011 -3.90823 -0.902107 0.361965 0.234915 7.32189
-0.0729065 0.300862 -0.950877 11.0194 -0.353014 -0.899477 -0.257532 -3.8403 -0.932773 0.316897 0.171786 7.30647
-0.112654 0.174471 -0.978197 11.0119 -0.306475 -0.942567 -0.132821 -3.78477 -0.945189 0.28483 0.159655 7.29209
-0.123628 0.128461 -0.983979 10.9901 -0.105417 -0.987675 -0.115699 -3.72872 -0.986713 0.0894246 0.135647 7.25465
-0.127588 0.0398432 -0.991027 10.8977 -0.0960331 -0.994994 -0.027639 -3.66605 -0.987167 0.0916449 0.130776 7.20092
-0.104975 0.0101633 -0.994423 10.742 -0.0850487 -0.996376 -0.00120527 -3.60726 -0.990831 0.0844478 0.105459 7.0966
-0.0820544 -0.0994892 -0.99165 10.5447 -0.0459195 -0.993571 0.103482 -3.58338 -0.995569 0.0540272 0.0769584 6.9764
-0.106801 -0.125782 -0.986292 10.3713 0.014872 -0.992057 0.124906 -3.57271 -0.994169 -0.0013281 0.107823 6.90924
-0.0936534 -0.0761459 -0.992689 10.0909 -0.00987763 -0.996951 0.0774048 -3.53122 -0.995556 0.0170546 0.0926157 6.75761
-0.116516 -0.00966426 -0.993142 9.91435 -0.0326615 -0.999375 0.0135568 -3.53086 -0.992652 0.0340171 0.116128 6.67301
-0.131711 -0.0349071 -0.990673 9.57502 -0.0751887 -0.996149 0.0450964 -3.55059 -0.988433 0.0804271 0.128579 6.50674
-0.05537 0.0308455 -0.997989 9.32072 -0.104275 -0.994236 -0.0249442 -3.57933 -0.993006 0.102684 0.0582673 6.35707
-0.022795 0.123937 -0.992028 9.10761 -0.105446 -0.987049 -0.120892 -3.61577 -0.994164 0.101849 0.0355685 6.25958
-0.0427565 0.219009 -0.974786 8.9238 -0.14327 -0.966938 -0.210961 -3.70038 -0.98876 0.130638 0.0727204 6.17678
-0.0240779 0.304797 -0.952113 8.77636 -0.232596 -0.927961 -0.291183 -3.84674 -0.972275 0.214446 0.0932378 6.10107
0.0277111 0.396225 -0.917735 8.65336 -0.324815 -0.864698 -0.383134 -4.01945 -0.945371 0.308711 0.104738 6.04873
0.0565654 0.491752 -0.868896 8.58989 -0.376068 -0.795696 -0.474806 -4.14152 -0.924864 0.353622 0.139923 6.00542
0.0953069 0.583855 -0.806244 8.5377 -0.444653 -0.699668 -0.559239 -4.26758 -0.890618 0.411798 0.19293 5.9781
0.13557 0.672601 -0.727481 8.49182 -0.456031 -0.609495 -0.6485 -4.402 -0.879578 0.419671 0.224098 5.96289
0.193683 0.75183 -0.630269 8.47612 -0.498485 -0.477907 -0.723268 -4.53278 -0.844985 0.454264 0.282214 5.95901
0.27535 0.793603 -0.542564 8.4757 -0.55105 -0.332166 -0.765513 -4.70098 -0.787735 0.509764 0.345853 5.95468
0.359961 0.794378 -0.489277 8.48801 -0.568311 -0.229209 -0.790244 -4.82085 -0.739899 0.562519 0.368948 5.96463
0.414956 0.818448 -0.397436 8.50482 -0.557835 -0.116226 -0.821773 -4.96986 -0.718771 0.562703 0.40833 5.97492
0.491809 0.826479 -0.273964 8.54044 -0.537092 0.0403108 -0.84256 -5.11761 -0.685314 0.561523 0.46372 5.97722
0.562509 0.813663 -0.14675 8.58244 -0.513935 0.205068 -0.832958 -5.22955 -0.647653 0.543967 0.533522 5.99587
0.61802 0.785286 -0.0371079 8.61523 -0.478837 0.33857 -0.809991 -5.2909 -0.623511 0.518359 0.585267 6.01512
0.680929 0.726998 0.0883751 8.67853 -0.419252 0.485909 -0.76689 -5.35824 -0.600469 0.485146 0.635665 6.04219
0.712056 0.677344 0.184881 8.73552 -0.375789 0.590085 -0.71455 -5.389 -0.593092 0.439324 0.674712 6.06004
0.774714 0.566978 0.279919 8.8139 -0.282619 0.7065 -0.648833 -5.4207 -0.565637 0.423549 0.707574 6.09108
0.809417 0.451435 0.375568 8.8993 -0.205704 0.816996 -0.538706 -5.46306 -0.550028 0.358782 0.754152 6.13862
0.846412 0.376427 0.376682 8.93089 -0.196846 0.878406 -0.435494 -5.49092 -0.494812 0.294459 0.817591 6.18396
0.869564 0.380421 0.314862 8.94187 -0.223416 0.871688 -0.436171 -5.68227 -0.44039 0.308933 0.842981 6.21535
0.827762 0.502402 0.249806 8.89074 -0.315237 0.784741 -0.533672 -5.8808 -0.464151 0.363005 0.807955 6.19911
0.778652 0.607028 0.158802 8.84387 -0.412964 0.686336 -0.598668 -5.97586 -0.4724 0.400575 0.785098 6.17931
0.703542 0.709337 0.0432506 8.76686 -0.488949 0.527324 -0.69488 -6.11704 -0.515711 0.46773 0.717824 6.14278
0.64156 0.764828 -0.0586459 8.71287 -0.536329 0.392598 -0.74714 -6.20223 -0.548409 0.510788 0.662074 6.11373
0.55849 0.812878 -0.165282 8.65683 -0.576786 0.237349 -0.781654 -6.28505 -0.59616 0.531879 0.601414 6.0843
0.474054 0.829551 -0.295159 8.58701 -0.618096 0.0747844 -0.782537 -6.35123 -0.627081 0.553401 0.548194 6.05284
0.397687 0.827203 -0.396964 8.51178 -0.614777 -0.0809285 -0.784538 -6.40685 -0.681098 0.556045 0.476361 6.02151
0.341998 0.805258 -0.484352 8.4684 -0.632277 -0.184116 -0.752547 -6.4215 -0.695172 0.563614 0.446179 6.00509
0.266783 0.738308 -0.619458 8.38555 -0.622185 -0.358924 -0.695744 -6.43453 -0.736011 0.57103 0.36361 5.96339
0.186018 0.686204 -0.703222 8.30627 -0.578121 -0.50227 -0.643041 -6.45041 -0.794464 0.526165 0.303277 5.92092
0.116235 0.619418 -0.776409 8.22843 -0.524245 -0.625686 -0.577655 -6.4576 -0.843598 0.474172 0.252 5.87789
0.0602881 0.531527 -0.844893 8.15688 -0.492845 -0.720214 -0.488258 -6.45463 -0.868026 0.445837 0.21854 5.83832
0.00548166 0.439118 -0.898413 8.07584 -0.414412 -0.816648 -0.401682 -6.43501 -0.910073 0.374514 0.177499 5.78745
-0.02045 0.338269 -0.940827 8.0131 -0.336651 -0.888402 -0.312102 -6.40615 -0.941408 0.310348 0.132046 5.7451
-0.0370793 0.200499 -0.978992 7.95791 -0.258157 -0.948333 -0.184442 -6.37992 -0.965391 0.245894 0.0869236 5.70085
-0.0521593 0.0847561 -0.995036 7.9211 -0.189732 -0.979085 -0.0734517 -6.36416 -0.980449 0.184959 0.0671493 5.67772
-0.0880511 -0.0248074 -0.995807 7.89243 -0.151254 -0.987765 0.0379813 -6.35163 -0.984565 0.153964 0.0832216 5.67064
-0.10364 -0.156973 -0.98215 7.87378 -0.101287 -0.980668 0.167424 -6.3363 -0.989444 0.116831 0.085737 5.66368
-0.107169 -0.268622 -0.957265 7.86734 -0.0361923 -0.961118 0.273755 -6.31919 -0.993582 0.0639837 0.09328 5.65098
-0.0555652 -0.364493 -0.929547 7.85155 0.138354 -0.924815 0.354367 -6.28371 -0.988823 -0.108916 0.101817 5.62642
-0.0219547 -0.471875 -0.881392 7.82613 0.174068 -0.869943 0.461409 -6.24288 -0.984489 -0.143292 0.101238 5.59146
0.00562207 -0.520999 -0.853539 7.65568 0.216706 -0.832634 0.509666 -6.13188 -0.976221 -0.187832 0.108222 5.46993
-0.00424383 -0.566649 -0.823948 7.41898 0.233324 -0.801774 0.550198 -6.02642 -0.97239 -0.189912 0.135616 5.33661
-0.00935619 -0.63017 -0.776401 7.30032 0.240873 -0.754992 0.609891 -5.9607 -0.970512 -0.181308 0.158855 5.29558
0.0516039 -0.685477 -0.726264 7.22874 0.242899 -0.696779 0.674907 -5.8262 -0.968678 -0.211237 0.130545 5.21758
0.0985033 -0.689654 -0.717408 7.13874 0.205625 -0.691251 0.692741 -5.65131 -0.973661 -0.215754 0.0737195 5.15474
0.0756199 -0.675642 -0.733342 7.0338 0.229033 -0.704015 0.67224 -5.50514 -0.970477 -0.218794 0.101506 5.11649
0.0356783 -0.709028 -0.704278 6.8901 0.260289 -0.67381 0.691541 -5.35419 -0.964871 -0.207989 0.160512 5.03302
-0.00404908 -0.689685 -0.724098 6.75902 0.302673 -0.690984 0.656453 -5.26592 -0.953086 -0.216507 0.211547 5.00572
0.0142429 -0.631385 -0.775339 6.65484 0.269225 -0.74436 0.611103 -5.18972 -0.962972 -0.217445 0.159383 4.9361
-0.0209473 -0.551537 -0.833888 6.51942 0.205743 -0.818597 0.536255 -5.04864 -0.978382 -0.160334 0.130622 4.85217
-0.0325443 -0.465105 -0.884657 6.40459 0.166106 -0.875333 0.454093 -4.96084 -0.985571 -0.132168 0.105744 4.79761
-0.012137 -0.404439 -0.914485 6.29944 0.125909 -0.907891 0.399851 -4.88004 -0.991968 -0.110289 0.0619414 4.72194
-0.0368206 -0.392157 -0.919161 6.083 0.088047 -0.917481 0.387914 -4.74045 -0.995436 -0.0666461 0.0683105 4.61749
-0.032378 -0.367399 -0.9295 5.92351 0.048346 -0.929474 0.365705 -4.63549 -0.998306 -0.0330968 0.0478568 4.51712
-0.0208517 -0.286805 -0.957762 5.77681 -0.012257 -0.957825 0.287091 -4.51846 -0.999707 0.0177256 0.0164569 4.41852
-0.00120179 -0.183323 -0.983052 5.64713 -0.0126723 -0.982971 0.183324 -4.46253 -0.999919 0.0126778 -0.0011418 4.35412
-0.0162258 -0.13096 -0.991255 5.45285 -0.0440498 -0.990329 0.131559 -4.39777 -0.998898 0.0457993 0.0103002 4.22936
0.00499551 -0.0670859 -0.997735 5.27183 -0.100175 -0.992762 0.06625 -4.38886 -0.994957 0.0996167 -0.0116797 4.15084
0.0284403 0.0639279 -0.997549 5.16026 -0.187231 -0.97995 -0.068138 -4.42853 -0.981904 0.18871 -0.0159007 4.08207
0.0691914 0.194548 -0.97845 5.07191 -0.259959 -0.943399 -0.205962 -4.47377 -0.963138 0.268607 -0.0147006 4.02809
0.0903151 0.300398 -0.949528 5.01708 -0.313729 -0.8963 -0.3134 -4.51509 -0.945207 0.3262 0.0132944 3.98887
0.156611 0.427899 -0.890155 4.97378 -0.333199 -0.825548 -0.455465 -4.56091 -0.929759 0.367929 0.0132862 3.95578
0.194528 0.567195 -0.80028 4.95045 -0.360319 -0.717508 -0.596115 -4.63494 -0.912321 0.404317 0.0647958 3.94341
0.235403 0.620489 -0.74805 4.93603 -0.400273 -0.639478 -0.656392 -4.68778 -0.885645 0.453941 0.0978296 3.94284
0.287134 0.65667 -0.69738 4.86184 -0.473082 -0.535835 -0.699338 -4.81972 -0.832915 0.530722 0.156802 3.92681
0.2796 0.679726 -0.678083 4.76345 -0.493893 -0.503816 -0.708689 -4.97986 -0.823343 0.53305 0.194845 3.90878
0.273868 0.712848 -0.645634 4.66006 -0.511476 -0.46055 -0.725456 -5.18888 -0.814486 0.528906 0.238475 3.84851
0.279897 0.727698 -0.62619 4.54426 -0.556059 -0.408823 -0.723645 -5.36607 -0.782596 0.550744 0.290214 3.81882
0.211484 0.727925 -0.652227 4.419 -0.567255 -0.452014 -0.688408 -5.56845 -0.795925 0.515566 0.317325 3.75678
0.139343 0.659927 -0.738295 4.31136 -0.575899 -0.55251 -0.602555 -5.66383 -0.805558 0.509145 0.303063 3.73503
0.0605879 0.613818 -0.787119 4.22938 -0.550567 -0.637211 -0.539294 -5.70894 -0.832589 0.466037 0.299341 3.71468
-0.0110314 0.563554 -0.826006 4.15192 -0.498934 -0.718981 -0.483871 -5.73651 -0.866569 0.406785 0.289108 3.67758
-0.0675151 0.47691 -0.876355 4.06836 -0.455028 -0.79641 -0.398349 -5.75442 -0.887914 0.371871 0.270777 3.6322
-0.120011 0.381463 -0.91656 3.9896 -0.4017 -0.862939 -0.306549 -5.75634 -0.907873 0.331393 0.256796 3.59016
-0.122098 0.297822 -0.946781 3.92499 -0.316987 -0.915661 -0.247153 -5.75355 -0.940538 0.269941 0.206206 3.55082
-0.140554 0.185018 -0.972632 3.8785 -0.247899 -0.957668 -0.146348 -5.74161 -0.958536 0.220545 0.18047 3.51879
-0.156111 0.0762701 -0.98479 3.83555 -0.161758 -0.985528 -0.050685 -5.73538 -0.974404 0.151385 0.166189 3.49146
-0.160448 -0.0418666 -0.986156 3.80128 -0.100002 -0.99327 0.0584389 -5.73166 -0.981965 0.107994 0.155181 3.47528
-0.172701 -0.161296 -0.971678 3.78473 -0.00833588 -0.986226 0.165193 -5.72219 -0.984939 0.0366287 0.168977 3.46557
-0.129994 -0.263885 -0.955754 3.78474 0.0882752 -0.963186 0.25393 -5.67709 -0.987577 -0.05136 0.148503 3.45303
-0.0834608 -0.413258 -0.906781 3.80906 0.188753 -0.900039 0.392813 -5.60208 -0.978472 -0.138373 0.153122 3.45206
-0.0185214 -0.518461 -0.854901 3.83799 0.297639 -0.819141 0.490326 -5.54253 -0.954499 -0.24537 0.169486 3.45148
0.0311669 -0.655432 -0.754611 3.88296 0.316762 -0.709585 0.629406 -5.48748 -0.947993 -0.258649 0.1855 3.46064
0.0821727 -0.76732 -0.635978 3.93589 0.39811 -0.559739 0.726774 -5.44406 -0.91365 -0.31291 0.259482 3.47922
0.158414 -0.817531 -0.553668 3.98501 0.48559 -0.423741 0.764621 -5.42281 -0.859714 -0.389982 0.329859 3.50561
0.253138 -0.857134 -0.4486 4.04749 0.530651 -0.2647 0.805198 -5.41432 -0.808907 -0.441876 0.387833 3.53713
0.30467 -0.902905 -0.303214 4.09418 0.535197 -0.101047 0.838662 -5.42127 -0.787871 -0.417794 0.452446 3.55058
0.3828 -0.905451 -0.183364 4.14547 0.50087 0.0366336 0.864747 -5.43461 -0.776269 -0.422867 0.467537 3.55532
0.436045 -0.896082 -0.0830735 4.19594 0.464793 0.145201 0.873432 -5.4391 -0.770605 -0.419468 0.479807 3.57041
0.47597 -0.879292 0.0172771 4.28566 0.45046 0.260618 0.853911 -5.40493 -0.75534 -0.398653 0.520132 3.59635
0.458481 -0.884457 -0.0867835 4.3673 0.466161 0.156203 0.870801 -5.28783 -0.75663 -0.439701 0.483915 3.64364
0.421886 -0.906432 -0.0198439 4.48966 0.459623 0.194956 0.866452 -5.08722 -0.781511 -0.374665 0.498866 3.67952
0.480418 -0.876579 0.0284289 4.55887 0.45628 0.277489 0.845463 -4.92915 -0.749004 -0.393204 0.533276 3.73526
0.498781 -0.86204 0.0900233 4.60654 0.467973 0.355275 0.809186 -4.80552 -0.729534 -0.361478 0.580616 3.77307
0.450538 -0.892596 0.0169749 4.65994 0.485107 0.260731 0.83468 -4.61364 -0.749458 -0.36782 0.550474 3.78276
0.425018 -0.901952 -0.0764352 4.6791 0.474686 0.150187 0.867247 -4.48132 -0.770735 -0.404879 0.491976 3.79892
0.379885 -0.914661 -0.138143 4.67322 0.451901 0.0531968 0.89048 -4.30177 -0.807139 -0.400707 0.433545 3.78097
0.340918 -0.925566 -0.16463 4.60456 0.469039 0.0156974 0.883038 -4.10352 -0.814725 -0.378261 0.439478 3.75303
0.305236 -0.919036 -0.249405 4.53814 0.4476 -0.0927067 0.889415 -4.00617 -0.840526 -0.383116 0.383063 3.72059
0.246087 -0.907205 -0.341206 4.49762 0.426722 -0.214671 0.878536 -3.92882 -0.870259 -0.361796 0.334296 3.69283
0.221165 -0.868164 -0.444272 4.47403 0.397738 -0.335648 0.8539 -3.8536 -0.890444 -0.365557 0.271069 3.67513
0.195498 -0.816799 -0.542789 4.4515 0.370371 -0.45099 0.812055 -3.76553 -0.908078 -0.359788 0.214351 3.65874
0.166178 -0.76991 -0.616136 4.4136 0.304152 -0.55434 0.774725 -3.71893 -0.938017 -0.316141 0.142051 3.62317
0.130485 -0.699505 -0.702614 4.34174 0.241197 -0.664985 0.706837 -3.70384 -0.961664 -0.2617 0.0819478 3.56408
0.11122 -0.595936 -0.795293 4.25563 0.191972 -0.772302 0.605555 -3.71407 -0.975078 -0.220024 0.028508 3.50886
0.0894477 -0.529555 -0.843547 4.18013 0.115541 -0.835707 0.536885 -3.72771 -0.989267 -0.145487 -0.0135669 3.46557
0.0845495 -0.398714 -0.91317 4.11274 0.068107 -0.911995 0.404507 -3.73914 -0.994089 -0.0963941 -0.0499535 3.42975
0.071705 -0.261622 -0.962503 4.03802 0.0188197 -0.964461 0.263556 -3.72959 -0.997248 -0.0370123 -0.064233 3.39794
0.0549136 -0.11511 -0.991834 3.96239 -0.00803929 -0.993351 0.114841 -3.70527 -0.998459 0.00166732 -0.0554739 3.37935
0.0378493 -0.0379777 -0.998562 3.86512 -0.0488948 -0.998151 0.0361088 -3.67442 -0.998087 0.0474578 -0.0396362 3.33614
0.012947 -0.0944299 -0.995447 3.64266 -0.0213625 -0.99533 0.0941409 -3.65364 -0.999688 0.0200464 -0.0149038 3.22875
0.0131869 -0.132258 -0.991128 3.41771 -0.021967 -0.991013 0.131951 -3.62272 -0.999672 0.0200321 -0.0159737 3.1533
0.0579126 -0.111355 -0.992092 3.19543 -0.0424756 -0.993135 0.108993 -3.58491 -0.997418 0.0358276 -0.0622449 3.09378
0.0489837 -0.0669209 -0.996555 2.93712 -0.0116721 -0.997723 0.0664256 -3.58724 -0.998731 0.00837816 -0.0496533 3.06335
0.0433978 -0.116819 -0.992205 2.79003 -0.03241 -0.992782 0.11547 -3.60312 -0.998532 0.0271463 -0.0468706 3.0967
-0.00565795 -0.114351 -0.993424 2.53418 -0.000831299 -0.993439 0.114357 -3.59792 -0.999984 0.00147286 0.00552577 3.09343
0.0300446 -0.109299 -0.993555 2.32312 -0.0265908 -0.993739 0.108515 -3.5989 -0.999195 0.0231592 -0.0327628 3.09127
0.0372735 -0.149822 -0.98801 2.17157 0.00643112 -0.988641 0.15016 -3.61567 -0.999284 -0.011951 -0.0358866 3.11069
0.0689719 -0.213491 -0.974507 2.0194 0.001463 -0.976811 0.214099 -3.55868 -0.997618 -0.0161925 -0.0670601 3.09554
0.0867275 -0.200613 -0.975824 1.81546 -0.0162987 -0.97967 0.199955 -3.53118 -0.996099 -0.00143693 -0.0882341 3.11507
0.158906 -0.190824 -0.968677 1.65032 0.00401249 -0.981011 0.193912 -3.53966 -0.987286 -0.0347007 -0.155123 3.08321
0.132372 -0.264057 -0.95538 1.46915 0.0137994 -0.963278 0.268152 -3.49697 -0.991104 -0.0486796 -0.123867 3.10762
0.129567 -0.19423 -0.972362 1.28106 0.00815586 -0.980386 0.196919 -3.4653 -0.991537 -0.0334447 -0.125441 3.10548
0.0645524 -0.147508 -0.986952 1.0807 -0.0136568 -0.989053 0.146928 -3.48052 -0.997821 0.00399399 -0.0658602 3.12206
0.0387651 -0.160328 -0.986302 0.847684 -0.0324914 -0.986725 0.159119 -3.48621 -0.99872 0.0258781 -0.0434598 3.16585
-0.0613378 -0.135596 -0.988864 0.731735 -0.0501191 -0.989061 0.138732 -3.46238 -0.996858 0.0580705 0.0538709 3.17646
-0.0665645 -0.0861273 -0.994058 0.536104 -0.105031 -0.990128 0.0928199 -3.43039 -0.992239 0.110585 0.0568614 3.21525
-0.0274366 -0.0570634 -0.997993 0.323211 -0.117811 -0.991227 0.0599153 -3.44139 -0.992657 0.119218 0.0204732 3.17546
-0.0383393 -0.0434451 -0.99832 0.16435 -0.148238 -0.987753 0.0486781 -3.42755 -0.988208 0.149856 0.0314295 3.2125
-0.0147601 -0.00267319 -0.999887 0.0339993 -0.151296 -0.988476 0.00487608 -3.39585 -0.988378 0.151351 0.0141856 3.20635
-0.0139838 0.0356141 -0.999268 -0.132353 -0.216913 -0.975675 -0.0317377 -3.40235 -0.976091 0.21631 0.0213688 3.21202
0.00584918 0.131801 -0.991259 -0.275416 -0.19133 -0.972815 -0.130478 -3.42963 -0.981508 0.190421 0.0195274 3.18889
0.0251915 0.083282 -0.996208 -0.386887 -0.22438 -0.970627 -0.0868174 -3.42109 -0.974176 0.225716 -0.0057647 3.20474
0.00379465 0.0531767 -0.998578 -0.479679 -0.275538 -0.959874 -0.0521626 -3.42124 -0.961283 0.275344 0.0110098 3.1918
0.0166551 0.195825 -0.980497 -0.606246 -0.241547 -0.9508 -0.193997 -3.43035 -0.970246 0.240067 0.0314652 3.16116
0.0776916 0.292245 -0.953182 -0.682762 -0.247898 -0.920383 -0.302394 -3.4453 -0.965666 0.259786 0.000940984 3.15743
0.0845609 0.355135 -0.930982 -0.773619 -0.306795 -0.879659 -0.363424 -3.46704 -0.948012 0.316352 0.0345688 3.17102
0.138866 0.431572 -0.891326 -0.869091 -0.337426 -0.82557 -0.452304 -3.52602 -0.931053 0.363567 0.03098 3.12571
0.215813 0.492254 -0.843274 -0.931844 -0.316453 -0.781752 -0.537329 -3.59575 -0.923733 0.382819 -0.012937 3.05703
0.249369 0.546812 -0.799257 -1.04809 -0.360546 -0.713574 -0.600682 -3.705 -0.898789 0.437961 0.0192076 3.01109
0.260154 0.610551 -0.748029 -1.14613 -0.388756 -0.642908 -0.659953 -3.80586 -0.883849 0.46249 0.0701 2.97744
0.306059 0.677622 -0.668697 -1.20342 -0.402543 -0.544411 -0.735918 -3.90846 -0.862721 0.494414 0.10615 2.92866
0.33712 0.755499 -0.561758 -1.27987 -0.420157 -0.413238 -0.8079 -4.01053 -0.842507 0.508385 0.178117 2.89346
0.42019 0.786345 -0.452882 -1.34701 -0.417737 -0.27543 -0.865814 -4.14521 -0.805566 0.552992 0.212753 2.86643
0.450029 0.805028 -0.386527 -1.36471 -0.408041 -0.199638 -0.890869 -4.27777 -0.79434 0.558636 0.238642 2.83399
0.449461 0.82818 -0.334818 -1.38837 -0.412991 -0.139702 -0.899957 -4.47097 -0.792101 0.542772 0.27924 2.83396
0.493559 0.830681 -0.257621 -1.39027 -0.421897 -0.030347 -0.906136 -4.65169 -0.760528 0.555921 0.335484 2.84864
0.532225 0.836865 -0.128034 -1.36437 -0.406929 0.120261 -0.905509 -4.78325 -0.742391 0.534035 0.404551 2.84526
0.570939 0.820391 0.0314135 -1.33325 -0.371443 0.292245 -0.881262 -4.89291 -0.73216 0.491479 0.471583 2.85835
0.617817 0.77846 0.110915 -1.29651 -0.339297 0.39117 -0.85549 -4.98461 -0.709351 0.490904 0.505801 2.8724
0.631078 0.749122 0.20139 -1.24314 -0.317324 0.486205 -0.814193 -5.06227 -0.707846 0.449913 0.544547 2.89286
0.675305 0.684529 0.274561 -1.16157 -0.304394 0.597759 -0.741639 -5.17704 -0.671795 0.417257 0.612036 2.9343
0.688834 0.632892 0.353491 -1.08202 -0.275928 0.679831 -0.679481 -5.27017 -0.670352 0.370511 0.642923 2.98771
0.735115 0.541193 0.408307 -1.02158 -0.212465 0.755846 -0.619318 -5.32392 -0.643789 0.368519 0.670619 3.02112
0.755748 0.448254 0.477403 -0.950204 -0.165859 0.836263 -0.522643 -5.38401 -0.633511 0.315804 0.706351 3.05198
0.776567 0.322529 0.54122 -0.880496 -0.0987002 0.910703 -0.401096 -5.43641 -0.622256 0.25806 0.739056 3.08965
0.779142 0.227037 0.584287 -0.820534 -0.0441099 0.949651 -0.310188 -5.47786 -0.625293 0.215908 0.749928 3.12632
0.772293 0.127073 0.622427 -0.726019 -0.00669203 0.981363 -0.192048 -5.51657 -0.635231 0.144152 0.75875 3.17413
0.790838 0.0288723 0.611344 -0.486494 0.0561983 0.991241 -0.119513 -5.58221 -0.609439 0.128872 0.782289 3.32109
0.806609 0.0064565 0.59105 -0.243493 0.0670648 0.992484 -0.102365 -5.64398 -0.587269 0.122207 0.800113 3.49552
0.781859 -0.0335433 0.622553 -0.0876851 0.0710826 0.996836 -0.0355622 -5.68036 -0.61939 0.0720573 0.781769 3.6809
0.824006 -0.0336939 0.565579 0.0667267 0.0439741 0.999022 -0.00455104 -5.67806 -0.564872 0.0286209 0.824682 3.92464
0.817161 -0.0356879 0.575304 0.230506 0.0537908 0.998447 -0.0144674 -5.70176 -0.573895 0.0427682 0.817812 4.16668
0.799876 -0.0757742 0.595363 0.312255 0.0947262 0.995503 -0.000563888 -5.70879 -0.592643 0.0568475 0.803456 4.31306
0.797709 -0.0524569 0.600756 0.473845 0.0836474 0.996204 -0.0240838 -5.70965 -0.597213 0.0694636 0.799069 4.5673
0.791221 -0.0476895 0.609669 0.616501 0.0736879 0.997125 -0.017634 -5.75118 -0.607075 0.0588776 0.79246 4.80443
0.785696 -0.0857766 0.612637 0.766335 0.110895 0.993827 -0.00307288 -5.72563 -0.608592 0.0703526 0.790359 5.02339
0.810191 -0.110691 0.575619 0.835877 0.13188 0.991253 0.00499358 -5.74612 -0.571137 0.071867 0.817703 5.20281
0.787692 -0.119849 0.604299 0.97415 0.122301 0.991793 0.0372828 -5.77131 -0.603807 0.044539 0.795885 5.40971
0.784333 -0.0908803 0.613648 1.08851 0.116343 0.993208 -0.00161164 -5.76944 -0.609333 0.072658 0.789578 5.57908
0.745964 -0.115578 0.655881 1.23046 0.136075 0.990501 0.0197795 -5.77499 -0.651937 0.0744944 0.754605 5.7731
0.748779 -0.114415 0.65287 1.37249 0.111872 0.992673 0.045659 -5.7302 -0.653311 0.0388491 0.756093 6.02229
0.754901 -0.167312 0.634138 1.43258 0.17963 0.982685 0.0454344 -5.70287 -0.630759 0.0796116 0.771884 6.21461
0.754568 -0.203943 0.623726 1.54159 0.178639 0.978423 0.103808 -5.678 -0.631439 0.0330914 0.774719 6.38709
0.754526 -0.215414 0.619909 1.60066 0.221279 0.972787 0.0687049 -5.6611 -0.61784 0.0853334 0.78166 6.46473
0.739478 -0.188679 0.646198 1.65872 0.15352 0.98189 0.111015 -5.63244 -0.655442 0.0171109 0.755052 6.51943
0.73848 -0.172773 0.651765 1.71835 0.152963 0.98434 0.0876194 -5.59005 -0.656696 0.0349909 0.753343 6.67071
0.736143 -0.230506 0.636365 1.8701 0.183296 0.97298 0.1404 -5.55338 -0.651534 0.0132884 0.758503 6.7626
0.696746 -0.252314 0.671478 1.97796 0.144997 0.966311 0.212646 -5.54602 -0.702511 -0.0507977 0.709858 6.88438
0.727975 -0.284015 0.624009 2.10325 0.199019 0.95851 0.204083 -5.51005 -0.656082 -0.0243775 0.754296 7.05598
0.702396 -0.293424 0.648492 2.38064 0.199237 0.955707 0.216632 -5.41829 -0.683334 -0.0229581 0.729745 7.17072
0.741328 -0.262496 0.61768 2.54213 0.214359 0.964742 0.152717 -5.39907 -0.635989 0.0191921 0.771459 7.29264
0.769845 -0.271853 0.577438 2.82441 0.211067 0.962284 0.17164 -5.37168 -0.60232 -0.0102586 0.798189 7.4477
0.792444 -0.276059 0.543897 2.99841 0.22932 0.961136 0.153718 -5.36716 -0.565194 0.0029133 0.824953 7.56393
0.796482 -0.234812 0.557208 3.19415 0.219298 0.970953 0.095699 -5.3659 -0.563494 0.0459722 0.82484 7.65262
0.794918 -0.153163 0.587066 3.40337 0.193124 0.981159 -0.00552039 -5.36904 -0.57516 0.117765 0.80952 7.77037
0.82722 -0.0771683 0.556554 3.50855 0.172402 0.977604 -0.120697 -5.40275 -0.534776 0.195794 0.821997 7.85304
0.854646 0.0106912 0.519101 3.6293 0.117491 0.969872 -0.213412 -5.44653 -0.505743 0.243381 0.827641 7.91562
0.880805 0.0888233 0.465073 3.75989 0.0632775 0.951352 -0.301538 -5.52114 -0.469232 0.295025 0.832335 7.98237
0.881008 0.209474 0.4242 3.87039 -0.02298 0.914525 -0.403875 -5.60041 -0.472544 0.346069 0.810518 8.04904
0.86042 0.316392 0.399467 3.96245 -0.101063 0.874282 -0.474782 -5.67712 -0.499463 0.36814 0.784225 8.09932
0.84095 0.415726 0.346373 4.054 -0.1647 0.806393 -0.567983 -5.77399 -0.515438 0.420598 0.746607 8.13477
0.80587 0.517922 0.286932 4.14856 -0.245853 0.733558 -0.6336 -5.87075 -0.538636 0.440056 0.718486 8.18271
0.766626 0.590532 0.252105 4.28765 -0.287817 0.667018 -0.687203 -5.99612 -0.573974 0.454268 0.681318 8.27605
0.720678 0.642533 0.260335 4.46751 -0.36443 0.670562 -0.646172 -6.12003 -0.589758 0.370808 0.717417 8.35384
0.766693 0.554364 0.323826 4.7133 -0.294657 0.751969 -0.589677 -6.23669 -0.570403 0.356684 0.739877 8.51284
0.822894 0.43044 0.3709 4.84109 -0.228022 0.848071 -0.478312 -6.21092 -0.520434 0.309027 0.796022 8.59152
0.856021 0.310531 0.413277 4.96862 -0.149504 0.91402 -0.377115 -6.15861 -0.494849 0.261032 0.828847 8.65617
0.864103 0.198336 0.462589 5.04641 -0.0541845 0.950401 -0.30627 -6.11401 -0.50039 0.239584 0.831991 8.6996
0.870716 0.0806646 0.485125 5.15315 0.0190757 0.980174 -0.197217 -6.03315 -0.491416 0.180974 0.851915 8.76868
0.853391 -0.0546216 0.518402 5.2738 0.111782 0.990536 -0.0796465 -5.93727 -0.509145 0.125917 0.85142 8.82043
0.84631 -0.16648 0.506008 5.35529 0.176897 0.983836 0.0278245 -5.85234 -0.502461 0.0659633 0.86208 8.86302
0.815109 -0.296959 0.497406 5.4216 0.260457 0.954804 0.143216 -5.75399 -0.517455 0.0128161 0.855614 8.90633
0.785816 -0.416838 0.45688 5.4624 0.312942 0.905181 0.2876 -5.63811 -0.533442 -0.083024 0.841752 8.94864
0.724012 -0.536763 0.433236 5.48234 0.377934 0.834092 0.401815 -5.51493 -0.577038 -0.127184 0.806754 8.97614
0.68582 -0.62908 0.365937 5.49542 0.408364 0.74884 0.521994 -5.40615 -0.602404 -0.208558 0.770463 8.98706
0.619045 -0.731018 0.287047 5.52387 0.46078 0.634053 0.621014 -5.26101 -0.635976 -0.25217 0.729346 8.98649
0.575054 -0.783921 0.234055 5.55962 0.474802 0.552769 0.684842 -5.11483 -0.66624 -0.282691 0.690079 8.99603
0.50965 -0.84416 0.166284 5.58405 0.515536 0.454353 0.726489 -4.95852 -0.688824 -0.28453 0.666756 9.032
0.469831 -0.880604 0.0616019 5.64036 0.538266 0.341093 0.770666 -4.73779 -0.699663 -0.328924 0.634255 9.05121
0.446586 -0.893866 -0.0395395 5.66996 0.530232 0.228797 0.816398 -4.54049 -0.720705 -0.385558 0.576134 9.07846
0.353699 -0.935103 0.0218798 5.6779 0.534639 0.221309 0.815588 -4.41891 -0.767501 -0.276775 0.578219 9.09424
0.433353 -0.898797 -0.0660987 5.67062 0.55359 0.207601 0.806499 -4.34394 -0.711156 -0.38609 0.587529 9.09144
0.413455 -0.904373 -0.105664 5.65543 0.575325 0.169535 0.800162 -4.18996 -0.705731 -0.391622 0.590403 9.0808
0.382374 -0.915868 -0.122373 5.63907 0.587847 0.138941 0.796952 -3.93549 -0.7129 -0.37667 0.591517 9.0833
0.333282 -0.91429 -0.230211 5.61582 0.594559 0.0143105 0.803925 -3.75445 -0.731726 -0.404808 0.548368 9.04866
0.327533 -0.891346 -0.313408 5.56112 0.556204 -0.0862466 0.826558 -3.59692 -0.76378 -0.445044 0.467521 9.01469
0.263066 -0.886866 -0.379822 5.51753 0.506432 -0.208151 0.836779 -3.53188 -0.821171 -0.412482 0.394381 8.98198
0.195237 -0.859749 -0.471926 5.44045 0.500397 -0.32652 0.801865 -3.47356 -0.843496 -0.392704 0.366467 8.92914
0.160479 -0.813733 -0.558646 5.32758 0.427396 -0.452883 0.782451 -3.42071 -0.889707 -0.36433 0.275108 8.84688
0.0970673 -0.762309 -0.639893 5.21043 0.3877 -0.563183 0.729735 -3.38635 -0.916661 -0.31892 0.24088 8.79222
0.0104552 -0.676101 -0.736735 5.09454 0.32759 -0.693799 0.641348 -3.39006 -0.944762 -0.248053 0.21423 8.73429
-0.0163739 -0.536152 -0.843963 5.00982 0.280462 -0.812652 0.51082 -3.41174 -0.959725 -0.228335 0.163677 8.68309
-0.0674732 -0.38454 -0.920639 4.92643 0.183364 -0.911804 0.367411 -3.44485 -0.980727 -0.144022 0.132033 8.63031
-0.0572385 -0.188765 -0.980353 4.84972 0.108142 -0.977357 0.181874 -3.49631 -0.992486 -0.0956073 0.076356 8.5837
-0.0803736 -0.0443775 -0.995776 4.78804 -0.0135297 -0.998868 0.0456073 -3.55748 -0.996673 0.0171381 0.0796822 8.54368
-0.0399571 0.105819 -0.993582 4.74045 -0.0845037 -0.991172 -0.102164 -3.62661 -0.995622 0.0798792 0.0485465 8.50951
-0.0276339 0.23539 -0.971508 4.69882 -0.138604 -0.963394 -0.229481 -3.70016 -0.989962 0.128314 0.0592483 8.48233
-0.00408056 0.37021 -0.928939 4.63868 -0.192473 -0.911868 -0.362561 -3.80904 -0.981294 0.177316 0.0749761 8.43956
0.000835714 0.41352 -0.910495 4.53752 -0.26402 -0.878097 -0.399048 -3.91921 -0.964517 0.240722 0.108444 8.40101
0.0698754 0.450033 -0.890274 4.39352 -0.311617 -0.837947 -0.44804 -4.07485 -0.947635 0.308731 0.0816858 8.31373
0.0939581 0.514644 -0.85224 4.28469 -0.367641 -0.777588 -0.510096 -4.1988 -0.925209 0.361246 0.116143 8.2296
0.110814 0.506263 -0.85523 4.15861 -0.360964 -0.781263 -0.509248 -4.32093 -0.925973 0.365139 0.0961683 8.16779
0.100848 0.461141 -0.881577 3.99759 -0.359788 -0.809221 -0.46445 -4.45616 -0.927568 0.36402 0.0843049 8.07586
0.0663338 0.363479 -0.929238 3.84209 -0.358221 -0.860527 -0.362174 -4.53553 -0.931277 0.356897 0.0731239 8.01452
0.0423008 0.264978 -0.963326 3.72776 -0.320103 -0.909768 -0.264302 -4.55466 -0.946438 0.319544 0.0463362 7.9647
0.0121003 0.160069 -0.987032 3.558 -0.26741 -0.950633 -0.157445 -4.53703 -0.963507 0.265847 0.0313011 7.86451
0.0112308 0.0618313 -0.998023 3.40831 -0.224167 -0.972527 -0.0627743 -4.49498 -0.974486 0.224429 0.00293831 7.78712
-0.0138196 -0.00357651 -0.999898 3.27649 -0.139989 -0.990138 0.00547639 -4.4503 -0.990057 0.140051 0.0131826 7.73401
0.0109417 -0.107714 -0.994122 3.09736 -0.0654328 -0.992128 0.106777 -4.37299 -0.997797 0.0638799 -0.0179036 7.62152
0.00265764 -0.236658 -0.971589 2.94256 -0.0180859 -0.971445 0.236573 -4.30606 -0.999833 0.0169434 -0.00686192 7.53058
0.0124549 -0.309972 -0.950664 2.80648 0.0107459 -0.950642 0.310105 -4.2312 -0.999865 -0.0140781 -0.00850918 7.46518
0.0401812 -0.310089 -0.949858 2.54951 0.0356273 -0.949577 0.311504 -4.08437 -0.998557 -0.0463575 -0.0271075 7.30582
0.0931349 -0.310488 -0.946004 2.36396 0.0266897 -0.949013 0.314104 -4.00304 -0.995296 -0.0545025 -0.0800994 7.17362
0.0976628 -0.354396 -0.929981 2.16128 0.0480936 -0.931676 0.360092 -3.94112 -0.994057 -0.0798937 -0.073946 7.05603
0.113887 -0.35681 -0.927209 1.99504 0.0310323 -0.931548 0.362292 -3.87544 -0.993009 -0.0700338 -0.0950189 6.94336
0.0780529 -0.310345 -0.947414 1.84483 0.0357048 -0.948834 0.313751 -3.79982 -0.99631 -0.0583164 -0.0629784 6.86221
0.0478132 -0.292542 -0.955057 1.70732 0.0544329 -0.953966 0.294933 -3.73958 -0.997372 -0.0660882 -0.0296883 6.81484
0.0419869 -0.221576 -0.974239 1.52316 0.064696 -0.972449 0.223957 -3.68794 -0.997021 -0.0724326 -0.026495 6.71966
0.0251681 -0.203501 -0.978751 1.27372 0.0229004 -0.978687 0.204076 -3.64782 -0.999421 -0.02755 -0.0199715 6.708
0.06415 -0.178274 -0.981887 1.06533 -0.0069133 -0.98397 0.178201 -3.579 -0.997916 -0.00464351 -0.0643541 6.65843
0.0495757 -0.0950632 -0.994236 0.855315 -0.0385647 -0.9949 0.0932038 -3.52851 -0.998026 0.0337218 -0.0529889 6.68797
0.0509119 -0.0775789 -0.995685 0.743628 -0.0917003 -0.99313 0.0726909 -3.49893 -0.994484 0.0876038 -0.0576762 6.67081
0.0403327 -0.174896 -0.98376 0.615012 -0.0772148 -0.982163 0.171446 -3.4589 -0.996198 0.069046 -0.0531178 6.69583
0.0359255 -0.176245 -0.983691 0.459508 -0.046152 -0.983568 0.174538 -3.41576 -0.998288 0.039129 -0.0434692 6.683
0.0204585 -0.132951 -0.990911 0.239479 -0.0558828 -0.989721 0.131638 -3.37634 -0.998228 0.0526817 -0.0276779 6.69092
0.0469082 -0.0597182 -0.997113 0.110961 -0.0418267 -0.997453 0.0577709 -3.38968 -0.998023 0.038996 -0.0492866 6.68063
-0.00312992 -0.116615 -0.993172 -0.0383239 -0.0696246 -0.990742 0.116549 -3.37605 -0.997568 0.069514 -0.0050183 6.7242
0.0499477 -0.106511 -0.993056 -0.233391 -0.0553972 -0.993062 0.103725 -3.34293 -0.997214 0.0498317 -0.0555016 6.71321
0.0483475 -0.0490103 -0.997627 -0.473086 -0.0550559 -0.997408 0.0463314 -3.3331 -0.997312 0.0526853 -0.0509204 6.71324
0.0344004 -0.134077 -0.990374 -0.66439 -0.0550808 -0.989708 0.132073 -3.30254 -0.997889 0.0500072 -0.0414314 6.74429
0.0709591 -0.126728 -0.989396 -0.868988 -0.0303747 -0.991711 0.124846 -3.26719 -0.997017 0.0211936 -0.0742203 6.73038
0.076031 -0.0656438 -0.994942 -1.02622 -0.0782241 -0.995148 0.0596797 -3.26737 -0.994032 0.0732909 -0.080797 6.74555
0.0923563 -0.0885934 -0.991777 -1.23698 -0.114227 -0.990401 0.0778335 -3.27826 -0.989152 0.106099 -0.10159 6.74091
0.00370603 -0.0867453 -0.996224 -1.45064 -0.117645 -0.98935 0.0857091 -3.25791 -0.993049 0.116883 -0.0138717 6.78284
0.00882722 2.47849e-05 -0.999961 -1.62434 -0.12692 -0.991912 -0.00114498 -3.244 -0.991874 0.126925 -0.00875268 6.79929
0.0469484 0.0533925 -0.997469 -1.78127 -0.165171 -0.98441 -0.0604676 -3.24115 -0.985147 0.167592 -0.0373976 6.77538
0.0972398 -0.0306803 -0.994788 -1.91677 -0.129748 -0.991385 0.0178926 -3.20014 -0.986767 0.127332 -0.100383 6.77089
0.115621 -0.118782 -0.986166 -1.99847 -0.12759 -0.986375 0.103848 -3.15785 -0.985065 0.113818 -0.129201 6.7605
0.0608726 -0.0489843 -0.996943 -2.10055 -0.130489 -0.990614 0.0407058 -3.13949 -0.989579 0.127612 -0.0666931 6.763
0.0801708 0.0300798 -0.996327 -2.1594 -0.187826 -0.981183 -0.0447363 -3.14465 -0.978925 0.190723 -0.0730125 6.77178
0.103566 0.0902125 -0.990523 -2.2837 -0.210566 -0.971317 -0.110479 -3.15043 -0.972078 0.220013 -0.0815997 6.76682
0.147637 0.127226 -0.980825 -2.39967 -0.244181 -0.956305 -0.160801 -3.1877 -0.958425 0.263239 -0.11012 6.72714
0.18315 0.177075 -0.967006 -2.54023 -0.253022 -0.942016 -0.220421 -3.21823 -0.949966 0.285043 -0.127726 6.77568
0.160327 0.23139 -0.959559 -2.61629 -0.283759 -0.920294 -0.269333 -3.24873 -0.945397 0.315465 -0.0818886 6.75666
0.198619 0.319912 -0.926394 -2.7186 -0.305239 -0.878023 -0.368652 -3.28109 -0.931332 0.355993 -0.0767428 6.66873
0.223366 0.441169 -0.869182 -2.8518 -0.309885 -0.813307 -0.492445 -3.31702 -0.924164 0.379343 -0.0449537 6.61569
0.283934 0.518784 -0.806377 -2.94377 -0.367606 -0.717831 -0.591256 -3.38548 -0.885577 0.464307 -0.013109 6.58382
0.348988 0.534627 -0.769663 -3.02917 -0.441507 -0.63064 -0.638251 -3.50081 -0.826607 0.562553 0.0159558 6.54752
0.321011 0.613992 -0.721087 -3.1379 -0.47028 -0.557541 -0.684094 -3.66659 -0.822063 0.558714 0.109771 6.5432
0.328294 0.669481 -0.666347 -3.16998 -0.479593 -0.489611 -0.728198 -3.78994 -0.813765 0.558639 0.160342 6.5436
0.354243 0.743079 -0.567754 -3.18856 -0.476436 -0.379014 -0.793321 -3.89263 -0.804687 0.551527 0.219766 6.51839
0.434504 0.77324 -0.461851 -3.21907 -0.47873 -0.236076 -0.845627 -4.03649 -0.762904 0.588531 0.267597 6.47074
0.447103 0.830602 -0.331961 -3.24715 -0.44859 -0.112864 -0.886583 -4.15759 -0.773864 0.545309 0.322138 6.45831
0.495732 0.839923 -0.220861 -3.246 -0.412656 0.00403489 -0.910878 -4.26457 -0.764176 0.542691 0.348599 6.45247
0.547861 0.821926 -0.155837 -3.2398 -0.401682 0.0950503 -0.910833 -4.42185 -0.733825 0.561607 0.382227 6.43307
0.572468 0.804586 -0.157867 -3.24114 -0.437533 0.136934 -0.888715 -4.62859 -0.69343 0.577833 0.430423 6.47455
0.625196 0.780344 -0.0139135 -3.18646 -0.394938 0.30094 -0.86802 -4.77718 -0.673167 0.548178 0.496334 6.48975
0.666894 0.736479 0.11336 -3.14957 -0.347939 0.4423 -0.826625 -4.88796 -0.658931 0.511829 0.551217 6.4887
0.686338 0.692485 0.222272 -3.10836 -0.310566 0.555412 -0.771405 -4.98347 -0.657639 0.460414 0.596263 6.50278
0.710818 0.608648 0.35254 -3.05546 -0.22918 0.674273 -0.70202 -5.04189 -0.664992 0.418214 0.618776 6.51926
0.750398 0.527764 0.397955 -3.00356 -0.187514 0.7473 -0.63748 -5.08504 -0.633831 0.403741 0.659736 6.54544
0.759254 0.465276 0.45503 -2.94054 -0.172698 0.818168 -0.548431 -5.13054 -0.627463 0.337815 0.701549 6.57619
0.774444 0.392107 0.496476 -2.86524 -0.134819 0.869028 -0.476039 -5.18265 -0.61811 0.301731 0.725877 6.62376
0.781624 0.282811 0.555952 -2.79084 -0.0458563 0.914947 -0.40096 -5.22452 -0.622062 0.287906 0.728113 6.65432
0.775142 0.18984 0.602591 -2.73187 0.0189855 0.946358 -0.322562 -5.2757 -0.631502 0.261472 0.729957 6.66462
0.74354 0.088353 0.662829 -2.6477 0.0555118 0.979655 -0.192856 -5.35192 -0.666383 0.180191 0.723509 6.70302
0.744325 0.00922337 0.667754 -2.55386 0.0598252 0.994963 -0.0804283 -5.41421 -0.665133 0.0998133 0.740024 6.76581
0.794714 0.034163 0.606022 -2.37477 0.0196603 0.996442 -0.0819537 -5.48808 -0.606666 0.0770443 0.791215 6.89582
0.81787 0.0381438 0.574137 -2.25155 0.0171049 0.995748 -0.0905206 -5.52872 -0.575148 0.0838546 0.81374 7.02018
0.777607 0.00814101 0.628698 -2.03846 0.0411954 0.997108 -0.0638642 -5.59653 -0.6274 0.0755607 0.775022 7.19703
0.77694 0.0192363 0.629281 -1.90331 0.0222595 0.998069 -0.0579923 -5.61404 -0.629181 0.059064 0.775011 7.38733
0.772902 0.0489599 0.632633 -1.86308 0.0239697 0.994054 -0.106215 -5.61861 -0.634072 0.0972577 0.767133 7.48943
0.79047 0.0750547 0.607885 -1.8156 0.0405334 0.983878 -0.174186 -5.62739 -0.611158 0.162328 0.774684 7.61057
0.769807 0.0803123 0.633203 -1.76488 -0.0180032 0.99439 -0.104236 -5.64149 -0.638022 0.0688421 0.766934 7.67478
0.778215 0.0161384 0.627791 -1.72428 0.018529 0.998644 -0.0486405 -5.65224 -0.627725 0.0494851 0.776861 7.78575
0.756766 -0.0274606 0.653109 -1.57342 0.0621857 0.99761 -0.03011 -5.64759 -0.650721 0.0634003 0.756665 7.93454
0.772731 0.0549263 0.632353 -1.5458 0.029824 0.992007 -0.122611 -5.6582 -0.634032 0.113604 0.764916 8.04965
0.739525 0.0399491 0.671943 -1.39914 0.0225362 0.996208 -0.0840306 -5.69396 -0.672752 0.0772857 0.735821 8.24673
0.74328 -0.0217732 0.668627 -1.31965 0.0749779 0.995884 -0.0509193 -5.69228 -0.664766 0.0879795 0.741853 8.39355
0.760674 0.00371409 0.649124 -1.21171 0.0205545 0.999344 -0.0298047 -5.68535 -0.648809 0.0360141 0.760099 8.52965
0.784404 0.0321847 0.619415 -1.16263 0.0122786 0.997651 -0.0673869 -5.71146 -0.620129 0.0604641 0.782167 8.71657
0.771264 0.0292605 0.635842 -1.05559 -0.0112486 0.999413 -0.0323472 -5.72885 -0.636415 0.0177958 0.771141 8.83598
0.779801 -0.0273868 0.625429 -0.9688 0.0179252 0.99961 0.0214222 -5.72075 -0.625771 -0.00549413 0.779987 9.0014
0.78246 -0.0413306 0.621327 -0.86808 0.0581566 0.998284 -0.00683305 -5.70742 -0.619979 0.0414809 0.783521 9.10408
0.779014 -0.0186343 0.62673 -0.811352 0.0537409 0.997864 -0.0371298 -5.71439 -0.6247 0.0626056 0.778351 9.25575
0.776086 -0.015946 0.630426 -0.718898 0.0321037 0.999383 -0.0142429 -5.71082 -0.62981 0.0312928 0.776119 9.35044
0.755831 -0.0904299 0.648492 -0.66769 0.102949 0.994511 0.0186914 -5.70997 -0.646623 0.0526343 0.760992 9.46168
0.761505 -0.084265 0.642658 -0.519439 0.102451 0.994697 0.00902741 -5.69012 -0.640011 0.0589663 0.7661 9.6957
0.744755 -0.129464 0.654659 -0.425562 0.156423 0.987538 0.0173426 -5.71157 -0.648746 0.0894876 0.755725 9.88373
0.719353 -0.232756 0.654489 -0.366004 0.214492 0.970578 0.109417 -5.69365 -0.6607 0.0616734 0.748112 10.0116
0.696691 -0.341628 0.630803 -0.284778 0.281981 0.938959 0.197084 -5.65023 -0.659628 0.0405679 0.750497 10.102
0.653601 -0.381783 0.653489 -0.211222 0.265644 0.924235 0.274269 -5.58809 -0.708688 -0.0056674 0.705499 10.1786
0.655407 -0.416744 0.629894 -0.145671 0.247813 0.906478 0.341886 -5.53016 -0.713464 -0.0679785 0.697387 10.3027
0.620552 -0.46787 0.629296 0.0450528 0.248656 0.878495 0.407943 -5.46657 -0.743697 -0.0966712 0.66149 10.4279
0.606052 -0.49601 0.621832 0.134103 0.275318 0.864247 0.421043 -5.42178 -0.746258 -0.0839723 0.660339 10.58
0.664954 -0.461552 0.587202 0.253275 0.305915 0.885538 0.349627 -5.3901 -0.681361 -0.0528518 0.730037 10.6823
0.717217 -0.363263 0.594676 0.356309 0.265665 0.931465 0.248586 -5.36889 -0.644222 -0.0203055 0.764569 10.7504
0.767629 -0.252854 0.588906 0.471186 0.224405 0.966756 0.122579 -5.35585 -0.600323 0.0380583 0.798852 10.8599
0.782126 -0.161779 0.601753 0.624131 0.205711 0.978603 -0.00427795 -5.35427 -0.588186 0.127133 0.79867 10.9304
0.779513 -0.103182 0.617829 0.907651 0.159185 0.986589 -0.0360761 -5.33686 -0.605821 0.126471 0.785484 11.0639
0.803342 -0.0290048 0.594812 1.15633 0.136529 0.98118 -0.136548 -5.35146 -0.579657 0.190903 0.792183 11.1942
0.808705 0.0996058 0.57972 1.33489 0.0832822 0.956241 -0.280477 -5.39975 -0.582289 0.275103 0.765021 11.285
0.832012 0.156142 0.53233 1.39274 0.0604097 0.928366 -0.366725 -5.43223 -0.551459 0.337278 0.762979 11.3309
0.80852 0.288575 0.512854 1.49226 -0.0125353 0.879754 -0.475263 -5.501 -0.588335 0.377831 0.714917 11.3757
0.79897 0.3875 0.459882 1.60871 -0.0734312 0.821863 -0.564933 -5.57422 -0.596871 0.417595 0.685098 11.4172
0.794038 0.468469 0.387351 1.67962 -0.153327 0.770979 -0.618128 -5.64342 -0.588213 0.431425 0.684016 11.4577
0.747908 0.534519 0.393602 1.84254 -0.212415 0.75449 -0.620987 -5.76146 -0.628898 0.380835 0.677829 11.5542
0.724669 0.581291 0.370075 2.04238 -0.230882 0.710818 -0.664403 -5.91702 -0.649267 0.396029 0.649318 11.6364
0.735898 0.6023 0.309336 2.146 -0.248479 0.665212 -0.704096 -6.01959 -0.629851 0.441279 0.639187 11.736
0.726716 0.57442 0.37673 2.39226 -0.220058 0.714187 -0.664463 -6.15171 -0.650737 0.399974 0.645417 11.8326
0.73485 0.470247 0.488736 2.55549 -0.164174 0.822507 -0.544544 -6.17632 -0.65806 0.31992 0.681622 11.9148
0.770522 0.381194 0.510869 2.65461 -0.159828 0.89141 -0.424079 -6.15425 -0.61705 0.245111 0.747777 11.9821
0.790633 0.245214 0.561043 2.75619 -0.098532 0.955315 -0.278684 -6.10306 -0.60431 0.165056 0.779465 12.044
0.809838 0.122761 0.573665 2.85137 -0.0349714 0.986224 -0.161678 -6.05247 -0.58561 0.110871 0.802975 12.0899
0.812802 -0.00921336 0.582468 2.98532 0.0407906 0.998321 -0.0411298 -5.95037 -0.581111 0.0571896 0.811813 12.1366
0.757768 -0.153201 0.634285 3.06423 0.120897 0.988181 0.0942454 -5.87957 -0.641227 0.00526677 0.767333 12.1682
0.753006 -0.252028 0.607836 3.16054 0.182484 0.967494 0.175086 -5.77643 -0.632204 -0.0209204 0.774519 12.2325
0.729906 -0.37221 0.573321 3.30301 0.234638 0.924212 0.301292 -5.62095 -0.642014 -0.0853923 0.761922 12.3004
0.704164 -0.464464 0.537053 3.3752 0.292934 0.879038 0.376142 -5.5254 -0.646794 -0.107545 0.755044 12.335
0.679386 -0.545001 0.491334 3.42889 0.318429 0.822232 0.471739 -5.42392 -0.661089 -0.164037 0.732157 12.3734
0.646211 -0.637901 0.41892 3.48455 0.364092 0.740126 0.565376 -5.27896 -0.670707 -0.212827 0.710532 12.418
0.600045 -0.718492 0.351733 3.52557 0.414571 0.655329 0.631407 -5.12886 -0.684161 -0.233054 0.691093 12.4432
0.541221 -0.780429 0.313065 3.59302 0.411594 0.570529 0.710695 -4.87253 -0.73326 -0.255787 0.630002 12.4529
0.512368 -0.824229 0.241093 3.61197 0.414514 0.483241 0.77114 -4.65261 -0.752101 -0.295171 0.589252 12.4729
0.462148 -0.87961 0.112714 3.60461 0.435597 0.335878 0.835129 -4.44137 -0.772447 -0.336856 0.538381 12.4458
0.418365 -0.90823 0.00943112 3.57603 0.42218 0.203645 0.883342 -4.33884 -0.804198 -0.365578 0.468634 12.436
0.332397 -0.933276 -0.136047 3.50489 0.451377 0.0307623 0.891803 -4.20945 -0.828113 -0.357841 0.431484 12.4086
0.315463 -0.914076 -0.25485 3.45305 0.430326 -0.101561 0.896942 -4.13087 -0.845756 -0.392621 0.361312 12.3786
0.249182 -0.906576 -0.340628 3.40057 0.406153 -0.221472 0.886561 -4.06881 -0.879175 -0.359262 0.313022 12.3405
0.246401 -0.83969 -0.48395 3.31884 0.378693 -0.376232 0.845601 -3.97663 -0.89212 -0.391625 0.225281 12.2803
0.203222 -0.777815 -0.594731 3.21957 0.321767 -0.520618 0.790836 -3.91751 -0.924752 -0.35208 0.144474 12.2397
0.147715 -0.710924 -0.687581 3.12245 0.281419 -0.636258 0.718317 -3.87359 -0.948147 -0.299605 0.106083 12.1962
0.13743 -0.645647 -0.751167 3.05802 0.216714 -0.72039 0.658842 -3.84784 -0.966513 -0.253334 0.0409176 12.1486
0.141041 -0.540035 -0.829741 2.99123 0.158631 -0.814962 0.55738 -3.83381 -0.977212 -0.210236 -0.0292766 12.094
0.11448 -0.433736 -0.893738 2.92032 0.10035 -0.890002 0.444777 -3.83082 -0.988344 -0.140605 -0.0583622 12.0479
0.104616 -0.314703 -0.943407 2.84738 0.0552747 -0.945306 0.321466 -3.83806 -0.992975 -0.085777 -0.0814988 12.0156
0.0739285 -0.205316 -0.9759 2.78445 0.0320844 -0.977581 0.2081 -3.85411 -0.996747 -0.0466957 -0.0656837 11.9948
0.0732071 -0.0847406 -0.99371 2.73076 -0.0577269 -0.995073 0.080604 -3.89118 -0.995645 0.051463 -0.0777382 11.9741
0.0828553 0.0682403 -0.994222 2.66497 -0.113325 -0.990536 -0.0774314 -3.95818 -0.990097 0.119086 -0.0743378 11.9429
0.123917 0.202614 -0.971387 2.60908 -0.161223 -0.961813 -0.221184 -4.02612 -0.979108 0.184018 -0.0865191 11.9015
0.162617 0.260075 -0.951797 2.509 -0.208565 -0.93378 -0.290786 -4.11836 -0.964394 0.245798 -0.0976062 11.8559
0.178017 0.279854 -0.943394 2.38165 -0.252312 -0.913675 -0.318649 -4.21302 -0.95113 0.294755 -0.0920387 11.7954
0.223145 0.335808 -0.915117 2.27065 -0.269386 -0.880984 -0.388971 -4.28552 -0.936823 0.333317 -0.106126 11.7118
0.212261 0.42486 -0.880022 2.14015 -0.260137 -0.843482 -0.469964 -4.36218 -0.941952 0.328681 -0.0685161 11.6323
0.243549 0.391051 -0.88756 1.9363 -0.273603 -0.850248 -0.449689 -4.50388 -0.930498 0.35236 -0.100084 11.5094
0.219517 0.308233 -0.925637 1.80517 -0.243114 -0.901567 -0.357872 -4.57822 -0.944832 0.303594 -0.122974 11.422
0.178986 0.214016 -0.960292 1.67498 -0.28467 -0.923038 -0.258772 -4.63025 -0.941768 0.319683 -0.104287 11.3963
0.138714 0.109683 -0.98424 1.52465 -0.260431 -0.954827 -0.143109 -4.63032 -0.955476 0.276178 -0.103883 11.3208
0.105702 0.0101122 -0.994346 1.38426 -0.198921 -0.979522 -0.0311074 -4.59016 -0.974298 0.201085 -0.101526 11.2488
0.0651161 -0.0976633 -0.993087 1.24576 -0.162518 -0.98295 0.0860102 -4.53087 -0.984555 0.155794 -0.0798778 11.191
0.0899109 -0.1861 -0.978408 1.14635 -0.0752193 -0.98085 0.179652 -4.45758 -0.993105 0.0574425 -0.102187 11.1151
0.107597 -0.315002 -0.942972 1.06991 -0.0246474 -0.949032 0.314214 -4.39593 -0.993889 -0.0105667 -0.109877 11.0409
0.144587 -0.397416 -0.906176 0.97269 0.0269601 -0.913877 0.405095 -4.34016 -0.989125 -0.083002 -0.12142 10.9861
0.139689 -0.439262 -0.887432 0.844716 0.0831317 -0.887853 0.452555 -4.27926 -0.9867 -0.136991 -0.0875066 10.9383
0.181372 -0.444155 -0.8774 0.711292 0.112267 -0.877013 0.467166 -4.17243 -0.976985 -0.183234 -0.109201 10.8274
0.18901 -0.435485 -0.88013 0.51843 0.0673627 -0.888423 0.454055 -4.05291 -0.979662 -0.145109 -0.138585 10.7473
0.149195 -0.392675 -0.907495 0.288 0.0635203 -0.912065 0.405095 -3.95285 -0.986765 -0.118083 -0.111133 10.6211
0.155997 -0.375699 -0.913518 0.116527 0.0298053 -0.922629 0.384536 -3.8767 -0.987308 -0.0872141 -0.132729 10.5495
0.173017 -0.315999 -0.93285 -0.0170735 -0.00443557 -0.947375 0.320096 -3.7846 -0.984909 -0.0512443 -0.165314 10.4536
0.156072 -0.223052 -0.962231 -0.102325 -0.00458734 -0.974322 0.22511 -3.73155 -0.987735 -0.0307195 -0.153088 10.423
0.146783 -0.166568 -0.975043 -0.182413 -0.00807517 -0.985889 0.167205 -3.68514 -0.989136 -0.0166693 -0.146057 10.3902
0.062039 -0.163116 -0.984654 -0.372436 -0.00594539 -0.986598 0.163063 -3.63742 -0.998056 -0.00426211 -0.0621774 10.3369
-0.0173913 -0.19176 -0.981288 -0.612626 0.0065298 -0.981437 0.191674 -3.59418 -0.999827 -0.00307415 0.0183206 10.3162
-0.0559864 -0.195439 -0.979117 -0.852237 0.0109412 -0.980716 0.195132 -3.55165 -0.998372 0.000212018 0.0570451 10.357
-0.0142838 -0.195906 -0.980519 -0.992013 0.00358031 -0.980622 0.195875 -3.5153 -0.999892 -0.000712714 0.0147085 10.3373
0.00377425 -0.211427 -0.977386 -1.05735 -0.0608981 -0.975628 0.210812 -3.4991 -0.998137 0.0587253 -0.0165578 10.3529
0.00714007 -0.16975 -0.985461 -1.10062 0.0831877 -0.98197 0.169752 -3.49908 -0.996508 -0.0831903 0.00710981 10.357
-0.00778154 -0.203047 -0.979138 -1.16012 -0.034479 -0.978531 0.203195 -3.49362 -0.999375 0.0353409 0.000613629 10.3435
0.096912 -0.214445 -0.971916 -1.27097 -0.0370926 -0.976613 0.211783 -3.4761 -0.994602 0.0155266 -0.1026 10.2935
0.0847973 -0.269786 -0.959179 -1.40719 -0.0304182 -0.962899 0.268143 -3.43262 -0.995934 0.00643871 -0.0898576 10.3261
0.10415 -0.211434 -0.971827 -1.52509 -0.00473658 -0.977236 0.212103 -3.40657 -0.99455 -0.0174874 -0.102781 10.2994
0.088425 -0.136516 -0.986684 -1.65918 -0.0209775 -0.990599 0.135177 -3.38962 -0.995862 0.00874507 -0.0904575 10.3287
0.134664 -0.104072 -0.985411 -1.76353 -0.0591921 -0.993538 0.0968411 -3.38181 -0.989122 0.0452875 -0.139954 10.304
0.171473 -0.14145 -0.974981 -1.95829 -0.0685944 -0.988952 0.131413 -3.37765 -0.982798 0.0443444 -0.179282 10.2938
0.168266 -0.0969409 -0.980963 -2.15757 -0.0551116 -0.994521 0.0888274 -3.34119 -0.9842 0.0391158 -0.172687 10.2935
0.15661 -0.0843997 -0.984048 -2.31012 -0.0489687 -0.99578 0.0776127 -3.30249 -0.986446 0.0360327 -0.160082 10.3246
0.20595 -0.0923879 -0.974191 -2.47361 -0.0424257 -0.99544 0.0854339 -3.27359 -0.977642 0.0237356 -0.208931 10.2896
0.147327 -0.158285 -0.97634 -2.62024 -0.0615042 -0.986668 0.150679 -3.25686 -0.987174 0.0378501 -0.155097 10.3286
0.141325 -0.128308 -0.981613 -2.78301 -0.0547702 -0.99106 0.121657 -3.22478 -0.988447 0.0365699 -0.147089 10.357
0.132559 -0.0871134 -0.98734 -2.93377 -0.105852 -0.991678 0.0732846 -3.21625 -0.985507 0.0947972 -0.140677 10.3845
0.209421 -0.0831072 -0.974287 -3.09465 -0.139654 -0.988709 0.0543192 -3.24854 -0.967801 0.124687 -0.218663 10.3315
0.139452 -0.11671 -0.983327 -3.23806 -0.143082 -0.984984 0.0966154 -3.23863 -0.979837 0.127223 -0.154057 10.3897
0.0919386 -0.152906 -0.983955 -3.33396 -0.168395 -0.976295 0.135981 -3.2077 -0.981423 0.153191 -0.115508 10.3751
0.181337 -0.114158 -0.976773 -3.45575 -0.127385 -0.987598 0.0917746 -3.179 -0.975136 0.107784 -0.19363 10.3536
0.12271 -0.070837 -0.989911 -3.58875 -0.15673 -0.986316 0.0511513 -3.1873 -0.979989 0.148872 -0.132133 10.3676
0.164895 -0.0693601 -0.983869 -3.7261 -0.138494 -0.98927 0.0465294 -3.20898 -0.976539 0.128588 -0.172732 10.3364
0.105862 -0.0626215 -0.992407 -3.91843 -0.140217 -0.988983 0.0474482 -3.21803 -0.984445 0.13413 -0.113476 10.3859
0.114488 0.00481571 -0.993413 -4.06256 -0.165331 -0.98595 -0.0238334 -3.22483 -0.97957 0.16697 -0.112083 10.3502
0.136949 0.0924168 -0.986258 -4.22029 -0.182831 -0.976175 -0.116859 -3.26105 -0.973559 0.196322 -0.11679 10.3633
0.160711 0.135993 -0.977588 -4.38457 -0.233397 -0.957135 -0.171517 -3.32157 -0.959009 0.255731 -0.122082 10.3188
0.210926 0.1833 -0.960162 -4.53483 -0.257243 -0.937229 -0.235433 -3.38071 -0.943046 0.296654 -0.150533 10.3263
0.212786 0.230551 -0.94951 -4.65555 -0.297684 -0.910271 -0.287734 -3.43299 -0.930648 0.34388 -0.125062 10.2818
0.243634 0.385422 -0.889996 -4.76186 -0.291884 -0.845966 -0.446257 -3.50523 -0.924903 0.368499 -0.0936073 10.1974
0.270851 0.511232 -0.815648 -4.86112 -0.276947 -0.770111 -0.574656 -3.56682 -0.921922 0.381537 -0.0670011 10.1619
0.319096 0.576596 -0.75214 -4.93394 -0.302178 -0.690306 -0.657393 -3.64032 -0.898258 0.437051 -0.0460394 10.132
0.363524 0.62539 -0.690462 -5.02234 -0.333088 -0.604917 -0.723276 -3.77503 -0.870001 0.492913 -0.0115915 10.0654
0.396587 0.677787 -0.619131 -5.10259 -0.314887 -0.533079 -0.785285 -3.92539 -0.862302 0.50639 0.00201405 10.0204
0.441841 0.725411 -0.527783 -5.12508 -0.322512 -0.420545 -0.848014 -4.04847 -0.837116 0.544904 0.0481393 10.015
0.497333 0.74642 -0.442173 -5.16558 -0.337135 -0.303338 -0.89125 -4.21559 -0.799375 0.59232 0.100784 9.9736
0.517158 0.777433 -0.357974 -5.22337 -0.310837 -0.219089 -0.924868 -4.39492 -0.797451 0.589574 0.128352 9.93574
0.576534 0.768299 -0.278073 -5.23394 -0.276922 -0.136452 -0.951155 -4.53945 -0.768715 0.625377 0.134089 9.91692
0.573621 0.795237 -0.19636 -5.19831 -0.252229 -0.0565902 -0.966011 -4.74505 -0.77932 0.603652 0.16812 9.92465
0.606195 0.784794 -0.128942 -5.18138 -0.282 0.060506 -0.957504 -4.9115 -0.743642 0.616796 0.257991 9.97752
0.622389 0.782544 0.0160286 -5.13807 -0.23386 0.205463 -0.950313 -5.0599 -0.746955 0.587715 0.310884 9.97734
0.639859 0.751832 0.15915 -5.10213 -0.209502 0.369904 -0.905141 -5.16658 -0.739384 0.54582 0.394197 9.99937
0.657241 0.705362 0.265517 -5.05572 -0.18984 0.49587 -0.847392 -5.2489 -0.72938 0.506535 0.459812 10.0402
0.666625 0.650234 0.364428 -5.00445 -0.164881 0.605427 -0.778635 -5.28388 -0.726929 0.45897 0.510804 10.0706
0.704305 0.557667 0.439274 -4.92816 -0.111501 0.698005 -0.707359 -5.31689 -0.701086 0.449217 0.553789 10.1035
0.694219 0.468425 0.546477 -4.79578 -0.0669746 0.797992 -0.598935 -5.35778 -0.716641 0.379192 0.585354 10.1451
0.700293 0.358059 0.617563 -4.63449 -0.0209323 0.875037 -0.483604 -5.4001 -0.713548 0.325738 0.620277 10.2531
0.705424 0.226228 0.671712 -4.48123 0.00738302 0.945298 -0.326124 -5.41389 -0.708747 0.235015 0.665166 10.3513
0.72788 0.0997303 0.678414 -4.3102 0.0251367 0.984821 -0.171743 -5.44414 -0.685244 0.142062 0.714324 10.4419
0.727574 0.0114728 0.685933 -4.16684 0.0624062 0.994608 -0.0828304 -5.48048 -0.683185 0.103072 0.722935 10.5472
0.755491 -0.0340463 0.654274 -3.9593 0.0879833 0.994875 -0.0498242 -5.49092 -0.649225 0.0952069 0.754614 10.7127
0.773254 -0.0198819 0.633785 -3.95635 0.0539204 0.99795 -0.0344801 -5.47617 -0.6318 0.0608358 0.77274 10.8106
0.804871 -0.0217449 0.593052 -4.12344 0.0614221 0.997014 -0.0468035 -5.47852 -0.590263 0.0740972 0.803803 10.6474
0.748515 0.00995144 0.663043 -4.32305 0.039658 0.997426 -0.0597404 -5.46973 -0.661931 0.0710115 0.746194 10.4589
0.779108 0.0440577 0.62534 -4.4976 0.0304642 0.993688 -0.107964 -5.4474 -0.626149 0.103166 0.772848 10.3736
0.765451 0.12454 0.631328 -4.67533 -0.0227261 0.985713 -0.166894 -5.36194 -0.643093 0.113402 0.757345 10.2418
0.725317 0.121582 0.677593 -4.80803 0.0076993 0.982786 -0.184585 -5.30049 -0.688372 0.1391 0.711896 10.1614
0.757522 0.115925 0.642435 -4.85944 0.0300802 0.976863 -0.211739 -5.27142 -0.652117 0.179722 0.736508 10.1504
0.766017 0.143242 0.626657 -4.89097 0.0474371 0.959602 -0.277334 -5.27102 -0.641067 0.242169 0.728276 10.1272
0.768421 0.097146 0.632529 -4.83793 0.0175071 0.98485 -0.172525 -5.26269 -0.639706 0.143645 0.755078 10.171
0.79581 0.0155711 0.605346 -4.71539 0.0438114 0.995569 -0.0832047 -5.30569 -0.603959 0.0927362 0.791602 10.2536
0.822442 -0.0276134 0.568178 -4.59672 0.0283846 0.999569 0.00749214 -5.33859 -0.56814 0.00996563 0.822872 10.34
0.833225 0.0172396 0.552665 -4.34279 0.0204178 0.997873 -0.06191 -5.37478 -0.552557 0.0628692 0.831101 10.5136
0.854009 0.0862973 0.513052 -4.18009 -0.0266459 0.992108 -0.122523 -5.3863 -0.519576 0.0909646 0.849568 10.6587
0.886533 0.066437 0.457871 -3.99238 -0.0115159 0.992498 -0.121714 -5.42155 -0.462523 0.102631 0.880647 10.8136
0.884098 0.0821676 0.460021 -3.78302 -0.0255232 0.991441 -0.128036 -5.41699 -0.466604 0.101455 0.878628 11.1342
0.847136 0.134345 0.514112 -3.63403 -0.064111 0.986285 -0.15209 -5.45742 -0.527494 0.0958809 0.844131 11.3518
0.837391 0.0919744 0.53881 -3.49133 -0.0324713 0.992371 -0.118932 -5.48469 -0.545639 0.0820964 0.83399 11.5514
0.833845 0.134139 0.535453 -3.39693 -0.0318279 0.980094 -0.195964 -5.50169 -0.551081 0.146361 0.821516 11.7323
0.823463 0.117613 0.555045 -3.29618 -0.0118793 0.981638 -0.190383 -5.54291 -0.567245 0.15018 0.80974 11.8964
0.835946 0.0577209 0.545768 -3.19416 0.00521024 0.993574 -0.113062 -5.55448 -0.548787 0.0973572 0.830274 12.0578
0.798473 0.0597873 0.599054 -3.06992 0.0148049 0.992806 -0.118818 -5.56385 -0.601848 0.103742 0.791844 12.2494
0.779722 0.0322512 0.625294 -2.94553 0.0341269 0.994999 -0.0938749 -5.61481 -0.625195 0.0945357 0.774722 12.4025
0.802776 0.0253318 0.595742 -2.81812 0.029362 0.996206 -0.081926 -5.64395 -0.595557 0.0832604 0.798987 12.6148
0.808918 0.0442875 0.586251 -2.74394 0.0402351 0.990651 -0.130354 -5.65206 -0.586543 0.129034 0.799573 12.8395
0.810732 0.0580286 0.582535 -2.64 0.0161948 0.992471 -0.121403 -5.70968 -0.585194 0.107859 0.803688 13.0204
0.850266 0.071219 0.521513 -2.52445 -0.015764 0.993805 -0.110015 -5.71925 -0.526117 0.0853208 0.846121 13.2335
0.876283 0.0648809 0.477408 -2.47195 -0.0155003 0.994175 -0.10666 -5.71946 -0.481547 0.0860642 0.872184 13.4484
0.901944 0.0727114 0.425689 -2.394 -0.0481476 0.996509 -0.0681981 -5.75668 -0.429162 0.041015 0.902296 13.6202
0.927779 0.0493664 0.369849 -2.33603 -0.0276029 0.997574 -0.0639105 -5.77518 -0.372107 0.0490859 0.926891 13.8294
0.946342 -0.0726031 0.314905 -2.27388 0.0847983 0.99608 -0.0251812 -5.7437 -0.311843 0.0505335 0.948789 13.929
0.90848 -0.178627 0.377832 -2.21586 0.163282 0.983908 0.0725583 -5.69155 -0.384712 -0.00422477 0.923027 13.9585
0.852207 -0.257256 0.455591 -2.18355 0.230243 0.966318 0.114965 -5.65069 -0.469821 0.00692271 0.882734 13.9753
0.791181 -0.327647 0.516412 -2.13412 0.287697 0.944516 0.158493 -5.59048 -0.539689 0.0231734 0.841546 13.9959
0.736347 -0.403601 0.543047 -2.0857 0.313358 0.914766 0.254971 -5.55161 -0.599667 -0.017579 0.800056 13.9936
0.669154 -0.455495 0.58716 -2.03722 0.35262 0.89013 0.288664 -5.54062 -0.654134 0.0138836 0.756251 13.9777
0.586508 -0.515344 0.624843 -1.99035 0.279502 0.852854 0.441043 -5.51842 -0.760189 -0.0840306 0.644245 13.9859
0.580141 -0.540447 0.609388 -1.9707 0.216403 0.823541 0.524356 -5.4964 -0.785242 -0.172327 0.594725 14.0124
0.49495 -0.604434 0.624247 -1.95396 0.249137 0.786969 0.564456 -5.46919 -0.832439 -0.123854 0.540097 14.0442
0.484019 -0.698341 0.527299 -1.9459 0.276364 0.693741 0.665092 -5.41139 -0.83027 -0.176191 0.52878 14.0669
0.449534 -0.786697 0.423116 -1.93009 0.286843 0.575721 0.765681 -5.3282 -0.845955 -0.222831 0.484464 14.073
0.422847 -0.849879 0.314492 -1.91226 0.316892 0.46381 0.827321 -5.21556 -0.848988 -0.25017 0.465441 14.0982
0.425246 -0.849274 0.312889 -1.87448 0.377847 0.480721 0.791289 -5.11837 -0.822434 -0.218268 0.52532 14.1672
0.447261 -0.835605 0.318939 -1.71948 0.438333 0.51562 0.736206 -4.99425 -0.779629 -0.189475 0.59689 14.2581
0.503269 -0.781258 0.369264 -1.60068 0.458689 0.603675 0.652059 -4.95995 -0.732342 -0.158783 0.662165 14.3395
0.587087 -0.679567 0.439907 -1.4741 0.430589 0.722309 0.541168 -4.9627 -0.685508 -0.128294 0.716672 14.4168
0.652076 -0.540613 0.53154 -1.35102 0.347062 0.836176 0.424686 -4.99339 -0.674052 -0.0924501 0.732876 14.4679
0.725911 -0.443248 0.525913 -1.27855 0.340236 0.895952 0.285499 -5.01523 -0.597739 -0.0283124 0.80119 14.5123
0.756403 -0.341303 0.558003 -1.20072 0.290346 0.939621 0.18114 -5.02892 -0.586135 0.0249988 0.809828 14.5521
0.792165 -0.222998 0.568108 -1.09049 0.220477 0.972556 0.0743234 -5.03484 -0.569091 0.0663785 0.819591 14.6137
0.807109 -0.232209 0.542821 -0.956984 0.259421 0.96538 0.0272448 -5.00966 -0.530355 0.11883 0.839407 14.7117
0.778195 -0.247946 0.577005 -0.656077 0.285799 0.957932 0.0261826 -4.98568 -0.559223 0.144532 0.816321 14.8451
0.814537 -0.293657 0.500295 -0.489673 0.283158 0.953957 0.0989276 -4.94706 -0.506311 0.0610826 0.860185 14.9682
0.784825 -0.380955 0.488797 -0.310973 0.326821 0.924574 0.195835 -4.84777 -0.526533 0.00605295 0.850133 15.08
0.765486 -0.472186 0.437117 -0.164679 0.421418 0.881263 0.213971 -4.75891 -0.486249 0.0204173 0.873582 15.1663
0.749988 -0.474522 0.460812 0.0176462 0.402602 0.880239 0.251179 -4.68841 -0.524815 -0.00285767 0.851212 15.2412
0.766774 -0.512024 0.387156 0.115618 0.390576 0.850772 0.351621 -4.63234 -0.50942 -0.118399 0.852334 15.2833
0.727314 -0.620386 0.293489 0.232754 0.456813 0.756755 0.467594 -4.54522 -0.512188 -0.206018 0.833799 15.3614
0.658922 -0.702056 0.270071 0.307616 0.49842 0.676402 0.542271 -4.45291 -0.563381 -0.222706 0.795615 15.4093
0.598141 -0.775516 0.201995 0.37892 0.561038 0.585211 0.585461 -4.34901 -0.572244 -0.236861 0.785133 15.4452
0.559776 -0.82033 0.117089 0.493066 0.588354 0.492966 0.640956 -4.18737 -0.583516 -0.289902 0.758595 15.503
0.516247 -0.849224 0.110936 0.634073 0.586999 0.445174 0.676204 -3.99843 -0.623635 -0.283969 0.728314 15.5915
0.45558 -0.889766 0.0276179 0.736232 0.608999 0.334149 0.71935 -3.84736 -0.649282 -0.310902 0.694098 15.6303
0.424157 -0.90503 -0.0317926 0.814585 0.616071 0.262645 0.742613 -3.67779 -0.663737 -0.334571 0.668966 15.6912
0.340603 -0.936478 -0.0836559 0.868632 0.626769 0.159834 0.762636 -3.51006 -0.700821 -0.312189 0.641396 15.7308
0.384413 -0.918065 -0.096865 0.983986 0.622834 0.180474 0.761254 -3.21801 -0.681399 -0.352967 0.641179 15.8059
0.42521 -0.904862 -0.020527 1.10134 0.601759 0.265691 0.75319 -2.98034 -0.676079 -0.332616 0.657483 15.8699
0.41162 -0.905722 -0.101178 1.18637 0.607487 0.189921 0.771291 -2.6258 -0.679359 -0.378943 0.628389 15.9421
0.395799 -0.906818 -0.144998 1.24438 0.582556 0.125873 0.802985 -2.30682 -0.70991 -0.40229 0.578093 15.9335
0.392525 -0.908534 -0.143144 1.30713 0.540683 0.102037 0.835015 -1.89695 -0.744034 -0.40516 0.531281 15.9386
0.362633 -0.915204 -0.175779 1.35715 0.531504 0.0481718 0.845685 -1.46888 -0.765507 -0.4001 0.503903 15.9654
0.325462 -0.930634 -0.167318 1.33918 0.553537 0.0440603 0.831659 -1.08164 -0.766598 -0.36329 0.52948 15.9562
0.370299 -0.914541 -0.162766 1.3504 0.555648 0.0776573 0.827783 -0.667892 -0.744402 -0.396968 0.536919 15.959
0.341453 -0.914799 -0.215759 1.31043 0.576971 0.0227953 0.816446 -0.413632 -0.741966 -0.403265 0.535596 15.9604
0.267766 -0.916089 -0.298468 1.23127 0.56214 -0.103046 0.820597 -0.15548 -0.782496 -0.387509 0.487378 15.8961
0.215844 -0.899848 -0.379058 1.12959 0.533505 -0.216454 0.817631 0.00906322 -0.817792 -0.378711 0.433353 15.844
0.159556 -0.875712 -0.455709 1.00633 0.507373 -0.323243 0.798803 0.143121 -0.846826 -0.358669 0.392737 15.7951
0.0995758 -0.817925 -0.566643 0.864684 0.487107 -0.4565 0.744537 0.282621 -0.867647 -0.350153 0.35296 15.7071
0.0381745 -0.756425 -0.652966 0.73557 0.441169 -0.573554 0.690222 0.373048 -0.896612 -0.314417 0.311816 15.6353
0.00480379 -0.679957 -0.733236 0.601917 0.385259 -0.675384 0.628833 0.431641 -0.922796 -0.285507 0.258715 15.5636
-0.0325048 -0.589022 -0.807463 0.48653 0.343345 -0.765305 0.544447 0.465489 -0.938647 -0.259541 0.227114 15.4987
-0.0361185 -0.558002 -0.829053 0.276517 0.247698 -0.808706 0.533516 0.538528 -0.968164 -0.186085 0.167425 15.3656
-0.0440323 -0.501688 -0.863927 -0.00641323 0.206124 -0.850722 0.483514 0.62012 -0.977535 -0.156786 0.140869 15.2238
-0.0416022 -0.44229 -0.895907 -0.17892 0.154859 -0.888702 0.431542 0.657114 -0.98706 -0.120786 0.105465 15.1215
-0.046591 -0.350709 -0.935325 -0.336125 0.107988 -0.932622 0.344317 0.626255 -0.99306 -0.0849615 0.0813241 15.0376
-0.0385209 -0.315314 -0.948205 -0.567153 0.0452047 -0.948488 0.313572 0.497605 -0.998235 -0.0307842 0.0507903 14.9035
-0.0567011 -0.207222 -0.976649 -0.682606 0.000307083 -0.978227 0.207539 0.380369 -0.998391 0.0114678 0.0555301 14.8559
-0.0221436 -0.11116 -0.993556 -0.771763 -0.0549947 -0.992159 0.112229 0.298721 -0.998241 0.0571254 0.0158568 14.7995
-0.000148418 0.0153542 -0.999882 -0.867738 -0.127303 -0.991747 -0.0152104 0.206584 -0.991864 0.127285 0.00210182 14.7311
0.0416768 0.122729 -0.991565 -0.921722 -0.183431 -0.974619 -0.128342 0.129871 -0.982149 0.187233 -0.0181066 14.6993
0.0653877 0.240505 -0.968443 -0.947802 -0.224842 -0.942011 -0.249121 0.0419861 -0.972199 0.234036 -0.00752026 14.6909
0.124638 0.337494 -0.93304 -0.952284 -0.263919 -0.895219 -0.359069 -0.0242198 -0.956458 0.291 -0.0225073 14.687
0.178637 0.386045 -0.905018 -0.938431 -0.344566 -0.837021 -0.425053 -0.111818 -0.921609 0.387768 -0.0165053 14.6861
0.213856 0.473958 -0.854184 -0.916606 -0.399208 -0.755662 -0.519238 -0.249351 -0.891571 0.452039 0.0276053 14.702
0.262319 0.552078 -0.791453 -0.892264 -0.426646 -0.669304 -0.60828 -0.329886 -0.865541 0.497234 0.059971 14.7203
0.304677 0.628821 -0.715372 -0.886445 -0.437317 -0.574873 -0.691574 -0.404252 -0.846124 0.52355 0.0998432 14.7271
0.350095 0.678684 -0.645617 -0.889806 -0.47379 -0.46627 -0.747071 -0.48352 -0.808057 0.567433 0.158315 14.7199
0.340102 0.724238 -0.599841 -0.98284 -0.487042 -0.409993 -0.771165 -0.584376 -0.804438 0.554423 0.213295 14.6641
0.315285 0.6673 -0.674764 -1.06711 -0.44156 -0.526219 -0.726717 -0.648765 -0.840012 0.527072 0.128744 14.5867
0.25263 0.628001 -0.736066 -1.15803 -0.402958 -0.623341 -0.670128 -0.768526 -0.879661 0.465898 0.0955834 14.5335
0.171452 0.57722 -0.798387 -1.25637 -0.39722 -0.701097 -0.592182 -0.845163 -0.901566 0.418666 0.109079 14.5319
0.124973 0.508979 -0.851659 -1.33006 -0.373496 -0.771109 -0.515647 -0.856859 -0.919175 0.382532 0.0937337 14.5097
0.0902465 0.403088 -0.9107 -1.41406 -0.336207 -0.84842 -0.408839 -0.859981 -0.937454 0.34308 0.0589542 14.4602
0.0473965 0.319208 -0.946499 -1.54212 -0.279728 -0.905408 -0.319358 -0.883972 -0.958909 0.279899 0.0463784 14.3777
-0.0127207 0.264944 -0.96418 -1.7269 -0.236901 -0.937603 -0.254515 -0.918966 -0.971451 0.225177 0.0746924 14.3167
-0.0611504 0.228029 -0.971732 -1.84955 -0.23047 -0.950472 -0.208537 -0.961977 -0.971156 0.211203 0.110676 14.27
-0.0938343 0.138278 -0.985938 -1.98626 -0.184484 -0.975572 -0.119267 -1.0315 -0.978346 0.170698 0.117052 14.1855
-0.077995 0.066808 -0.994713 -2.16343 -0.10416 -0.992838 -0.0585149 -1.08506 -0.991498 0.0990452 0.0843951 14.0954
-0.0759572 0.0525833 -0.995724 -2.44507 -0.0770674 -0.995931 -0.0467153 -1.07683 -0.994128 0.0731895 0.0797006 13.9408
-0.117811 0.0018051 -0.993034 -2.71125 -0.0864604 -0.996219 0.0084465 -1.06822 -0.989265 0.0868532 0.117521 13.8183
-0.136406 -0.124605 -0.982785 -2.78162 -0.0798044 -0.987452 0.136273 -1.06318 -0.987433 0.0970189 0.12475 13.7622
-0.0935357 -0.101843 -0.990393 -2.8654 -0.00358077 -0.994714 0.102626 -1.07731 -0.995609 0.0131455 0.0926765 13.7276
-0.0968763 -0.123825 -0.987564 -2.938 -0.0288376 -0.991465 0.127143 -1.10029 -0.994879 0.0407961 0.0924786 13.6936
-0.0146831 -0.119651 -0.992707 -3.07945 -0.035001 -0.992144 0.120101 -1.08006 -0.999279 0.0365092 0.0103799 13.563
-0.0579591 -0.114702 -0.991708 -3.32337 -0.0162425 -0.993138 0.115817 -0.996361 -0.998187 0.0228204 0.0556983 13.4331
0.00119462 -0.145277 -0.98939 -3.43332 -0.0303758 -0.98894 0.145174 -0.931834 -0.999538 0.0298801 -0.00559431 13.3385
-0.00163793 -0.242101 -0.97025 -3.60392 0.0332692 -0.969727 0.241914 -0.867618 -0.999445 -0.0318832 0.00964285 13.2584
-0.0295239 -0.259933 -0.965175 -3.80672 0.0886314 -0.962473 0.256494 -0.817463 -0.995627 -0.0779721 0.0514542 13.204
-0.0561733 -0.238452 -0.969528 -4.0738 0.0393985 -0.970835 0.23649 -0.661935 -0.997643 -0.0249135 0.0639296 13.052
-0.0358155 -0.233274 -0.971751 -4.33289 0.0619019 -0.971026 0.230818 -0.525001 -0.997439 -0.0518864 0.0492179 12.9174
-0.0791766 -0.309993 -0.947436 -4.51661 0.0140829 -0.950673 0.309875 -0.46801 -0.996761 0.0111922 0.0796366 12.8233
-0.0965495 -0.270894 -0.957755 -4.69082 0.00342693 -0.962335 0.271844 -0.417763 -0.995322 0.0229642 0.0938414 12.7446
-0.0385041 -0.326752 -0.944325 -4.86608 0.048662 -0.944518 0.324835 -0.249171 -0.998073 -0.0334453 0.0522683 12.5967
-0.024852 -0.276968 -0.960558 -5.02912 0.0128988 -0.960863 0.276723 -0.153933 -0.999608 -0.00551287 0.027452 12.5152
0.00728823 -0.298932 -0.954247 -5.18491 0.0839197 -0.950723 0.298469 -0.0804564 -0.996446 -0.0822554 0.0181572 12.4055
-0.0151051 -0.339575 -0.940458 -5.28307 0.141021 -0.931887 0.334216 -0.0526773 -0.989891 -0.127576 0.0619636 12.3714
-0.0683918 -0.339268 -0.9382 -5.41238 0.104898 -0.937635 0.331417 -0.0352437 -0.992128 -0.0757493 0.0997152 12.3323
-0.0186459 -0.299328 -0.953968 -5.539 0.146909 -0.944598 0.293516 -0.00314194 -0.988974 -0.134674 0.0615869 12.2328
-0.0483139 -0.231362 -0.971667 -5.77316 0.111004 -0.968021 0.224974 0.0853574 -0.992645 -0.0969894 0.0724509 12.1101
-0.0894201 -0.291697 -0.952322 -5.91852 0.119553 -0.952383 0.28049 0.165081 -0.988793 -0.0887718 0.120036 12.0449
-0.0620603 -0.409658 -0.910126 -6.03201 0.185064 -0.900794 0.392839 0.255578 -0.980765 -0.144052 0.131716 11.9686
-0.0337521 -0.507259 -0.861133 -6.11638 0.257941 -0.836854 0.482847 0.318501 -0.965571 -0.205824 0.159088 11.9443
-0.0337826 -0.602356 -0.797512 -6.17344 0.327233 -0.760649 0.560653 0.388507 -0.94434 -0.242032 0.222808 11.9316
0.0284446 -0.675737 -0.736594 -6.18986 0.383861 -0.673007 0.632228 0.459039 -0.922953 -0.300733 0.240246 11.9275
0.0662425 -0.737445 -0.672151 -6.19363 0.443557 -0.58165 0.681866 0.545732 -0.893795 -0.343306 0.288569 11.9309
0.0861969 -0.787961 -0.609662 -6.18873 0.510834 -0.490421 0.706071 0.68246 -0.855347 -0.372297 0.360244 11.9402
0.105652 -0.826761 -0.552543 -6.17705 0.585117 -0.397594 0.706794 0.843834 -0.804037 -0.397976 0.441746 11.9911
0.201165 -0.845523 -0.494595 -6.12558 0.613012 -0.285161 0.736817 0.949735 -0.764034 -0.451414 0.460952 12.0282
0.289518 -0.882387 -0.370909 -6.07375 0.615536 -0.125115 0.778114 1.00977 -0.733004 -0.453586 0.506918 12.0476
0.356909 -0.891141 -0.28015 -6.03908 0.604402 -0.00837255 0.796635 1.05133 -0.71226 -0.45365 0.535619 12.0589
0.447296 -0.883135 -0.141418 -5.96908 0.581244 0.166857 0.796439 1.10784 -0.679766 -0.438442 0.587951 12.0877
0.547438 -0.834374 -0.0642822 -5.91838 0.54206 0.295028 0.786848 1.12851 -0.63756 -0.465595 0.61379 12.1059
0.558912 -0.822527 0.105197 -5.86645 0.503946 0.43767 0.744636 1.13932 -0.658525 -0.363173 0.659129 12.1305
0.62389 -0.751231 0.215438 -5.81565 0.477142 0.584475 0.656296 1.137 -0.618948 -0.306662 0.723092 12.1507
0.67639 -0.665127 0.316391 -5.77003 0.421568 0.701842 0.574193 1.13271 -0.603968 -0.254997 0.755115 12.166
0.717559 -0.582536 0.381787 -5.72455 0.361752 0.780128 0.510426 1.1279 -0.595184 -0.228149 0.770522 12.183
0.756777 -0.468663 0.455679 -5.64973 0.286533 0.864402 0.413169 1.11363 -0.587526 -0.18211 0.788447 12.2022
0.78872 -0.361909 0.496934 -5.53234 0.231625 0.923722 0.305104 1.10399 -0.569448 -0.125539 0.812385 12.2421
0.808154 -0.250283 0.533146 -5.3833 0.182653 0.96709 0.177127 1.10963 -0.559933 -0.0457657 0.827273 12.3174
0.798273 -0.1607 0.580461 -5.21231 0.129211 0.987003 0.0955537 1.15639 -0.588272 -0.00127587 0.808662 12.3857
0.827619 -0.0752924 0.556217 -5.04775 0.0954559 0.995407 -0.00728958 1.24492 -0.553114 0.0591272 0.831005 12.5016
0.822291 -0.0306886 0.568238 -4.92785 0.0802523 0.994819 -0.0624053 1.29662 -0.563379 0.0969178 0.820494 12.5616
0.80881 0.012137 0.587945 -4.61444 0.0214736 0.998511 -0.0501525 1.31825 -0.587678 0.0531892 0.807345 12.6963
0.82056 0.0191925 0.571238 -4.42798 0.0358827 0.995735 -0.0849988 1.32466 -0.570433 0.0902442 0.816371 12.8043
0.837709 0.0800132 0.540224 -4.21369 -0.00335393 0.989944 -0.141421 1.34279 -0.546107 0.116658 0.829553 12.936
0.830265 0.0999257 0.548338 -4.05519 0.00326478 0.982909 -0.184062 1.34052 -0.557359 0.154611 0.815749 13.0157
0.805227 0.0957999 0.585176 -3.79899 -0.0177627 0.990317 -0.137684 1.30447 -0.5927 0.100472 0.799132 13.1209
0.823264 0.0650842 0.563915 -3.59159 0.00448229 0.992629 -0.121108 1.26871 -0.567641 0.102231 0.816904 13.2484
0.803757 0.101153 0.586296 -3.31901 -0.00374903 0.986283 -0.165023 1.25339 -0.594946 0.13044 0.79311 13.38
0.840984 0.089306 0.533639 -3.24991 0.0202505 0.980398 -0.195986 1.25205 -0.540681 0.175628 0.82269 13.4496
0.82993 0.10192 0.548479 -3.03992 0.00391089 0.982082 -0.188411 1.23439 -0.557854 0.158513 0.814661 13.5438
0.853062 0.0712597 0.516921 -2.80798 0.00708706 0.988958 -0.148027 1.21289 -0.521762 0.12994 0.843137 13.686
0.819951 0.0645396 0.568785 -2.59789 0.0198747 0.989815 -0.140965 1.20871 -0.572089 0.126888 0.810317 13.7717
0.824716 0.0655438 0.561736 -2.38757 0.0234505 0.988444 -0.149761 1.24894 -0.56506 0.136684 0.813649 13.8957
0.820312 0.0669769 0.567981 -2.29256 0.00893685 0.991497 -0.129825 1.2801 -0.571847 0.111573 0.812738 13.953
0.824631 0.0293413 0.56491 -2.1083 0.0526311 0.990342 -0.128267 1.30277 -0.563218 0.135505 0.815122 14.0328
0.83357 0.0072331 0.552366 -1.85228 0.0554821 0.993762 -0.0967406 1.31428 -0.549621 0.111287 0.827969 14.1971
0.811429 0.00815522 0.584394 -1.58696 0.0537699 0.99462 -0.0885393 1.33768 -0.581972 0.103266 0.806625 14.2981
0.840825 0.0568898 0.53831 -1.44441 0.0310483 0.987756 -0.152885 1.33216 -0.540416 0.145263 0.828763 14.4191
0.837115 0.0656675 0.543071 -1.185 0.0187235 0.988747 -0.14842 1.29284 -0.546706 0.134412 0.826466 14.544
0.849961 0.0184637 0.526522 -0.947774 0.0465759 0.992839 -0.110003 1.2285 -0.524782 0.118022 0.843015 14.6968
0.842868 0.0693302 0.533635 -0.6812 0.0288757 0.98441 -0.173504 1.17185 -0.537345 0.16165 0.827726 14.8115
0.859268 0.134146 0.493624 -0.552448 -0.0194558 0.972874 -0.230518 1.13901 -0.511156 0.188473 0.838569 14.9122
0.860911 0.194575 0.470078 -0.403769 -0.0634453 0.957823 -0.280267 1.08146 -0.504784 0.211461 0.836945 14.9994
0.871518 0.209328 0.443439 -0.156825 -0.0714216 0.94885 -0.307541 0.945626 -0.485135 0.236357 0.841891 15.1346
0.862634 0.270163 0.427637 0.0722303 -0.117981 0.929565 -0.349269 0.814671 -0.491876 0.250838 0.833749 15.2572
0.842892 0.357645 0.402023 0.241114 -0.173643 0.887961 -0.425879 0.731643 -0.509294 0.289162 0.810558 15.334
0.832362 0.409798 0.373146 0.366508 -0.196521 0.847749 -0.492647 0.632107 -0.51822 0.33673 0.786168 15.4154
0.827803 0.462627 0.317362 0.619667 -0.229599 0.795511 -0.560756 0.371117 -0.511886 0.391329 0.764744 15.5475
0.802531 0.539525 0.25467 0.699678 -0.311225 0.742768 -0.592819 0.20864 -0.509001 0.396496 0.764008 15.6095
0.779627 0.602403 0.17115 0.783683 -0.352933 0.648409 -0.67454 0.00153571 -0.51732 0.465485 0.718125 15.6383
0.750288 0.652907 0.103829 0.850132 -0.387241 0.561312 -0.731419 -0.211279 -0.535829 0.508568 0.673978 15.6778
0.694191 0.719736 0.00896191 0.889968 -0.436013 0.430379 -0.790359 -0.421762 -0.572706 0.544752 0.612579 15.7005
0.640943 0.763672 -0.0774459 0.924955 -0.489248 0.328697 -0.807833 -0.665891 -0.591463 0.555665 0.584301 15.7108
0.572223 0.812097 -0.114273 0.954445 -0.481847 0.220176 -0.848143 -0.906898 -0.663614 0.540389 0.517296 15.7311
0.524312 0.831356 -0.184241 1.02677 -0.484547 0.113363 -0.867389 -1.32321 -0.700222 0.544055 0.462269 15.7524
0.484231 0.833033 -0.267538 1.04183 -0.485353 0.00133169 -0.874317 -1.56264 -0.727979 0.553222 0.40496 15.7596
0.44169 0.84384 -0.304702 1.08972 -0.470355 -0.0714111 -0.879583 -2.02093 -0.763987 0.531821 0.365363 15.7641
0.449588 0.830977 -0.32764 1.12266 -0.461995 -0.0976021 -0.881495 -2.39704 -0.764481 0.547678 0.340027 15.7661
0.425426 0.821821 -0.378976 1.10504 -0.456191 -0.166925 -0.874086 -2.77586 -0.781603 0.544744 0.303893 15.7859
0.423087 0.84565 -0.325383 1.10083 -0.457485 -0.110604 -0.882312 -3.09829 -0.782115 0.522153 0.340077 15.7899
0.406638 0.84924 -0.336804 1.10728 -0.532741 -0.0790708 -0.842576 -3.61232 -0.742181 0.522053 0.420272 15.8284
0.433196 0.837342 -0.333465 1.09201 -0.540558 -0.0546789 -0.839528 -3.93319 -0.721206 0.543938 0.428946 15.8668
0.417689 0.844623 -0.334885 1.09543 -0.592105 -0.0265304 -0.805424 -4.18823 -0.689164 0.534704 0.489024 15.8705
0.45489 0.837868 -0.301748 1.10137 -0.556294 0.00275205 -0.830981 -4.43741 -0.695422 0.545865 0.467353 15.86
0.420037 0.841847 -0.338914 1.09535 -0.552874 -0.0587685 -0.83119 -4.80256 -0.719652 0.536507 0.44075 15.8258
0.448191 0.808357 -0.381684 1.07195 -0.51604 -0.114687 -0.848852 -5.01222 -0.72995 0.577413 0.365743 15.8199
0.422857 0.819216 -0.387397 1.05101 -0.579197 -0.0844514 -0.810801 -5.27582 -0.696937 0.567233 0.438777 15.8186
0.430654 0.842915 -0.32254 1.04796 -0.616555 0.0137869 -0.787191 -5.47069 -0.659088 0.53787 0.525641 15.8266
0.476041 0.838526 -0.265063 1.05462 -0.581352 0.0739035 -0.810289 -5.65946 -0.659859 0.539826 0.52266 15.8183
0.432007 0.859217 -0.274074 1.02227 -0.583314 0.0344268 -0.811517 -6.17084 -0.687833 0.510452 0.516066 15.8005
0.423532 0.856723 -0.294357 0.965943 -0.529015 -0.0298641 -0.848087 -6.62176 -0.735366 0.514911 0.440571 15.7411
0.42992 0.843846 -0.321081 0.935744 -0.560705 -0.0291953 -0.827501 -6.86128 -0.707657 0.535791 0.460597 15.7405
0.426552 0.860556 -0.278381 0.910973 -0.552445 0.00418982 -0.833539 -7.29726 -0.716141 0.509338 0.477197 15.7346
0.421902 0.858691 -0.290943 0.84674 -0.543034 -0.0176395 -0.839526 -7.79104 -0.726025 0.512189 0.458856 15.6791
0.418151 0.863317 -0.282548 0.811523 -0.554354 -0.00388361 -0.832272 -8.0939 -0.719612 0.504647 0.476959 15.6629
0.40678 0.850914 -0.33238 0.770585 -0.54779 -0.063967 -0.834167 -8.50642 -0.731065 0.521396 0.440101 15.6432
0.394168 0.851698 -0.345314 0.718215 -0.565558 -0.071375 -0.821614 -9.0413 -0.724414 0.519149 0.453551 15.6084
0.380285 0.858069 -0.345109 0.683812 -0.61512 -0.0439952 -0.787205 -9.47179 -0.69066 0.511646 0.511085 15.6321
0.37213 0.848226 -0.376872 0.639198 -0.629371 -0.0678393 -0.774138 -9.79425 -0.682211 0.525272 0.508604 15.6308
0.391848 0.832396 -0.391883 0.583169 -0.617673 -0.0776676 -0.78259 -10.2401 -0.681861 0.548712 0.483715 15.5588
0.407784 0.837922 -0.362767 0.566371 -0.599847 -0.0536953 -0.798311 -10.4301 -0.688401 0.543143 0.480729 15.5518
0.377568 0.850851 -0.365369 0.54149 -0.631763 -0.051776 -0.77343 -10.7945 -0.676991 0.522849 0.517988 15.5357
0.366576 0.864336 -0.344305 0.496818 -0.609702 -0.0563604 -0.790624 -11.2825 -0.70277 0.499747 0.506327 15.5034
0.368556 0.86255 -0.346662 0.459385 -0.598301 -0.0653169 -0.798605 -11.5991 -0.71148 0.501739 0.491991 15.4888
0.416703 0.832861 -0.364282 0.448101 -0.563865 -0.0775111 -0.822221 -12.206 -0.713032 0.548028 0.437322 15.4692
0.419658 0.856411 -0.300743 0.419012 -0.541733 -0.0295316 -0.840032 -12.7354 -0.728294 0.515449 0.451553 15.4367
0.435067 0.848362 -0.30166 0.400889 -0.551679 -0.0136153 -0.833946 -12.985 -0.711595 0.529241 0.4621 15.4371
0.449181 0.852678 -0.266789 0.396951 -0.529714 0.0137021 -0.848065 -13.3123 -0.719471 0.522257 0.457831 15.4228
0.432365 0.843841 -0.317795 0.327309 -0.570651 -0.0168123 -0.821021 -13.8267 -0.698154 0.53633 0.474269 15.3813
0.421354 0.853949 -0.305339 0.292097 -0.591157 0.00329658 -0.80655 -14.085 -0.687746 0.520346 0.506207 15.3804
0.424847 0.837828 -0.342855 0.234338 -0.581929 -0.0373564 -0.812381 -14.6711 -0.693443 0.544655 0.471686 15.355
0.394161 0.855433 -0.335963 0.21167 -0.59919 -0.0379849 -0.799705 -15.0482 -0.696856 0.516518 0.497595 15.3197
0.413247 0.852419 -0.320325 0.184639 -0.579788 -0.0249559 -0.814385 -15.3939 -0.702192 0.522263 0.483909 15.3119
0.418892 0.85166 -0.314967 0.194318 -0.581982 -0.0144465 -0.813074 -15.7347 -0.697013 0.523895 0.489599 15.2996
0.42142 0.844737 -0.329886 0.160267 -0.569811 -0.0363393 -0.820972 -16.1921 -0.705493 0.533947 0.466026 15.2851
0.39828 0.855479 -0.33095 0.133249 -0.571631 -0.050686 -0.818944 -16.5889 -0.717364 0.515351 0.468831 15.2787
0.408146 0.856708 -0.315387 0.127437 -0.549299 -0.0454773 -0.834387 -17.014 -0.729169 0.513794 0.452027 15.2558
0.426865 0.821838 -0.377317 0.103468 -0.557172 -0.0896228 -0.825547 -17.4081 -0.712282 0.562628 0.419648 15.2588
0.417625 0.83292 -0.363089 0.0770623 -0.572645 -0.0689803 -0.816896 -17.7588 -0.705455 0.549077 0.44816 15.2491
0.411112 0.852824 -0.321991 0.0593812 -0.552702 -0.0476981 -0.832013 -18.2322 -0.724919 0.520015 0.451748 15.221
0.417862 0.833533 -0.361406 -0.0243939 -0.54404 -0.0890141 -0.834325 -18.6919 -0.727607 0.545252 0.416279 15.1882
0.385083 0.86152 -0.330898 -0.071007 -0.565185 -0.0632967 -0.822532 -19.0101 -0.729573 0.503762 0.462544 15.164
0.410988 0.862396 -0.29557 -0.111433 -0.537281 -0.0327919 -0.842765 -19.4554 -0.73649 0.505171 0.449872 15.1304
0.408984 0.856887 -0.31381 -0.170758 -0.556999 -0.0379822 -0.829644 -19.937 -0.72283 0.514103 0.461751 15.1027
0.422114 0.853711 -0.304954 -0.204878 -0.565204 -0.015169 -0.824812 -20.2879 -0.708777 0.520526 0.476118 15.0926
0.409118 0.86371 -0.294326 -0.218704 -0.541239 -0.0299888 -0.840334 -20.6977 -0.734631 0.503096 0.455205 15.071
0.401458 0.849697 -0.341828 -0.259614 -0.539197 -0.082422 -0.838137 -21.0205 -0.740336 0.520789 0.425065 15.0695
0.404451 0.86596 -0.294165 -0.298255 -0.569113 -0.0134753 -0.822149 -21.4716 -0.715912 0.499932 0.487379 15.0549
0.409966 0.852623 -0.323977 -0.350065 -0.591398 -0.0219308 -0.806082 -21.9492 -0.694389 0.522066 0.495248 15.0412
0.385863 0.841891 -0.377266 -0.406776 -0.618328 -0.0674857 -0.783017 -22.2762 -0.684675 0.535411 0.494525 15.042
0.403325 0.845082 -0.350951 -0.432142 -0.630634 -0.021198 -0.775791 -22.621 -0.663046 0.534217 0.524388 15.0143
0.421169 0.852008 -0.310963 -0.441366 -0.623104 0.0226733 -0.78181 -22.9382 -0.659058 0.523037 0.540439 15.0152
0.425542 0.851468 -0.306457 -0.466303 -0.582707 -0.00127496 -0.812682 -23.4073 -0.692363 0.524404 0.495614 14.9999
0.448156 0.838226 -0.310698 -0.511778 -0.552019 -0.0138903 -0.833716 -23.8146 -0.703158 0.545146 0.456492 14.9405
0.443304 0.854913 -0.269454 -0.535818 -0.53213 0.00909112 -0.846614 -24.1377 -0.721331 0.518692 0.458955 14.9415
0.416943 0.846236 -0.331728 -0.578073 -0.563802 -0.0454821 -0.824657 -24.5879 -0.712942 0.530864 0.458146 14.9413
0.423356 0.844418 -0.328221 -0.607564 -0.562203 -0.0392237 -0.826069 -25.1794 -0.710421 0.534247 0.458128 14.9184
0.437937 0.84224 -0.314393 -0.609366 -0.541589 -0.0319622 -0.840036 -25.6356 -0.717561 0.538154 0.44215 14.9037
0.442478 0.832465 -0.333491 -0.637854 -0.525668 -0.0605211 -0.848534 -25.9269 -0.726558 0.550763 0.410821 14.9063
0.433226 0.860107 -0.269316 -0.639209 -0.538609 0.00748155 -0.842523 -26.1886 -0.722645 0.510059 0.466502 14.8875
0.429433 0.85496 -0.290913 -0.672326 -0.542924 -0.0130121 -0.839681 -26.5187 -0.721679 0.518531 0.45859 14.895
0.425079 0.84721 -0.318658 -0.700199 -0.555369 -0.0338779 -0.830914 -27.002 -0.714754 0.530177 0.456113 14.8834
0.428526 0.82913 -0.359039 -0.748022 -0.55314 -0.0734643 -0.829843 -27.3155 -0.714424 0.554208 0.427143 14.8489
0.442859 0.838734 -0.31686 -0.8177 -0.533716 -0.0373591 -0.844838 -27.7634 -0.720432 0.543258 0.431101 14.8235
0.397428 0.847357 -0.35219 -0.883834 -0.601251 -0.0494791 -0.797527 -28.298 -0.693216 0.528714 0.48981 14.8228
0.4311 0.847848 -0.308717 -0.908163 -0.563448 -0.0142783 -0.826028 -28.6862 -0.704754 0.530046 0.471564 14.7797
0.473672 0.823138 -0.313175 -0.931563 -0.557804 0.00521697 -0.829957 -29.0202 -0.681535 0.567818 0.46162 14.7847
0.4064 0.876898 -0.256687 -0.920583 -0.589068 0.036705 -0.80725 -29.2805 -0.698454 0.479273 0.531469 14.7785
0.418093 0.846366 -0.329945 -0.951558 -0.610926 -0.00682853 -0.791658 -29.4734 -0.672285 0.532558 0.514212 14.79
0.42251 0.845487 -0.326553 -0.967001 -0.580086 -0.0245805 -0.814184 -29.7838 -0.69641 0.533429 0.48007 14.7508
0.422922 0.854887 -0.300508 -0.996924 -0.598377 0.0144275 -0.801085 -30.1227 -0.680502 0.518614 0.517646 14.7533
0.426349 0.858423 -0.285197 -1.01655 -0.589624 0.0246324 -0.807302 -30.5973 -0.685982 0.512351 0.516648 14.7371
0.394582 0.861839 -0.318652 -1.06465 -0.623376 -0.00369636 -0.781913 -30.9735 -0.675061 0.507169 0.535791 14.7225
0.417519 0.85423 -0.309789 -1.09749 -0.609398 0.0103432 -0.792797 -31.3154 -0.674026 0.519793 0.524884 14.7076
0.41971 0.860667 -0.288262 -1.11571 -0.62596 0.0444831 -0.778585 -31.7117 -0.65728 0.507221 0.557414 14.7018
0.404512 0.851974 -0.33243 -1.18139 -0.610796 -0.0188572 -0.791564 -32.1647 -0.680661 0.523244 0.512754 14.698
0.400439 0.848009 -0.347174 -1.25014 -0.664833 0.008142 -0.746947 -32.6175 -0.630591 0.529919 0.567045 14.6895
0.403367 0.852895 -0.331459 -1.28955 -0.675846 0.0334939 -0.736282 -33.1447 -0.616869 0.521006 0.589936 14.6841
0.362725 0.859914 -0.359134 -1.3539 -0.681627 -0.0179732 -0.731479 -33.5158 -0.635464 0.510122 0.579622 14.6452
0.401433 0.85682 -0.323593 -1.39673 -0.663029 0.0281193 -0.748065 -33.9682 -0.631858 0.514849 0.579384 14.6271
0.37018 0.86373 -0.34196 -1.41983 -0.660232 -0.0143349 -0.750925 -34.5126 -0.653499 0.503751 0.564956 14.6221
0.379286 0.85796 -0.346479 -1.42797 -0.65734 -0.013686 -0.75347 -35.0605 -0.651188 0.513535 0.55878 14.6144
0.389525 0.866529 -0.312085 -1.40402 -0.672222 0.0358512 -0.739481 -35.5301 -0.629593 0.497837 0.596465 14.6318
0.418101 0.854106 -0.309344 -1.41561 -0.658712 0.0505617 -0.750694 -35.8563 -0.625532 0.517635 0.58375 14.6504
0.388198 0.868656 -0.307798 -1.4185 -0.677094 0.0422643 -0.734681 -36.328 -0.625176 0.49361 0.604569 14.6523
0.405363 0.867237 -0.289103 -1.39379 -0.644768 0.0470454 -0.762929 -36.6633 -0.64804 0.495667 0.578237 14.6573
0.36141 0.853935 -0.374404 -1.40807 -0.638006 -0.0663395 -0.767168 -37.0606 -0.679949 0.516134 0.52084 14.676
0.394011 0.849194 -0.351603 -1.39696 -0.623995 -0.0337215 -0.780701 -37.3895 -0.674823 0.527003 0.516606 14.6487
0.385768 0.850411 -0.357749 -1.40845 -0.628182 -0.0418819 -0.776939 -37.7156 -0.6757 0.52445 0.518056 14.6678
0.377382 0.865312 -0.329877 -1.41343 -0.624751 -0.0250472 -0.780422 -38.1189 -0.683571 0.500608 0.531152 14.6725
0.344086 0.849007 -0.400988 -1.47259 -0.654928 -0.0890012 -0.750432 -38.4297 -0.672811 0.520831 0.525415 14.6673
0.295499 0.865517 -0.404426 -1.52476 -0.695253 -0.0955063 -0.712391 -38.8266 -0.655212 0.491689 0.573532 14.6496
0.354221 0.851883 -0.385776 -1.53989 -0.690797 -0.0396996 -0.721958 -39.0797 -0.630339 0.522226 0.574415 14.6372
0.304048 0.852433 -0.425338 -1.60388 -0.690121 -0.110697 -0.715178 -39.4865 -0.656725 0.510983 0.554625 14.6279
0.354624 0.848086 -0.393689 -1.67224 -0.667235 -0.0654259 -0.741968 -39.8822 -0.65501 0.525803 0.542672 14.5653
0.368539 0.866838 -0.335813 -1.7046 -0.670873 -0.00206063 -0.741569 -40.1277 -0.643513 0.498585 0.580779 14.5699
0.397756 0.87683 -0.27011 -1.71401 -0.660034 0.0689671 -0.748064 -40.3189 -0.637296 0.475828 0.606169 14.5594
0.42576 0.850057 -0.310051 -1.77663 -0.657616 0.0553371 -0.751318 -40.6514 -0.621506 0.523775 0.582572 14.5449
0.39731 0.856185 -0.33029 -1.8161 -0.665045 0.020628 -0.746518 -40.9066 -0.632345 0.516257 0.577598 14.526
0.413802 0.866102 -0.280421 -1.87427 -0.631507 0.0512223 -0.773677 -41.3613 -0.655719 0.497237 0.568145 14.4902
0.415366 0.8709 -0.262687 -1.90053 -0.656788 0.0873295 -0.749001 -41.611 -0.629365 0.483639 0.608271 14.4775
0.379899 0.861059 -0.338016 -1.98021 -0.660404 -0.0034024 -0.750902 -41.9233 -0.647721 0.508494 0.567354 14.4612
0.382606 0.858031 -0.34263 -2.07026 -0.635527 -0.0247601 -0.771682 -42.3467 -0.670611 0.513 0.535829 14.4077
0.398641 0.854527 -0.332969 -2.13091 -0.620166 -0.0162948 -0.784302 -42.5642 -0.675633 0.519151 0.523453 14.3825
0.414661 0.85396 -0.314337 -2.17002 -0.62814 0.0186778 -0.777876 -42.7785 -0.658404 0.520003 0.544151 14.3549
0.372796 0.841909 -0.390144 -2.24482 -0.652026 -0.0614786 -0.7557 -43.0015 -0.660216 0.536106 0.526028 14.3424
0.303868 0.780116 -0.546884 -2.34363 -0.672271 -0.231165 -0.703288 -43.135 -0.675068 0.581361 0.454206 14.3042
0.226672 0.753587 -0.617031 -2.41678 -0.675895 -0.334437 -0.656748 -43.2086 -0.701275 0.565914 0.433538 14.2512
0.177145 0.686184 -0.705529 -2.50439 -0.651556 -0.455513 -0.606616 -43.2732 -0.737627 0.567151 0.366396 14.1875
0.112467 0.582012 -0.805365 -2.60521 -0.589263 -0.613542 -0.525677 -43.3202 -0.800075 0.533693 0.273955 14.1325
0.0530424 0.493781 -0.867967 -2.69999 -0.5071 -0.735459 -0.449388 -43.3337 -0.860253 0.463983 0.211386 14.0824
-0.0380197 0.334834 -0.94151 -2.79632 -0.427191 -0.857201 -0.287601 -43.3335 -0.903362 0.39127 0.175629 14.0317
-0.0935276 0.184121 -0.978444 -2.87936 -0.349117 -0.926417 -0.140959 -43.3271 -0.9324 0.328408 0.150925 13.9827
-0.115341 0.0873311 -0.98948 -2.95409 -0.267745 -0.961992 -0.0536947 -43.3281 -0.956561 0.258735 0.13434 13.9417
-0.158007 -0.0412202 -0.986577 -3.0634 -0.167694 -0.983495 0.0679488 -43.3205 -0.973094 0.176179 0.148487 13.8967
-0.120748 -0.132474 -0.983804 -3.17742 -0.099686 -0.984428 0.144793 -43.3213 -0.987665 0.115555 0.105662 13.816
-0.0995151 -0.0945685 -0.990532 -3.43353 -0.0686768 -0.992447 0.101651 -43.3661 -0.992663 0.0781423 0.0922688 13.6732
-0.136753 -0.035152 -0.989981 -3.69401 -0.0826912 -0.995477 0.0467699 -43.4189 -0.987148 0.0882587 0.133228 13.5464
-0.119342 -0.0588754 -0.991106 -4.03341 -0.0889842 -0.993589 0.0697377 -43.4577 -0.988858 0.0965154 0.113337 13.378
-0.146801 -0.0386077 -0.988412 -4.33951 -0.0450879 -0.997938 0.0456763 -43.4575 -0.988138 0.0512707 0.144757 13.2165
-0.14406 0.00733546 -0.989542 -4.66434 -0.0825545 -0.996576 0.00463089 -43.4706 -0.986119 0.0823583 0.144172 13.0727
-0.156027 -0.0104284 -0.987698 -4.98146 -0.0835179 -0.996224 0.0237118 -43.4907 -0.984216 0.0861901 0.154567 12.9015
-0.160696 -0.0509269 -0.985689 -5.35275 -0.0599149 -0.996323 0.0612441 -43.4887 -0.985184 0.0688991 0.157053 12.6963
-0.162254 -0.0465116 -0.985652 -5.80546 -0.0566198 -0.996804 0.0563584 -43.504 -0.985123 0.0649518 0.159102 12.47
-0.154315 -0.133329 -0.978984 -6.12204 -0.0196075 -0.990245 0.137953 -43.4972 -0.987827 0.0404837 0.150196 12.3262
-0.17013 -0.134819 -0.976155 -6.41271 -0.0250333 -0.989686 0.14105 -43.4725 -0.985104 0.0484334 0.165001 12.1569
-0.203223 -0.1376 -0.969416 -6.66786 -0.00759759 -0.989825 0.14209 -43.446 -0.979103 0.0362411 0.20011 12.0481
-0.200228 -0.116408 -0.972809 -6.86574 -0.0155316 -0.992415 0.121951 -43.4388 -0.979626 0.0395272 0.196901 11.936
-0.15438 -0.1922 -0.969137 -7.17979 0.021614 -0.981318 0.191173 -43.3978 -0.987775 0.00856635 0.15565 11.7842
-0.152774 -0.186603 -0.970484 -7.5158 0.0379182 -0.982396 0.182924 -43.3223 -0.987534 -0.00885311 0.15716 11.5946
-0.153389 -0.182091 -0.971244 -7.70037 0.0142297 -0.98318 0.182082 -43.2878 -0.988063 0.0141088 0.1534 11.5148
-0.158947 -0.187567 -0.969306 -8.05407 0.0288516 -0.982251 0.185341 -43.2391 -0.986865 0.00149329 0.161538 11.3417
-0.216423 -0.157439 -0.963522 -8.30024 -0.0332104 -0.985153 0.168433 -43.1991 -0.975735 0.0684517 0.207981 11.2062
-0.213103 -0.0456107 -0.975965 -8.41309 -0.0650782 -0.996029 0.0607583 -43.2223 -0.97486 0.0764617 0.209288 11.1575
-0.179282 0.0396999 -0.982996 -8.46434 -0.147741 -0.988941 -0.0129945 -43.2594 -0.972641 0.1429 0.183164 11.1306
-0.186832 0.165781 -0.968303 -8.53402 -0.22165 -0.967356 -0.122852 -43.3182 -0.957061 0.191672 0.217479 11.1004
-0.176851 0.247292 -0.952665 -8.59971 -0.334517 -0.925404 -0.178116 -43.3759 -0.925647 0.287182 0.246382 11.0834
-0.131531 0.367366 -0.920729 -8.63238 -0.43889 -0.854389 -0.278199 -43.4506 -0.888862 0.367507 0.273612 11.0718
-0.0440878 0.473969 -0.879437 -8.63109 -0.516392 -0.764386 -0.386074 -43.5152 -0.855217 0.437113 0.278454 11.0647
0.0598056 0.608235 -0.791501 -8.61737 -0.570375 -0.629906 -0.527154 -43.5798 -0.819204 0.482979 0.30925 11.0617
0.164054 0.713235 -0.681456 -8.59155 -0.61461 -0.466439 -0.636152 -43.638 -0.771583 0.523193 0.36184 11.0717
0.230531 0.754806 -0.614103 -8.57723 -0.641113 -0.356937 -0.679389 -43.6602 -0.732004 0.55033 0.401631 11.0804
0.328886 0.817751 -0.472354 -8.53271 -0.660498 -0.158306 -0.733949 -43.6942 -0.674963 0.553375 0.488058 11.1089
0.448678 0.838637 -0.308831 -8.46062 -0.639051 0.0594992 -0.76686 -43.7075 -0.624742 0.541432 0.562627 11.1364
0.576002 0.802715 -0.154498 -8.37243 -0.576699 0.26509 -0.772752 -43.7032 -0.579344 0.534206 0.615618 11.1664
0.629807 0.773348 -0.0726355 -8.32613 -0.532184 0.361501 -0.76557 -43.6961 -0.565794 0.520817 0.639239 11.1828
0.700899 0.70994 0.0687452 -8.23487 -0.463239 0.526379 -0.712976 -43.6753 -0.542356 0.467878 0.697811 11.2192
0.761318 0.623979 0.176197 -8.15145 -0.394171 0.661179 -0.638334 -43.6461 -0.514805 0.416524 0.749322 11.26
0.803309 0.542373 0.24602 -8.07694 -0.338821 0.75592 -0.560166 -43.6169 -0.48979 0.366629 0.791005 11.303
0.841399 0.450177 0.298979 -8.00647 -0.275384 0.833186 -0.479546 -43.5912 -0.464986 0.321155 0.825013 11.3404
0.861089 0.363387 0.355634 -7.89966 -0.206798 0.889277 -0.407948 -43.5829 -0.4645 0.277736 0.840894 11.381
0.864668 0.287151 0.412182 -7.73662 -0.16721 0.938249 -0.30287 -43.5922 -0.473699 0.19296 0.859288 11.4502
0.904506 0.210373 0.370962 -7.62477 -0.125235 0.962536 -0.240499 -43.6022 -0.407659 0.171075 0.896966 11.5278
0.893217 0.129626 0.430535 -7.45884 -0.0586425 0.982948 -0.174284 -43.5883 -0.445785 0.130425 0.885587 11.6004
0.907893 0.0778955 0.411902 -7.2409 -0.025769 0.991096 -0.130629 -43.5545 -0.41841 0.107983 0.901816 11.7294
0.912056 0.0388623 0.40822 -6.91866 -0.00506553 0.996491 -0.0835478 -43.5839 -0.410034 0.0741324 0.909052 11.8939
0.903025 0.00307352 0.429576 -6.6825 0.0270882 0.997577 -0.0640805 -43.6023 -0.428732 0.0695028 0.900754 12.0254
0.887636 -0.0178576 0.4602 -6.49042 0.0131586 0.999823 0.0134167 -43.6021 -0.460358 -0.00585351 0.887714 12.115
0.893998 0.0120986 0.447908 -6.25355 0.0181676 0.997835 -0.0632143 -43.6335 -0.447703 0.0646509 0.891842 12.2773
0.894608 0.0369828 0.445318 -5.96358 -0.012677 0.998269 -0.0574373 -43.6607 -0.446672 0.0457386 0.893528 12.4184
0.899688 -0.0136388 0.436321 -5.72476 0.025531 0.999445 -0.0214035 -43.6718 -0.435787 0.0303962 0.899537 12.555
0.914965 -0.0351286 0.402001 -5.50332 0.0440507 0.998945 -0.0129684 -43.6626 -0.401122 0.029574 0.915547 12.6647
0.918265 -9.3054e-05 0.395967 -5.29794 0.0285698 0.997409 -0.0660202 -43.6831 -0.394935 0.0719367 0.915889 12.795
0.934484 0.0601426 0.350889 -5.0963 -0.00552985 0.98796 -0.15461 -43.7448 -0.355963 0.14254 0.923565 12.8785
0.939953 0.138388 0.31199 -4.98571 -0.0818068 0.978813 -0.187703 -43.8307 -0.331356 0.150909 0.931359 12.9526
0.917947 0.277369 0.283617 -4.96161 -0.202881 0.942606 -0.265203 -43.8987 -0.340899 0.185902 0.921536 12.9711
0.87278 0.428456 0.233839 -4.95372 -0.310691 0.857125 -0.410862 -43.9829 -0.376466 0.28594 0.881199 12.977
0.850159 0.498563 0.169307 -4.95929 -0.37302 0.797251 -0.474603 -44.0233 -0.371599 0.340333 0.863764 12.9755
0.808622 0.579997 0.0986627 -4.97224 -0.447451 0.715169 -0.536955 -44.0642 -0.381993 0.390047 0.837822 12.9681
0.748797 0.662639 0.0145942 -4.99341 -0.515005 0.595546 -0.616519 -44.1059 -0.417221 0.454132 0.787205 12.9551
0.698746 0.711827 -0.0711156 -5.02454 -0.542877 0.462894 -0.700724 -44.1451 -0.465875 0.528235 0.709879 12.9362
0.654555 0.737924 -0.164394 -5.06211 -0.567897 0.33638 -0.751227 -44.1751 -0.499049 0.585078 0.639244 12.9167
0.559873 0.784534 -0.266551 -5.10871 -0.625055 0.188723 -0.757424 -44.1919 -0.54392 0.59067 0.596037 12.8898
0.449193 0.813378 -0.369651 -5.15928 -0.662794 0.0259332 -0.748353 -44.198 -0.599108 0.581157 0.550751 12.8574
0.360371 0.806455 -0.46879 -5.21375 -0.64864 -0.144523 -0.747248 -44.1941 -0.670373 0.573362 0.471017 12.8159
0.294167 0.769661 -0.566645 -5.27064 -0.609066 -0.305938 -0.731738 -44.1874 -0.736549 0.560377 0.378777 12.7725
0.242165 0.718297 -0.652231 -5.32928 -0.55831 -0.446623 -0.699155 -44.1668 -0.793503 0.533458 0.292876 12.7296
0.173306 0.662916 -0.728359 -5.38927 -0.52185 -0.565387 -0.638757 -44.1409 -0.835247 0.490795 0.247957 12.6932
0.10442 0.605194 -0.7892 -5.44422 -0.478068 -0.665299 -0.573435 -44.1059 -0.872094 0.437169 0.219854 12.6601
0.0447319 0.537102 -0.84233 -5.49814 -0.429206 -0.751056 -0.501695 -44.0693 -0.902098 0.383975 0.196931 12.6292
-0.0393031 0.387944 -0.920844 -5.59908 -0.335547 -0.873167 -0.353536 -43.9955 -0.941203 0.295092 0.164492 12.5727
-0.0760339 0.22491 -0.971408 -5.69123 -0.234015 -0.951043 -0.201878 -43.9311 -0.969255 0.211974 0.124944 12.5286
-0.128103 0.12086 -0.984369 -5.76335 -0.150825 -0.983376 -0.10111 -43.8884 -0.980225 0.135515 0.144202 12.4995
-0.150691 -0.000846975 -0.988581 -5.89687 -0.0884949 -0.995973 0.0143427 -43.8694 -0.984612 0.0896456 0.150009 12.4189
-0.188762 -0.0602334 -0.980174 -6.15816 -0.0221718 -0.997601 0.0655742 -43.8947 -0.981772 0.0341101 0.186974 12.303
-0.127461 -0.116368 -0.984994 -6.38504 -0.0222534 -0.992508 0.120135 -43.8656 -0.991594 0.037232 0.123916 12.1474
-0.201879 -0.105108 -0.973754 -6.6446 -0.00324244 -0.994148 0.107981 -43.8197 -0.979405 0.0249565 0.200357 12.0501
-0.156198 -0.063467 -0.985685 -6.90764 -0.00890049 -0.997803 0.0656577 -43.7983 -0.987686 0.0190287 0.15529 11.8917
-0.154312 -0.139327 -0.978149 -7.24141 0.00552928 -0.990114 0.140159 -43.7318 -0.988007 0.0162198 0.153557 11.7563
-0.16673 -0.103522 -0.980553 -7.56384 -0.0274737 -0.993599 0.109571 -43.6827 -0.98562 0.0452081 0.162819 11.5694
-0.17997 -0.0713853 -0.981078 -7.84449 -0.0640809 -0.994394 0.0841093 -43.6682 -0.981583 0.0780056 0.174387 11.437
-0.161923 -0.0740538 -0.984021 -8.14539 -0.029395 -0.996376 0.0798206 -43.6579 -0.986365 0.0418501 0.159159 11.2822
-0.160246 -0.124176 -0.979235 -8.52689 0.0231562 -0.992255 0.122038 -43.5974 -0.986805 -0.00311926 0.161881 11.0822
-0.136942 -0.1269 -0.982417 -8.87615 0.000474614 -0.991769 0.128042 -43.54 -0.990579 0.0170681 0.135875 10.9022
-0.0851097 -0.00271929 -0.996368 -9.09932 0.00485957 -0.999986 0.00231406 -43.5385 -0.99636 -0.00464497 0.0851217 10.7634
-0.109436 -0.0830058 -0.990522 -9.28184 -0.00768714 -0.996407 0.0843482 -43.5068 -0.993964 0.016845 0.108404 10.6894
-0.118132 -0.11297 -0.986551 -9.66053 -0.00144986 -0.993487 0.113938 -43.4347 -0.992997 0.01489 0.117199 10.4779
-0.142601 -0.135514 -0.980459 -9.9536 0.00791929 -0.990707 0.135779 -43.3815 -0.989749 0.0115977 0.142349 10.3525
-0.110857 -0.0543217 -0.992351 -10.1649 -0.0293722 -0.99789 0.0579062 -43.3833 -0.993402 0.0355668 0.109028 10.218
-0.117316 -0.0975166 -0.988295 -10.47 -0.00270895 -0.995132 0.0985128 -43.3364 -0.993091 0.0142344 0.116481 10.0905
-0.137226 -0.0958646 -0.98589 -10.9268 0.00290541 -0.99534 0.0963792 -43.237 -0.990535 0.0103613 0.136865 9.84567
-0.116104 -0.0787837 -0.990108 -11.1359 -0.0401399 -0.995663 0.0839327 -43.2041 -0.992426 0.0494878 0.112438 9.72301
-0.110076 -0.14574 -0.98318 -11.6097 -0.0235507 -0.988531 0.14917 -43.1113 -0.993644 0.0395746 0.105381 9.49122
-0.134902 -0.133143 -0.981873 -12.0292 -0.0274484 -0.990049 0.138023 -43.0169 -0.990479 0.0455704 0.129905 9.25772
-0.131161 -0.111462 -0.985075 -12.2457 -0.0502242 -0.991636 0.118891 -43.0053 -0.990088 0.0650685 0.124466 9.15387
-0.112651 -0.10465 -0.988108 -12.5397 -0.0167244 -0.994098 0.107191 -42.9873 -0.993494 0.0286006 0.110236 8.9875
-0.140334 -0.147738 -0.97902 -12.8222 -0.0214225 -0.98812 0.152182 -42.9286 -0.989872 0.0423294 0.135502 8.85559
-0.145297 -0.162535 -0.975946 -13.2363 0.00116189 -0.986441 0.16411 -42.8758 -0.989387 0.0227108 0.143516 8.63136
-0.135565 -0.0803144 -0.987508 -13.5871 -0.0133518 -0.99647 0.0828763 -42.874 -0.990678 0.0244201 0.134015 8.44228
-0.134845 -0.137435 -0.981289 -13.9424 -0.029302 -0.989348 0.14259 -42.8274 -0.990433 0.0479814 0.129382 8.28986
-0.129781 -0.109268 -0.985504 -14.2895 -0.0118483 -0.993668 0.111733 -42.7798 -0.991472 0.0261774 0.127664 8.09413
-0.130698 -0.0679021 -0.989094 -14.5027 -0.0418754 -0.996383 0.0739359 -42.7638 -0.990537 0.051082 0.127382 7.98789
-0.153331 -0.119267 -0.980951 -14.8592 -0.0303382 -0.991654 0.12531 -42.7122 -0.987709 0.0489742 0.148433 7.80584
-0.139418 -0.153153 -0.978318 -15.1276 0.000451781 -0.987977 0.1546 -42.6589 -0.990233 0.0211122 0.137811 7.65059
-0.137413 -0.10518 -0.984914 -15.4263 -0.0156672 -0.993991 0.108335 -42.6299 -0.99039 0.0303175 0.134939 7.50828
-0.0857047 -0.0317873 -0.995813 -15.7595 -0.0358502 -0.998745 0.0349663 -42.6383 -0.995675 0.0386969 0.0844576 7.31306
-0.0720355 -0.0875155 -0.993555 -16.1133 -0.0549734 -0.994281 0.0915651 -42.6101 -0.995886 0.061215 0.0668125 7.16653
-0.0877296 -0.047365 -0.995018 -16.4495 -0.0944081 -0.993978 0.0556394 -42.5891 -0.991661 0.098819 0.0827296 6.97927
-0.0780159 -0.00098414 -0.996952 -16.656 -0.0905185 -0.995862 0.00806655 -42.5907 -0.992834 0.0908719 0.077604 6.87655
-0.0728998 -0.0272933 -0.996966 -17.0196 -0.092769 -0.995106 0.0340258 -42.5678 -0.993015 0.094968 0.070011 6.69948
-0.0568972 -0.0715738 -0.995811 -17.3907 -0.082524 -0.993677 0.0761355 -42.5121 -0.994964 0.0865102 0.0506308 6.47131
-0.0772864 -0.0881202 -0.993107 -17.6344 -0.0684597 -0.993266 0.0934621 -42.4864 -0.994656 0.0752112 0.0707333 6.36386
-0.0706284 -0.0218073 -0.997264 -17.8523 -0.0738497 -0.996903 0.0270296 -42.4808 -0.994765 0.0755567 0.0687992 6.24168
-0.074349 -0.118882 -0.990121 -18.2068 -0.0646756 -0.990204 0.123748 -42.4305 -0.995133 0.0732372 0.0659319 6.06596
-0.0539434 -0.107319 -0.99276 -18.4769 -0.0694324 -0.991398 0.110945 -42.3943 -0.996127 0.0749145 0.0460279 5.90474
-0.0500163 -0.0755446 -0.995887 -18.7875 -0.0792397 -0.993692 0.0793577 -42.3657 -0.9956 0.082883 0.0437146 5.76646
-0.0521484 0.00183971 -0.998638 -19.0747 -0.0906567 -0.995878 0.00289943 -42.3478 -0.994516 0.0906844 0.0521002 5.6063
-0.0730118 -0.0977997 -0.992524 -19.3203 -0.0513417 -0.993492 0.101672 -42.2804 -0.996009 0.0583811 0.0675155 5.51973
-0.0556675 -0.095897 -0.993833 -19.5926 -0.0231816 -0.994984 0.0973066 -42.2175 -0.99818 0.0284555 0.0531653 5.35219
-0.0686419 -0.0448494 -0.996633 -19.9529 -0.0357316 -0.998238 0.0473826 -42.1792 -0.997001 0.0388637 0.0669183 5.18647
-0.0711296 -0.0370587 -0.996778 -20.367 -0.0446249 -0.998191 0.0402956 -42.1298 -0.996468 0.0473474 0.0693472 4.98642
-0.146655 -0.112385 -0.982783 -20.702 -0.0437018 -0.991819 0.11994 -42.0641 -0.988222 0.0605392 0.140544 4.82437
-0.14629 -0.115215 -0.982509 -20.8896 -0.0646715 -0.989956 0.125717 -42.0402 -0.987126 0.0819315 0.137369 4.74253
-0.145468 -0.024414 -0.989062 -21.106 -0.0868822 -0.995518 0.0373517 -42.0452 -0.985541 0.0913653 0.142695 4.63503
-0.204074 -0.00343192 -0.978949 -21.3963 -0.0328717 -0.999406 0.0103561 -42.0332 -0.978403 0.0342931 0.20384 4.49944
-0.232554 -0.073873 -0.969774 -21.6272 -0.0284268 -0.996169 0.0827004 -42.0046 -0.972168 0.0467999 0.229563 4.41305
-0.155127 -0.0249343 -0.98758 -21.9131 -0.0281688 -0.999163 0.0296515 -41.9898 -0.987493 0.0324187 0.154295 4.22387
-0.15765 -0.0427616 -0.986569 -22.1516 -0.0673385 -0.996271 0.0539426 -41.9829 -0.985196 0.0749381 0.154183 4.11297
-0.16216 -0.0155253 -0.986642 -22.5584 -0.0603647 -0.997847 0.0256228 -41.9665 -0.984916 0.0637134 0.160873 3.91042
-0.162881 -0.0776473 -0.983586 -22.7853 -0.0410914 -0.9955 0.0853925 -41.9195 -0.98579 0.0543257 0.158957 3.78958
-0.184054 -0.0249788 -0.982599 -23.158 -0.0686233 -0.996911 0.0381967 -41.8792 -0.980518 0.0744594 0.181771 3.59633
-0.135552 0.0161573 -0.990639 -23.3831 -0.0857921 -0.996303 -0.0045105 -41.8646 -0.987049 0.0843775 0.136437 3.46711
-0.175595 -0.0722846 -0.981805 -23.6465 -0.0725889 -0.993635 0.0861381 -41.8123 -0.981783 0.0863936 0.169231 3.36028
-0.15492 -0.0975839 -0.983096 -23.8848 -0.0741006 -0.991159 0.110061 -41.759 -0.985144 0.0898987 0.14632 3.25466
-0.177143 -0.0457497 -0.983121 -24.2496 -0.0442658 -0.997538 0.0543966 -41.6921 -0.983189 0.0531546 0.174682 3.05502
-0.159551 0.00622447 -0.98717 -24.5354 -0.0568953 -0.998376 0.00290057 -41.6706 -0.985549 0.0566281 0.159646 2.90163
-0.15323 -0.0773356 -0.98516 -24.7854 -0.0472373 -0.99522 0.0854726 -41.611 -0.987061 0.0596333 0.148845 2.7846
-0.165959 -0.107152 -0.980294 -25.0758 -0.03301 -0.992918 0.11412 -41.5504 -0.98558 0.0512988 0.161246 2.64044
-0.17665 -0.0610429 -0.982379 -25.389 -0.0357313 -0.997019 0.0683778 -41.5031 -0.983625 0.0471806 0.173942 2.48107
-0.131841 0.0121471 -0.991196 -25.5474 -0.084743 -0.996402 -0.00093909 -41.491 -0.987642 0.0838732 0.132396 2.39629
-0.176407 0.0104166 -0.984262 -25.7985 -0.0661299 -0.99781 0.00129231 -41.464 -0.982093 0.0653171 0.176709 2.26672
-0.133913 -0.0499698 -0.989732 -26.0517 -0.0401213 -0.997636 0.0557974 -41.4218 -0.990181 0.0471814 0.131592 2.16514
-0.153777 -0.0298057 -0.987656 -26.406 -0.0538985 -0.997804 0.0385039 -41.366 -0.986634 0.0591542 0.151833 1.95767
-0.157239 0.0032895 -0.987555 -26.7549 -0.0864946 -0.996197 0.0104534 -41.3345 -0.983766 0.0870619 0.156925 1.80069
-0.164241 -0.0551058 -0.98488 -27.078 -0.0793791 -0.994462 0.0688794 -41.3086 -0.983221 0.0894918 0.158957 1.65573
-0.152863 -0.0834094 -0.984721 -27.3519 -0.0673674 -0.993234 0.0945883 -41.2741 -0.985949 0.0807971 0.14621 1.50453
-0.165171 -0.0826078 -0.982799 -27.7763 -0.0823665 -0.99185 0.0972112 -41.2391 -0.98282 0.0970062 0.157021 1.30337
-0.172144 -0.081863 -0.981664 -28.1364 -0.0543836 -0.994231 0.0924477 -41.2108 -0.983569 0.0693008 0.166699 1.12265
-0.180312 -0.0795977 -0.980383 -28.4876 -0.0437658 -0.995084 0.0888407 -41.1614 -0.982635 0.0589263 0.175942 0.954836
-0.21868 -0.0806581 -0.972457 -28.8641 -0.0406141 -0.994962 0.0916578 -41.0975 -0.974951 0.0595392 0.214302 0.775472
-0.16436 -0.0496727 -0.985149 -29.2143 -0.0393364 -0.997607 0.0568637 -41.0674 -0.985616 0.0480983 0.162013 0.57599
-0.124872 -0.129237 -0.98372 -29.4496 -0.0323035 -0.990425 0.134218 -41.0259 -0.991647 0.0485376 0.119501 0.482054
-0.154795 -0.0680453 -0.985601 -29.7952 -0.0312512 -0.996789 0.073726 -40.9733 -0.987452 0.0422136 0.152171 0.297509
-0.139323 -0.0969953 -0.985485 -30.0922 -0.0551882 -0.992884 0.105526 -40.9351 -0.988708 0.0690893 0.132979 0.171707
-0.156296 -0.0773012 -0.984681 -30.373 -0.0357395 -0.995837 0.0838499 -40.9074 -0.987063 0.0482974 0.152883 0.0152517
-0.130543 -0.162443 -0.978044 -30.6006 -0.0142081 -0.986078 0.165674 -40.856 -0.991341 0.0355236 0.126417 -0.074924
-0.165097 -0.157717 -0.973585 -31.0307 -0.0367804 -0.98546 0.165877 -40.8048 -0.985591 0.0631947 0.156896 -0.307671
-0.173303 -0.136733 -0.975331 -31.2334 -0.0531146 -0.987577 0.147887 -40.8001 -0.983435 0.0774336 0.163887 -0.391668
-0.177013 -0.135705 -0.974808 -31.6156 -0.0803376 -0.985151 0.151733 -40.8151 -0.980924 0.105173 0.163483 -0.572412
-0.167024 0.002254 -0.98595 -31.7294 -0.173141 -0.984525 0.0270801 -40.8712 -0.970631 0.175232 0.164829 -0.631285
-0.118195 0.0994988 -0.987993 -31.7865 -0.27859 -0.95833 -0.0631834 -40.9112 -0.953109 0.267777 0.140989 -0.678421
-0.062783 0.229535 -0.971273 -31.8371 -0.341387 -0.919427 -0.195215 -40.9539 -0.937824 0.319324 0.136084 -0.715064
-0.00668086 0.354026 -0.935212 -31.8767 -0.383869 -0.864487 -0.324511 -40.9982 -0.923364 0.35683 0.141675 -0.730446
0.0278007 0.461375 -0.886769 -31.9004 -0.419737 -0.799729 -0.429248 -41.0422 -0.90722 0.384143 0.171423 -0.734726
0.0792214 0.538951 -0.838603 -31.9112 -0.455433 -0.72875 -0.511375 -41.0889 -0.886738 0.422439 0.187724 -0.737585
0.130142 0.606174 -0.784612 -31.9093 -0.490675 -0.648269 -0.582225 -41.148 -0.861569 0.460762 0.213067 -0.743171
0.197525 0.674249 -0.711599 -31.8738 -0.511338 -0.548459 -0.661609 -41.2245 -0.836372 0.494551 0.236434 -0.738171
0.258505 0.732744 -0.629492 -31.8149 -0.547127 -0.42599 -0.720544 -41.3062 -0.796133 0.530677 0.290783 -0.701606
0.342164 0.7808 -0.522758 -31.7541 -0.532793 -0.297042 -0.7924 -41.3618 -0.773987 0.549652 0.314367 -0.67653
0.399766 0.83316 -0.38214 -31.6821 -0.517775 -0.13876 -0.844189 -41.4161 -0.75637 0.535341 0.375918 -0.649842
0.476072 0.839763 -0.261063 -31.6049 -0.496416 0.0115808 -0.868008 -41.4669 -0.725897 0.54283 0.422385 -0.623667
0.549399 0.831543 -0.0818323 -31.51 -0.441756 0.205938 -0.873179 -41.5135 -0.709234 0.515874 0.480481 -0.596557
0.617129 0.781032 0.0956103 -31.4102 -0.391605 0.410248 -0.823615 -41.5518 -0.682494 0.470836 0.559031 -0.559678
0.665915 0.708163 0.234655 -31.326 -0.347533 0.572793 -0.742381 -41.5731 -0.660135 0.412812 0.627541 -0.51421
0.731412 0.592161 0.338202 -31.2422 -0.312958 0.73211 -0.605039 -41.5686 -0.605882 0.33669 0.720796 -0.46691
0.756492 0.459543 0.465339 -31.1558 -0.213532 0.846084 -0.488412 -41.5506 -0.618162 0.270115 0.738183 -0.434276
0.774992 0.335918 0.5353 -31.0698 -0.149856 0.920556 -0.360722 -41.5303 -0.613946 0.199339 0.763763 -0.397963
0.786278 0.207834 0.581869 -30.9854 -0.0725548 0.966272 -0.247093 -41.5171 -0.613598 0.152066 0.774838 -0.360788
0.819398 0.0990732 0.564598 -30.8552 -0.0174848 0.988812 -0.148137 -41.5111 -0.572958 0.111511 0.811963 -0.275519
0.844733 0.0128373 0.535034 -30.6557 0.0510376 0.993224 -0.104411 -41.543 -0.532749 0.115506 0.838354 -0.142609
0.853899 -0.0496618 0.518064 -30.351 0.0583138 0.998298 -0.000418421 -41.6049 -0.517162 0.0305676 0.855342 0.00137326
0.852813 -0.0250155 0.521617 -30.1545 0.0442544 0.998721 -0.024457 -41.6406 -0.520338 0.0439411 0.852829 0.112343
0.836203 -0.0262888 0.54779 -30.0025 0.0148125 0.999569 0.0253586 -41.6333 -0.54822 -0.0130908 0.836232 0.166341
0.824681 -0.0205496 0.565224 -29.7787 0.0251058 0.999685 -0.000285166 -41.6347 -0.56504 0.0144256 0.824937 0.281051
0.845093 0.0124844 0.534474 -29.6333 0.0258336 0.997606 -0.0641497 -41.6499 -0.533995 0.0680198 0.842747 0.386254
0.865267 -0.0260509 0.500634 -29.3767 0.0773805 0.993621 -0.082036 -41.6902 -0.495303 0.109722 0.861763 0.485205
0.860297 -0.0761052 0.50408 -29.1522 0.099069 0.994902 -0.0188692 -41.6982 -0.500074 0.0661718 0.863451 0.60846
0.854993 -0.0153704 0.518411 -28.8683 0.0366836 0.99885 -0.0308858 -41.6989 -0.51734 0.0454243 0.854573 0.737122
0.862333 0.0120542 0.506199 -28.6051 0.0532123 0.992023 -0.114273 -41.7165 -0.503539 0.125477 0.854813 0.894448
0.845843 0.0046644 0.533411 -28.2896 0.0462823 0.995549 -0.0820965 -41.734 -0.53142 0.0941282 0.841863 1.0105
0.854402 -0.0331285 0.518556 -28.037 0.086394 0.993132 -0.0789004 -41.7399 -0.51238 0.112213 0.851396 1.165
0.863825 -0.0065927 0.503748 -27.6954 0.0508409 0.99595 -0.0741474 -41.7369 -0.50122 0.0896614 0.860662 1.32225
0.847558 0.0287724 0.529923 -27.3731 0.0396864 0.992297 -0.117352 -41.7612 -0.529217 0.120493 0.839887 1.46976
0.844547 0.00363175 0.535469 -26.9778 0.057919 0.993491 -0.0980886 -41.797 -0.53234 0.113854 0.838839 1.67313
0.860561 -0.0186655 0.509005 -26.7547 0.0334904 0.999239 -0.0199785 -41.7979 -0.508245 0.0342395 0.860531 1.78148
0.857359 0.0295777 0.513868 -26.442 0.0213822 0.995439 -0.0929714 -41.8447 -0.514274 0.0906975 0.852817 1.95759
0.846391 -0.00133082 0.53256 -26.0905 0.0340042 0.998091 -0.0515482 -41.8915 -0.531475 0.0617392 0.844821 2.09384
0.853329 -0.0156002 0.52114 -25.8913 0.0659092 0.994761 -0.0781436 -41.9156 -0.51719 0.10103 0.849887 2.2143
0.859524 -0.0587668 0.507705 -25.6682 0.0762999 0.99699 -0.0137713 -41.9179 -0.505368 0.0505746 0.861421 2.31425
0.895498 -0.0123873 0.444893 -25.4135 0.0579304 0.994353 -0.0889184 -41.9597 -0.441279 0.105399 0.891158 2.49711
0.897963 0.00839216 0.439991 -25.0219 0.0115645 0.999023 -0.0426565 -42.0116 -0.439919 0.0433922 0.896989 2.67174
0.900861 -0.0526429 0.430905 -24.7559 0.0632962 0.99794 -0.010412 -42.0217 -0.429469 0.0366544 0.902337 2.83478
0.926206 -0.0311827 0.375725 -24.5364 0.018748 0.99915 0.0367066 -42.0282 -0.376551 -0.0269538 0.926004 2.96199
0.925633 0.0294722 0.377274 -24.344 -0.0134724 0.998897 -0.0449784 -42.0605 -0.378183 0.0365508 0.925009 3.08998
0.933018 0.0511995 0.356167 -23.9829 -0.0151964 0.994549 -0.103159 -42.1191 -0.359508 0.0908368 0.92871 3.23804
0.916181 0.00628766 0.400716 -23.7198 0.0203397 0.997859 -0.0621613 -42.1241 -0.400249 0.0651014 0.914091 3.36582
0.912808 -0.0134519 0.408168 -23.4414 0.0347925 0.998385 -0.0449048 -42.1224 -0.406905 0.0551906 0.911802 3.48477
0.909125 0.0207407 0.416007 -23.1941 0.0124054 0.996968 -0.0768157 -42.1378 -0.416339 0.0749958 0.906111 3.63942
0.913212 -0.014158 0.40724 -22.7441 0.0498057 0.995781 -0.0770675 -42.1505 -0.404431 0.0906618 0.910064 3.83489
0.880065 -0.0651766 0.470359 -22.4761 0.0892335 0.995588 -0.0290037 -42.1366 -0.466394 0.0674969 0.881998 3.94397
0.886093 0.0038547 0.463492 -22.0691 0.0419534 0.995194 -0.0884822 -42.1682 -0.461605 0.0978485 0.881672 4.17769
0.889312 -0.00752874 0.457238 -21.6779 0.0550399 0.994358 -0.0906779 -42.2084 -0.453976 0.105807 0.884709 4.35846
0.881781 -0.042945 0.4697 -21.4146 0.0651499 0.99739 -0.0311157 -42.2045 -0.467138 0.0580381 0.882278 4.48274
0.895408 0.0113151 0.445103 -21.1038 0.0418854 0.993103 -0.109506 -42.2193 -0.443272 0.116696 0.888759 4.65766
0.881797 0.0290988 0.470731 -20.7836 0.0394786 0.990038 -0.135154 -42.2468 -0.469974 0.137762 0.871863 4.78729
0.892271 -0.0283136 0.450611 -20.4785 0.0770866 0.992931 -0.0902525 -42.2443 -0.44487 0.115266 0.888147 4.9603
0.89271 0.0069262 0.450578 -20.1429 0.0515162 0.991758 -0.117312 -42.2631 -0.447677 0.127938 0.884996 5.11206
0.893042 0.0946007 0.439917 -19.9472 -0.00971236 0.981475 -0.191342 -42.3152 -0.449869 0.166604 0.877417 5.24067
0.874214 0.155925 0.459824 -19.5786 -0.0266237 0.961002 -0.275257 -42.4317 -0.484811 0.228391 0.844272 5.38775
0.86642 0.16256 0.472113 -19.4104 -0.030366 0.960924 -0.275142 -42.4807 -0.498392 0.224052 0.8375 5.48104
0.868248 0.226243 0.441543 -19.1368 -0.0872299 0.945722 -0.313052 -42.5634 -0.488403 0.233291 0.840856 5.60615
0.868638 0.200746 0.452956 -18.9489 -0.0740798 0.956584 -0.281886 -42.6066 -0.489878 0.211302 0.845796 5.72113
0.860023 0.188438 0.474186 -18.6849 -0.0733984 0.965332 -0.250495 -42.7082 -0.504949 0.180627 0.844038 5.83143
0.878247 0.177456 0.444064 -18.4736 -0.073232 0.967554 -0.241817 -42.7751 -0.472568 0.179856 0.862747 5.95016
0.883381 0.221823 0.412834 -18.1877 -0.0872604 0.943338 -0.320154 -42.8607 -0.46046 0.246794 0.852684 6.11367
0.871591 0.223634 0.436253 -17.8997 -0.0836002 0.944657 -0.317229 -42.9553 -0.483052 0.240023 0.842051 6.22631
0.851814 0.261812 0.453725 -17.6897 -0.106003 0.934376 -0.340153 -43.0725 -0.513006 0.241651 0.823668 6.34108
0.860147 0.331984 0.387212 -17.5609 -0.157289 0.894822 -0.417795 -43.1679 -0.485188 0.298461 0.821896 6.40819
0.854595 0.410375 0.318215 -17.4843 -0.22006 0.841228 -0.493871 -43.2509 -0.470363 0.352033 0.809216 6.47497
0.821196 0.486427 0.298371 -17.4179 -0.25455 0.780214 -0.571375 -43.343 -0.510726 0.393261 0.764529 6.49773
0.786133 0.586642 0.194541 -17.399 -0.358488 0.689203 -0.629671 -43.5051 -0.503469 0.425265 0.752109 6.512
0.719161 0.688221 0.0957016 -17.4376 -0.424794 0.544466 -0.723261 -43.5979 -0.54987 0.479488 0.683911 6.48343
0.668709 0.742899 0.0304854 -17.475 -0.449103 0.43625 -0.779739 -43.6531 -0.592566 0.507727 0.625363 6.45927
0.61106 0.788674 -0.0678121 -17.5199 -0.486838 0.306883 -0.817809 -43.7028 -0.624174 0.532744 0.571481 6.43616
0.547944 0.818709 -0.171679 -17.5667 -0.509388 0.16377 -0.84481 -43.752 -0.663537 0.550359 0.506777 6.4086
0.488293 0.829374 -0.271492 -17.616 -0.516685 0.0240426 -0.855838 -43.7939 -0.703283 0.558176 0.440265 6.382
0.428998 0.826416 -0.364688 -17.6574 -0.510577 -0.111204 -0.852611 -43.839 -0.745166 0.551969 0.374243 6.35772
0.365432 0.801151 -0.473937 -17.6944 -0.515955 -0.249443 -0.819493 -43.8758 -0.774758 0.543999 0.322203 6.33402
0.295296 0.7431 -0.600502 -17.7354 -0.514009 -0.40625 -0.755484 -43.9191 -0.805354 0.531755 0.261996 6.31188
0.259544 0.691632 -0.674004 -17.7614 -0.49068 -0.506678 -0.70888 -43.9489 -0.831787 0.514706 0.207865 6.28319
0.227967 0.655356 -0.720097 -17.8171 -0.435346 -0.592921 -0.677435 -44.0208 -0.870922 0.467924 0.150141 6.24008
0.160525 0.67362 -0.721435 -17.9984 -0.464256 -0.593485 -0.657451 -44.1855 -0.871033 0.440467 0.217463 6.17807
0.164298 0.640156 -0.750471 -18.1468 -0.447361 -0.62971 -0.635086 -44.3678 -0.879133 0.440075 0.182921 6.08721
0.112849 0.595894 -0.795095 -18.2534 -0.462593 -0.676684 -0.572806 -44.4872 -0.879359 0.432446 0.199293 6.07645
0.139627 0.563742 -0.814064 -18.334 -0.447155 -0.697621 -0.5598 -44.607 -0.883491 0.442176 0.154674 6.01829
0.141076 0.62233 -0.769937 -18.4939 -0.483453 -0.63537 -0.602145 -44.7866 -0.863927 0.457177 0.211232 5.92399
0.176475 0.680203 -0.711463 -18.5849 -0.486663 -0.567983 -0.663742 -44.9099 -0.855579 0.463377 0.230795 5.88244
0.196345 0.698378 -0.68827 -18.7168 -0.478029 -0.54469 -0.689058 -45.1774 -0.856117 0.464307 0.226898 5.79864
0.242588 0.700805 -0.670838 -18.802 -0.49053 -0.507977 -0.708054 -45.3433 -0.836978 0.500831 0.220536 5.76911
0.287975 0.755575 -0.588367 -18.8803 -0.480697 -0.417332 -0.77121 -45.4851 -0.828251 0.504916 0.243022 5.71828
0.298715 0.782371 -0.546502 -18.9369 -0.525929 -0.342889 -0.778349 -45.5472 -0.796347 0.519926 0.309045 5.70059
0.353936 0.823155 -0.444011 -18.9459 -0.487717 -0.242638 -0.838605 -45.5964 -0.798036 0.513364 0.315588 5.67409
0.421888 0.841178 -0.338274 -18.9132 -0.423117 -0.147312 -0.894019 -45.6096 -0.801862 0.520306 0.293768 5.65588
0.473014 0.850545 -0.22985 -18.8673 -0.371137 -0.0442523 -0.927523 -45.5814 -0.799072 0.524037 0.294737 5.64335
0.48921 0.853999 -0.177084 -18.8409 -0.269362 -0.0451721 -0.961979 -45.356 -0.829529 0.518309 0.207936 5.57804
0.515144 0.855305 -0.0554909 -18.8091 -0.165136 0.0355138 -0.985631 -45.2801 -0.841045 0.516906 0.159536 5.5656
0.526821 0.845284 0.0891862 -18.749 -0.175288 0.210718 -0.961703 -45.2313 -0.831705 0.491012 0.259179 5.60074
0.57329 0.789198 0.22024 -18.6785 -0.178139 0.382422 -0.906653 -45.1791 -0.799753 0.480542 0.359825 5.65363
0.60942 0.7237 0.323828 -18.6234 -0.174738 0.520993 -0.835484 -45.1298 -0.773352 0.452575 0.443962 5.70195
0.656711 0.643894 0.392594 -18.5669 -0.178334 0.638411 -0.748752 -45.0626 -0.732753 0.421701 0.53408 5.75453
0.707237 0.560782 0.430509 -18.4925 -0.163099 0.721939 -0.672461 -44.9667 -0.687905 0.405374 0.602045 5.82032
0.771287 0.489391 0.406956 -18.3389 -0.116456 0.73709 -0.665685 -44.7507 -0.625743 0.466041 0.6255 5.93772
0.793655 0.504607 0.339829 -18.0859 -0.148042 0.70199 -0.69663 -44.6089 -0.590081 0.502575 0.631841 6.05627
0.760081 0.558515 0.332172 -18.0111 -0.139917 0.639838 -0.755665 -44.5802 -0.634586 0.52789 0.564475 6.08373
0.713647 0.651653 0.257014 -17.9857 -0.164724 0.512721 -0.842605 -44.5391 -0.680863 0.558986 0.473245 6.06749
0.664191 0.7219 0.194191 -17.9635 -0.168767 0.397857 -0.901791 -44.4721 -0.728263 0.566189 0.386086 6.03284
0.640015 0.759934 0.113498 -17.9503 -0.163824 0.279279 -0.946132 -44.4081 -0.750695 0.586944 0.303238 6.00486
0.616993 0.785607 0.046268 -17.9479 -0.13212 0.161363 -0.978011 -44.3236 -0.775799 0.597314 0.203354 5.9712
0.557133 0.830209 -0.0188659 -17.9414 -0.0627707 0.0194487 -0.997838 -44.2276 -0.828047 0.557113 0.0629483 5.932
0.5238 0.847814 -0.082735 -17.9751 -0.0157259 -0.0874841 -0.996042 -44.1785 -0.851696 0.523027 -0.0324915 5.90073
0.48692 0.849499 -0.203126 -18.0395 -0.0395051 -0.210899 -0.976709 -44.1769 -0.872553 0.483603 -0.0691315 5.88019
0.451447 0.854682 -0.256347 -18.1335 -0.0907361 -0.241828 -0.966067 -44.2893 -0.887672 0.459389 -0.031622 5.85012
0.490769 0.85634 -0.160708 -18.125 -0.105498 -0.124688 -0.986571 -44.3676 -0.864879 0.501133 0.0291489 5.86367
0.516731 0.854398 -0.0546978 -18.0808 -0.133207 0.0171231 -0.99094 -44.4431 -0.845721 0.519336 0.12266 5.90079
0.549843 0.835258 -0.0039976 -18.0344 -0.182019 0.115148 -0.97653 -44.5261 -0.815194 0.537666 0.215346 5.9461
0.559781 0.828636 0.00283911 -17.9747 -0.256028 0.176215 -0.950473 -44.6525 -0.788096 0.53133 0.310796 6.01083
0.589014 0.808041 -0.0115397 -17.8835 -0.335563 0.231565 -0.913113 -44.9093 -0.73516 0.541708 0.407543 6.14739
0.613516 0.781514 0.113287 -17.8049 -0.279719 0.349228 -0.894314 -45.0077 -0.738482 0.516987 0.432862 6.17118
0.643964 0.723864 0.247652 -17.7215 -0.243119 0.500546 -0.830871 -45.1024 -0.725399 0.474842 0.498318 6.20392
0.649694 0.673796 0.351989 -17.635 -0.195138 0.595328 -0.779426 -45.2011 -0.734724 0.437702 0.518265 6.24322
0.628663 0.712111 0.31254 -17.5402 -0.192782 0.532047 -0.824476 -45.3604 -0.753404 0.458065 0.471761 6.26738
0.610539 0.77426 0.166624 -17.5423 -0.225806 0.371832 -0.900418 -45.4635 -0.759114 0.512116 0.401851 6.28642
0.569111 0.821906 0.0241357 -17.5614 -0.292324 0.229674 -0.92833 -45.5593 -0.768544 0.521267 0.370973 6.30439
0.54164 0.836113 -0.0868446 -17.5825 -0.313855 0.105307 -0.943613 -45.6341 -0.779821 0.538355 0.319457 6.30464
0.498727 0.843253 -0.20049 -17.5965 -0.344606 -0.019336 -0.938548 -45.7414 -0.79531 0.537169 0.280947 6.29742
0.485105 0.837094 -0.252876 -17.5817 -0.339878 -0.0859527 -0.936534 -45.9336 -0.805702 0.540264 0.242814 6.28826
0.480151 0.853936 -0.200619 -17.5303 -0.236013 -0.0945096 -0.967143 -46.0183 -0.844839 0.511723 0.156161 6.25742
0.476256 0.846529 -0.237842 -17.4638 -0.150751 -0.187876 -0.970555 -46.0722 -0.866288 0.498087 0.0381386 6.24333
0.497185 0.828373 -0.258079 -17.4015 -0.0825021 -0.250964 -0.964474 -46.1159 -0.863713 0.500814 -0.0564329 6.23898
0.499749 0.83674 -0.223866 -17.3467 -0.022466 -0.245847 -0.969048 -46.1791 -0.865879 0.489311 -0.104063 6.22538
0.498533 0.824529 -0.267614 -17.3624 -0.105025 -0.248989 -0.962795 -46.3177 -0.860485 0.508091 -0.0375335 6.24008
0.473511 0.846336 -0.243932 -17.3756 -0.139082 -0.201627 -0.969537 -46.4502 -0.869738 0.493013 0.0222372 6.25498
0.485607 0.839708 -0.243055 -17.3489 -0.0819812 -0.233069 -0.968999 -46.5827 -0.870325 0.490478 -0.0443394 6.21903
0.491193 0.8103 -0.319598 -17.3415 -0.164575 -0.27397 -0.947552 -46.7046 -0.855362 0.518029 -0.00121735 6.26997
0.457388 0.826713 -0.327631 -17.3331 -0.238588 -0.240836 -0.940784 -46.8 -0.856663 0.508472 0.0870885 6.34493
0.471828 0.827409 -0.304587 -17.3109 -0.2004 -0.235777 -0.95092 -46.8075 -0.858614 0.50971 0.0545663 6.32856
0.469204 0.842739 -0.26389 -17.3139 -0.0928222 -0.250106 -0.963759 -46.785 -0.878198 0.476695 -0.0391259 6.27975
0.465483 0.848105 -0.253068 -17.3136 0.0357881 -0.303736 -0.952084 -46.7585 -0.884333 0.434122 -0.171736 6.2167
0.480364 0.831155 -0.280057 -17.3077 0.102967 -0.370544 -0.92309 -46.7116 -0.871004 0.414583 -0.263577 6.17964
0.476044 0.819167 -0.319917 -17.3193 0.0386752 -0.382931 -0.922967 -46.7092 -0.878571 0.427 -0.213973 6.20026
0.434889 0.836989 -0.332146 -17.3272 -0.100323 -0.321521 -0.941573 -46.7484 -0.894878 0.442802 -0.0558566 6.25164
0.446783 0.84219 -0.301828 -17.3317 -0.161151 -0.256094 -0.953124 -46.8006 -0.880009 0.47448 0.0213015 6.28371
0.456676 0.844935 -0.278446 -17.3729 -0.208628 -0.202548 -0.956791 -46.9293 -0.864824 0.495035 0.0837779 6.27782
0.456686 0.870141 -0.185184 -17.3972 -0.164128 -0.122177 -0.978844 -47.0301 -0.874357 0.477418 0.087018 6.23735
0.452924 0.859322 -0.237542 -17.3839 -0.241947 -0.137967 -0.96043 -47.2032 -0.858092 0.492475 0.145422 6.14247
0.4716 0.857509 -0.2056 -17.3443 -0.203796 -0.120856 -0.971525 -47.3657 -0.85794 0.500072 0.117761 6.04691
0.490643 0.846424 -0.206967 -17.3299 -0.291833 -0.0641827 -0.954314 -47.52 -0.821038 0.528627 0.215523 5.96267
0.485818 0.847917 -0.212172 -17.319 -0.299968 -0.0662598 -0.951645 -47.6272 -0.820975 0.525971 0.222158 5.89624
0.477454 0.831443 -0.284149 -17.2779 -0.375576 -0.09924 -0.921463 -47.77 -0.794343 0.546675 0.264887 5.8264
0.491972 0.81318 -0.310969 -17.2514 -0.392411 -0.111725 -0.912979 -47.9154 -0.777159 0.571188 0.264136 5.77246
0.44129 0.859435 -0.258135 -17.2142 -0.401522 -0.0681491 -0.91331 -48.167 -0.802523 0.506682 0.315009 5.63822
0.45027 0.843261 -0.293544 -17.1748 -0.434689 -0.080146 -0.897007 -48.388 -0.779937 0.531496 0.330469 5.52951
0.448045 0.863906 -0.230051 -17.1431 -0.394686 -0.0397487 -0.917956 -48.6563 -0.802171 0.502083 0.323163 5.35205
0.418829 0.866568 -0.27137 -17.1374 -0.389951 -0.0982474 -0.915579 -48.8011 -0.820074 0.489292 0.29677 5.27327
0.431554 0.845315 -0.314965 -17.1041 -0.376078 -0.148771 -0.914567 -48.9144 -0.819955 0.513137 0.253702 5.18219
0.470697 0.822682 -0.318808 -17.0779 -0.329628 -0.171202 -0.928459 -49.002 -0.818407 0.54211 0.190595 5.11744
0.466453 0.840843 -0.2746 -17.0608 -0.363864 -0.100561 -0.926008 -49.174 -0.806241 0.531856 0.259045 5.018
0.469101 0.845491 -0.255125 -17.0511 -0.371188 -0.0733696 -0.925655 -49.3232 -0.801351 0.528925 0.279418 4.96344
0.458053 0.827056 -0.325831 -17.0396 -0.428425 -0.115767 -0.896131 -49.4619 -0.778871 0.550069 0.301304 4.93106
0.445531 0.820811 -0.357453 -17.0366 -0.516445 -0.0905051 -0.851524 -49.5762 -0.731291 0.563985 0.383581 4.90333
0.426716 0.839356 -0.336742 -17.0164 -0.541981 -0.0607399 -0.838193 -49.7713 -0.723996 0.540178 0.428997 4.78241
0.402553 0.860269 -0.312871 -17.0021 -0.498386 -0.0807186 -0.863189 -49.8734 -0.76783 0.50341 0.396252 4.72786
0.408759 0.833655 -0.371397 -16.9833 -0.532285 -0.112796 -0.839017 -50.0273 -0.741343 0.540644 0.397636 4.6954
0.383033 0.850965 -0.359367 -16.972 -0.517122 -0.124826 -0.84676 -50.1637 -0.765422 0.510173 0.39224 4.65392
0.341478 0.843173 -0.415273 -16.9546 -0.551512 -0.178016 -0.814951 -50.29 -0.76107 0.507316 0.404231 4.55018
0.403994 0.807837 -0.429171 -16.9308 -0.46684 -0.221391 -0.856181 -50.3818 -0.786669 0.546247 0.28769 4.47149
0.337787 0.784241 -0.520449 -16.925 -0.496099 -0.321559 -0.806527 -50.4961 -0.799866 0.530628 0.280443 4.44519
0.273285 0.727538 -0.629288 -16.9226 -0.495376 -0.454331 -0.740395 -50.5892 -0.824571 0.514074 0.236243 4.41632
0.262367 0.638306 -0.723692 -16.936 -0.477624 -0.565754 -0.672159 -50.67 -0.838474 0.522005 0.156435 4.39721
0.190272 0.608337 -0.770534 -16.9584 -0.405646 -0.666021 -0.625993 -50.7757 -0.894006 0.431673 0.120045 4.36061
0.136081 0.555904 -0.820032 -16.9924 -0.350536 -0.747169 -0.564679 -50.8591 -0.92661 0.364293 0.0931892 4.32338
0.0970677 0.446273 -0.889617 -17.04 -0.301869 -0.838532 -0.453584 -50.912 -0.948395 0.312576 0.0533214 4.29783
0.0397341 0.331979 -0.942449 -17.0835 -0.250999 -0.909635 -0.331003 -50.9561 -0.967171 0.249706 0.047183 4.28217
-0.00115 0.233682 -0.972312 -17.102 -0.208655 -0.950968 -0.228306 -50.9743 -0.977989 0.202615 0.0498525 4.27396
0.0050849 0.117255 -0.993089 -17.1246 -0.158258 -0.980492 -0.116578 -50.9896 -0.987385 0.157757 0.0135709 4.26537
-0.00395135 -0.00225305 -0.99999 -17.1579 -0.0900451 -0.995934 0.00259972 -50.9922 -0.99593 0.0900545 0.00373241 4.24496
0.0108842 -0.0719409 -0.99735 -17.2716 -0.0142643 -0.997318 0.071783 -51.0186 -0.999839 0.0134452 -0.0118812 4.18483
-0.0512573 -0.0474771 -0.997556 -17.4991 -0.0547586 -0.997233 0.0502754 -51.0632 -0.997183 0.0572017 0.0485157 4.10509
-0.0568092 -0.146617 -0.987561 -17.6803 -0.00587854 -0.989092 0.147182 -51.0698 -0.998368 0.0141667 0.0553277 4.01372
-0.0510642 -0.244597 -0.968279 -17.8418 0.0149817 -0.969623 0.244147 -51.0618 -0.998583 -0.00203932 0.0531775 3.9415
-0.0612706 -0.354811 -0.932928 -18.0359 0.0664781 -0.934059 0.350876 -51.021 -0.995905 -0.0405209 0.0808176 3.85186
-0.0725842 -0.376637 -0.923513 -18.2716 0.121208 -0.922423 0.366666 -50.9703 -0.98997 -0.0853228 0.112605 3.73335
-0.053412 -0.481063 -0.875058 -18.4369 0.16793 -0.868155 0.467018 -50.9183 -0.984351 -0.122004 0.127155 3.64132
-0.0294999 -0.574058 -0.818283 -18.5555 0.193315 -0.80646 0.558795 -50.8823 -0.980693 -0.141702 0.134765 3.58344
0.00850823 -0.668366 -0.743784 -18.6248 0.213237 -0.725489 0.654366 -50.8028 -0.976963 -0.16417 0.136348 3.53254
0.0495153 -0.744403 -0.665893 -18.6869 0.261523 -0.633786 0.727957 -50.6611 -0.963926 -0.210191 0.163296 3.4787
0.0908524 -0.806277 -0.58452 -18.7172 0.316462 -0.533149 0.784605 -50.5329 -0.944245 -0.256261 0.206718 3.46749
0.14975 -0.866363 -0.476434 -18.7281 0.343537 -0.406254 0.846723 -50.4296 -0.927123 -0.29047 0.236791 3.45353
0.211062 -0.913613 -0.347511 -18.7326 0.34354 -0.263506 0.901413 -50.3488 -0.915114 -0.309638 0.258246 3.43373
0.252186 -0.937077 -0.24143 -18.7409 0.353027 -0.143206 0.924589 -50.2792 -0.900985 -0.318399 0.294699 3.42112
0.277033 -0.955628 -0.100135 -18.7491 0.347418 0.00245795 0.937707 -50.204 -0.895854 -0.294565 0.332683 3.41266
0.339457 -0.940498 -0.0152542 -18.7395 0.320143 0.100271 0.942048 -50.1393 -0.884464 -0.324669 0.335131 3.3984
0.395075 -0.918594 0.01002 -18.7202 0.266989 0.125251 0.955526 -49.9086 -0.878995 -0.374829 0.294738 3.35245
0.427746 -0.902377 0.0524207 -18.7302 0.209839 0.155544 0.965284 -49.7232 -0.879204 -0.401897 0.255888 3.31288
0.419051 -0.89803 0.133938 -18.7295 0.195519 0.233304 0.952545 -49.5724 -0.886662 -0.372977 0.273348 3.30153
0.428955 -0.897649 0.101109 -18.6711 0.165939 0.188328 0.967986 -49.3364 -0.887953 -0.398445 0.22974 3.28438
0.40546 -0.913002 0.0450445 -18.6584 0.214839 0.143074 0.966113 -49.2052 -0.888508 -0.382042 0.254159 3.26953
0.413601 -0.907483 0.0735488 -18.615 0.256971 0.193853 0.946777 -49.0699 -0.873441 -0.372688 0.313375 3.16656
0.384859 -0.919955 0.0746012 -18.5654 0.218597 0.169379 0.961003 -48.9116 -0.896715 -0.353543 0.266287 3.07768
0.441433 -0.89729 -0.00280129 -18.5048 0.258036 0.123953 0.958151 -48.7723 -0.859392 -0.423682 0.28625 2.99759
0.441264 -0.896377 0.042361 -18.4387 0.173361 0.131467 0.976044 -48.6432 -0.880473 -0.423349 0.213409 2.91546
0.414532 -0.909085 0.0415768 -18.3984 0.256681 0.160631 0.953054 -48.4932 -0.873086 -0.384399 0.299931 2.85491
0.379692 -0.923924 0.0468935 -18.3682 0.307421 0.173821 0.935563 -48.3769 -0.87254 -0.34081 0.350032 2.82254
0.360295 -0.932835 0.00241338 -18.3136 0.395812 0.155219 0.905119 -48.2805 -0.844701 -0.325155 0.425152 2.76755
0.372368 -0.928085 0.000717337 -18.2395 0.383901 0.154733 0.910318 -48.145 -0.844963 -0.338697 0.41391 2.71264
0.358893 -0.93101 0.0664456 -18.1916 0.377222 0.209793 0.902048 -47.977 -0.853756 -0.298674 0.426491 2.63506
0.346546 -0.936463 0.0542546 -18.178 0.358859 0.185794 0.914713 -47.8854 -0.866675 -0.297521 0.400444 2.5954
0.36243 -0.931995 -0.00544408 -18.0913 0.346757 0.129419 0.928984 -47.7112 -0.865104 -0.338579 0.370081 2.47254
0.37801 -0.92529 -0.0307702 -18.032 0.331608 0.104291 0.937635 -47.5928 -0.864376 -0.364639 0.346256 2.41209
0.397212 -0.91675 0.04232 -17.9781 0.289749 0.169031 0.942058 -47.4486 -0.870786 -0.361935 0.332769 2.33292
0.399845 -0.916346 0.0208352 -17.9519 0.26596 0.137744 0.954092 -47.325 -0.877148 -0.375948 0.298788 2.28205
0.402364 -0.915263 0.0199119 -17.8488 0.256893 0.133757 0.957139 -47.1253 -0.878698 -0.380003 0.288943 2.1707
0.437564 -0.892758 0.107333 -17.7817 0.162211 0.19578 0.967139 -47.021 -0.884435 -0.405774 0.230482 2.11203
0.42062 -0.881758 0.213496 -17.7175 0.136772 0.294267 0.945886 -46.8822 -0.896868 -0.368659 0.244374 2.0497
0.39781 -0.892573 0.212274 -17.6276 0.140585 0.287941 0.947273 -46.7148 -0.906633 -0.346992 0.240028 1.9886
0.422314 -0.889885 0.172499 -17.5444 0.210379 0.28133 0.936266 -46.5934 -0.881698 -0.359108 0.306023 1.96758
0.415223 -0.867182 0.27493 -17.4151 0.219193 0.388678 0.894921 -46.4309 -0.882918 -0.311329 0.351468 1.94319
0.412076 -0.847815 0.333771 -17.336 0.243793 0.455556 0.856174 -46.3431 -0.877929 -0.271437 0.394415 1.93483
0.466803 -0.811141 0.352342 -17.1479 0.227626 0.495194 0.838433 -46.1583 -0.854565 -0.311181 0.415795 1.93081
0.502772 -0.791022 0.348575 -16.9699 0.244778 0.517024 0.820225 -45.9867 -0.829038 -0.327062 0.45357 1.93881
0.563453 -0.749484 0.347555 -16.7937 0.283053 0.570366 0.77108 -45.7599 -0.776145 -0.336091 0.533518 1.95494
0.562112 -0.74805 0.352776 -16.5948 0.355113 0.603518 0.713905 -45.4455 -0.746944 -0.276019 0.604887 2.04747
0.568431 -0.748906 0.340626 -16.5211 0.410007 0.616803 0.671899 -45.348 -0.713288 -0.24227 0.657667 2.09561
0.570681 -0.728201 0.379536 -16.4339 0.358966 0.636911 0.682266 -45.2184 -0.738558 -0.253116 0.624872 2.13987
0.596311 -0.675996 0.432946 -16.3656 0.381158 0.713082 0.588415 -45.1131 -0.706492 -0.185858 0.68288 2.16966
0.622115 -0.602843 0.499553 -16.2587 0.326789 0.779761 0.534024 -44.9257 -0.711464 -0.168976 0.682104 2.21905
0.62027 -0.617064 0.484249 -16.105 0.339419 0.767714 0.543516 -44.6899 -0.707149 -0.172763 0.685633 2.29004
0.611424 -0.669925 0.421142 -15.9789 0.34662 0.705182 0.618525 -44.5152 -0.711347 -0.232205 0.663375 2.37621
0.623826 -0.65951 0.419389 -15.74 0.366629 0.720834 0.588201 -44.193 -0.690235 -0.213175 0.691471 2.50229
0.644359 -0.61507 0.454413 -15.5807 0.34812 0.765003 0.541833 -44.0171 -0.680892 -0.190945 0.707054 2.61327
0.672868 -0.587142 0.450015 -15.3215 0.321159 0.779856 0.53729 -43.7779 -0.666413 -0.216998 0.713306 2.76736
0.650672 -0.594136 0.472893 -15.0962 0.289501 0.769809 0.568843 -43.4621 -0.702008 -0.233228 0.672897 2.90106
0.601162 -0.659224 0.451694 -15.0227 0.339886 0.722485 0.602074 -43.2996 -0.723243 -0.20842 0.658392 2.94834
0.561817 -0.726681 0.395343 -15.0133 0.363356 0.646092 0.671222 -43.1162 -0.743192 -0.233454 0.627029 2.9569
0.520806 -0.808172 0.274989 -15.0307 0.381565 0.508531 0.771883 -42.9456 -0.763655 -0.297075 0.573216 2.93014
0.46777 -0.867687 0.168259 -15.0679 0.417089 0.384544 0.823506 -42.8301 -0.779248 -0.315032 0.541781 2.90786
0.406911 -0.912172 0.0486274 -15.1304 0.39229 0.222576 0.892507 -42.712 -0.824943 -0.344095 0.448405 2.88155
0.355904 -0.927798 -0.111911 -15.2183 0.41963 0.051662 0.906224 -42.6141 -0.835011 -0.36949 0.407718 2.84261
0.296208 -0.923171 -0.24498 -15.3116 0.393842 -0.115615 0.911878 -42.5306 -0.870143 -0.366589 0.329337 2.79417
0.246268 -0.907206 -0.34107 -15.4063 0.366966 -0.238429 0.899159 -42.4635 -0.897044 -0.346596 0.274196 2.73894
0.200629 -0.892891 -0.403104 -15.5386 0.326364 -0.32705 0.886862 -42.3755 -0.923707 -0.309489 0.225792 2.66197
0.167392 -0.858277 -0.485119 -15.6786 0.288727 -0.427811 0.856513 -42.3133 -0.942665 -0.28344 0.176195 2.59646
0.124756 -0.795543 -0.592914 -15.8775 0.241205 -0.555338 0.795877 -42.2533 -0.962422 -0.242304 0.122608 2.49882
0.0854612 -0.728102 -0.68012 -16.0417 0.223546 -0.651202 0.725233 -42.2081 -0.97094 -0.214017 0.107112 2.42015
0.05655 -0.634523 -0.770832 -16.2021 0.182926 -0.752414 0.632781 -42.1954 -0.981499 -0.176789 0.0735218 2.35404
0.0399691 -0.557295 -0.829352 -16.3231 0.128226 -0.820292 0.557386 -42.2142 -0.990939 -0.128622 0.0386731 2.30563
0.0200801 -0.422989 -0.905912 -16.4783 0.0625042 -0.903791 0.423385 -42.2662 -0.997843 -0.0651249 0.00829037 2.2251
-0.000896403 -0.32157 -0.946885 -16.5985 -0.00263067 -0.946882 0.321571 -42.3328 -0.999996 0.0027792 2.8428e-06 2.14329
0.0371503 -0.218456 -0.975139 -16.7207 -0.0601016 -0.974535 0.21603 -42.4149 -0.997501 0.0505818 -0.0493338 2.07581
0.0563466 -0.0677903 -0.996107 -16.8719 -0.113909 -0.991614 0.061041 -42.5334 -0.991892 0.110026 -0.063596 2.00309
0.0677462 0.102323 -0.992442 -16.9818 -0.175842 -0.977931 -0.11283 -42.6559 -0.982085 0.182156 -0.0482584 1.9392
0.113596 0.225039 -0.967705 -17.0535 -0.22147 -0.943767 -0.245469 -42.76 -0.968528 0.242202 -0.0573685 1.90751
0.100932 0.366707 -0.924845 -17.0963 -0.256505 -0.888573 -0.380319 -42.8644 -0.961258 0.275614 0.00437639 1.89231
0.164322 0.479612 -0.861958 -17.0949 -0.306317 -0.805823 -0.506773 -42.9626 -0.93764 0.347306 0.014499 1.89303
0.194356 0.581011 -0.790349 -17.0859 -0.326945 -0.721274 -0.610631 -43.064 -0.924842 0.37708 0.0497744 1.89341
0.244266 0.639771 -0.728716 -17.0753 -0.361565 -0.6372 -0.680622 -43.1576 -0.899781 0.42973 0.0756725 1.89351
0.298086 0.729961 -0.615062 -17.0446 -0.371478 -0.504845 -0.779189 -43.3028 -0.879289 0.460748 0.120677 1.90484
0.359796 0.782388 -0.508346 -16.9983 -0.381783 -0.37368 -0.845343 -43.4367 -0.851345 0.498229 0.164254 1.93008
0.401842 0.820702 -0.406166 -16.9603 -0.380903 -0.253549 -0.889172 -43.5527 -0.832728 0.512016 0.210721 1.94806
0.446572 0.854202 -0.266294 -16.9125 -0.355284 -0.103862 -0.92897 -43.7088 -0.821186 0.509462 0.257102 1.95806
0.497701 0.855504 -0.142851 -16.8577 -0.325349 0.0314703 -0.94507 -43.822 -0.804016 0.516839 0.294001 1.97663
0.517537 0.855113 -0.0306151 -16.8101 -0.317168 0.158482 -0.935034 -43.9243 -0.794708 0.493624 0.353235 1.9974
0.569852 0.81898 0.0673795 -16.71 -0.288607 0.276237 -0.916733 -44.0904 -0.769399 0.502956 0.393777 2.04906
0.608407 0.781728 0.136903 -16.5779 -0.26575 0.363219 -0.893 -44.2341 -0.747809 0.506926 0.428729 2.1272
0.653818 0.743614 0.139856 -16.4386 -0.294254 0.420168 -0.858413 -44.4664 -0.697091 0.520093 0.493525 2.22056
0.665181 0.733298 0.140741 -16.3479 -0.322147 0.451884 -0.831879 -44.6601 -0.673614 0.508011 0.536814 2.29277
0.694527 0.71374 0.0905938 -16.1682 -0.334331 0.43167 -0.837785 -44.9891 -0.637068 0.551576 0.538432 2.39582
0.703925 0.700535 0.117217 -16.0573 -0.315118 0.455919 -0.832369 -45.1708 -0.636545 0.548989 0.541684 2.4567
0.700125 0.703381 0.122802 -15.9104 -0.321388 0.464017 -0.825468 -45.4852 -0.637601 0.538464 0.550928 2.51834
0.637959 0.76684 0.0704622 -15.8046 -0.352512 0.372162 -0.858621 -45.6908 -0.684648 0.522927 0.507744 2.546
0.600662 0.799157 -0.0235431 -15.731 -0.335068 0.224889 -0.914961 -45.8557 -0.725903 0.557471 0.402854 2.55444
0.55801 0.825366 -0.085999 -15.702 -0.335344 0.129488 -0.933155 -45.9662 -0.759058 0.549549 0.349037 2.56461
0.529328 0.834387 -0.153657 -15.6737 -0.32379 0.0312698 -0.945612 -46.0772 -0.784201 0.550292 0.286718 2.55581
0.508836 0.830674 -0.225981 -15.6326 -0.293117 -0.079641 -0.952754 -46.2786 -0.809425 0.551034 0.20296 2.54339
0.482004 0.835986 -0.262295 -15.5566 -0.305217 -0.120407 -0.94464 -46.5039 -0.821288 0.535378 0.19712 2.56092
0.475736 0.816439 -0.327265 -15.5259 -0.290914 -0.205079 -0.934511 -46.6383 -0.830087 0.539787 0.13995 2.56441
0.463919 0.821681 -0.33109 -15.5262 -0.290674 -0.21186 -0.933072 -46.9082 -0.836832 0.529109 0.140556 2.53167
0.438732 0.838971 -0.321934 -15.5108 -0.344032 -0.174142 -0.922668 -47.0901 -0.830154 0.51556 0.212231 2.51029
0.422705 0.844725 -0.328269 -15.4368 -0.330206 -0.193764 -0.923807 -47.2477 -0.843969 0.498895 0.197028 2.40485
0.454439 0.826206 -0.332969 -15.3975 -0.302342 -0.208544 -0.930107 -47.3603 -0.837899 0.523348 0.155026 2.32981
0.43024 0.847537 -0.310765 -15.3877 -0.336462 -0.168891 -0.926428 -47.5375 -0.837667 0.503147 0.2125 2.24181
0.422895 0.850272 -0.313366 -15.3715 -0.355931 -0.16216 -0.920335 -47.6577 -0.83335 0.500742 0.234062 2.18712
0.404573 0.843213 -0.353996 -15.3164 -0.356891 -0.210818 -0.910047 -47.8308 -0.841991 0.494518 0.215643 2.09064
0.444912 0.828346 -0.340435 -15.2797 -0.33713 -0.197259 -0.920561 -47.9754 -0.829697 0.524339 0.191498 2.01325
0.445004 0.855412 -0.265032 -15.2363 -0.28906 -0.142904 -0.946585 -48.1629 -0.847594 0.497844 0.183673 1.90963
0.458339 0.817679 -0.348319 -15.2047 -0.351257 -0.193352 -0.916097 -48.3323 -0.816421 0.542233 0.198595 1.83402
0.468175 0.811279 -0.350199 -15.1659 -0.373204 -0.177691 -0.910574 -48.5973 -0.800956 0.557003 0.219582 1.71895
0.454508 0.831526 -0.319353 -15.1368 -0.365358 -0.152944 -0.918216 -48.7661 -0.812364 0.534015 0.234291 1.60814
0.463689 0.786644 -0.407657 -15.1122 -0.423605 -0.20728 -0.881813 -48.9188 -0.778172 0.581572 0.237112 1.52157
0.439891 0.797437 -0.413026 -15.0719 -0.444635 -0.206192 -0.871656 -49.0611 -0.780253 0.56708 0.263866 1.44879
0.447246 0.815688 -0.366913 -15.0349 -0.469363 -0.135159 -0.8726 -49.1862 -0.76136 0.562482 0.322404 1.36477
0.439461 0.798357 -0.411704 -15.011 -0.469508 -0.18659 -0.862987 -49.3464 -0.765791 0.572548 0.292836 1.25472
0.438958 0.754839 -0.487374 -14.983 -0.476273 -0.264478 -0.83858 -49.4764 -0.761892 0.600225 0.243415 1.17925
0.44549 0.786709 -0.427349 -14.9293 -0.433049 -0.228428 -0.871946 -49.6375 -0.783586 0.573507 0.238921 1.09795
0.459539 0.798408 -0.389061 -14.8867 -0.398103 -0.206417 -0.893816 -49.8327 -0.793938 0.56563 0.222992 0.995205
0.443661 0.788634 -0.425701 -14.8524 -0.40511 -0.247229 -0.880207 -50.0084 -0.799407 0.562969 0.209797 0.919217
0.445891 0.77739 -0.443672 -14.8386 -0.419806 -0.256147 -0.870719 -50.1609 -0.790534 0.574502 0.21214 0.862029
0.442991 0.759856 -0.475792 -14.8628 -0.409894 -0.300329 -0.861272 -50.3691 -0.797337 0.57656 0.178417 0.75921
0.414659 0.732351 -0.540111 -14.91 -0.383756 -0.397445 -0.833528 -50.5204 -0.825099 0.552901 0.11624 0.686269
0.368776 0.690249 -0.622544 -14.9406 -0.393341 -0.490943 -0.77734 -50.6239 -0.842192 0.531536 0.0904556 0.638132
0.379177 0.627646 -0.679916 -14.9865 -0.349581 -0.583165 -0.733288 -50.7189 -0.856749 0.515732 -0.00170932 0.60158
0.383304 0.57455 -0.723167 -15.0939 -0.367369 -0.623531 -0.690108 -50.8586 -0.847419 0.53019 -0.0279298 0.568507
0.313897 0.515957 -0.79703 -15.2298 -0.350372 -0.717262 -0.602308 -50.9767 -0.882444 0.46832 -0.0443698 0.530919
0.242657 0.426762 -0.871201 -15.3666 -0.305697 -0.818652 -0.486167 -51.0604 -0.920688 0.384295 -0.0681919 0.489223
0.164681 0.356485 -0.919673 -15.4472 -0.296236 -0.871481 -0.390851 -51.0989 -0.94081 0.336806 -0.0379126 0.46466
0.0995873 0.264047 -0.959355 -15.5261 -0.272502 -0.92005 -0.281517 -51.1228 -0.956988 0.289461 -0.0196719 0.452814
0.0363587 0.187873 -0.98152 -15.6262 -0.212504 -0.958254 -0.191291 -51.139 -0.976484 0.215532 0.00508276 0.455351
0.00449405 0.0685505 -0.997638 -15.6967 -0.177329 -0.981782 -0.0682598 -51.1322 -0.984141 0.177217 0.0077438 0.43486
-0.0488486 -0.0426656 -0.997895 -15.7655 -0.130971 -0.990187 0.0487473 -51.119 -0.990182 0.133077 0.0427813 0.410866
-0.0817692 -0.171664 -0.981756 -15.869 -0.0663513 -0.981932 0.177221 -51.086 -0.99444 0.079632 0.0689016 0.354717
-0.060288 -0.284167 -0.956877 -15.9933 -0.0332685 -0.957517 0.286453 -51.0577 -0.997626 0.0491036 0.0482729 0.290303
-0.0733657 -0.399283 -0.913888 -16.1555 0.0123804 -0.916651 0.399496 -51.0191 -0.997228 0.0179951 0.0721941 0.208288
-0.081591 -0.495796 -0.864598 -16.2892 0.047449 -0.868439 0.493521 -50.9876 -0.995536 -0.00075741 0.0943818 0.150471
-0.0235126 -0.578085 -0.815638 -16.3676 0.0927935 -0.813604 0.573968 -50.9492 -0.995408 -0.0621905 0.0727724 0.0959109
0.00229028 -0.688057 -0.725653 -16.4711 0.134607 -0.718839 0.68202 -50.8665 -0.990896 -0.0992403 0.0909712 0.00987408
0.0442737 -0.774816 -0.630634 -16.5641 0.178513 -0.614958 0.768088 -50.7669 -0.982941 -0.146582 0.111088 -0.0682587
0.100542 -0.837166 -0.537628 -16.6132 0.166261 -0.518631 0.838677 -50.698 -0.980943 -0.173709 0.0870437 -0.11795
0.139632 -0.895873 -0.421799 -16.656 0.190664 -0.393676 0.899259 -50.6205 -0.971674 -0.205987 0.115841 -0.15276
0.177097 -0.938423 -0.296646 -16.6883 0.220639 -0.255883 0.941192 -50.5388 -0.959143 -0.232134 0.161736 -0.200174
0.242902 -0.954943 -0.170537 -16.7179 0.211479 -0.119443 0.970057 -50.4702 -0.946718 -0.271694 0.172937 -0.226496
0.295981 -0.953072 -0.0636276 -16.7418 0.209252 -0.000298499 0.977862 -50.3806 -0.931992 -0.302742 0.199344 -0.263181
0.350722 -0.936408 0.0116114 -16.7909 0.215448 0.0927479 0.972101 -50.1287 -0.91136 -0.338435 0.234276 -0.311201
0.375813 -0.922059 0.0925819 -16.829 0.199778 0.178169 0.963506 -49.8669 -0.904905 -0.343603 0.251166 -0.371189
0.359753 -0.92031 0.153649 -16.8515 0.194794 0.235126 0.952245 -49.6984 -0.912487 -0.312643 0.263858 -0.375311
0.401058 -0.903994 0.148148 -16.8052 0.169786 0.232278 0.957716 -49.4256 -0.900181 -0.358946 0.246643 -0.405057
0.384057 -0.914657 0.126107 -16.7814 0.194116 0.213516 0.95746 -49.2924 -0.902674 -0.34324 0.259552 -0.414982
0.383589 -0.905988 0.179013 -16.688 0.220381 0.278043 0.934946 -49.0265 -0.896823 -0.319184 0.306317 -0.54682
0.410969 -0.900685 0.140962 -16.5797 0.171395 0.228201 0.958409 -48.7989 -0.895393 -0.369716 0.248156 -0.661413
0.39499 -0.909162 0.13194 -16.4967 0.209353 0.228918 0.950667 -48.5685 -0.894514 -0.347881 0.280756 -0.767564
0.395369 -0.912883 0.101625 -16.4168 0.214107 0.199186 0.956286 -48.3274 -0.89322 -0.356327 0.274207 -0.88172
0.405371 -0.906164 0.120587 -16.323 0.221091 0.225179 0.948901 -48.1124 -0.887014 -0.357996 0.291625 -1.00207
0.388679 -0.907181 0.161095 -16.2508 0.187526 0.249072 0.950156 -47.9264 -0.902088 -0.339096 0.266929 -1.10775
0.40244 -0.910255 0.097353 -16.1433 0.259991 0.215612 0.941231 -47.6359 -0.877751 -0.353478 0.323429 -1.22049
0.358338 -0.921548 0.149476 -16.0846 0.255885 0.250926 0.933573 -47.5035 -0.89784 -0.296286 0.325726 -1.29774
0.387976 -0.910983 0.139948 -16.0314 0.197234 0.230387 0.952901 -47.3738 -0.900319 -0.3421 0.269061 -1.3692
0.380714 -0.92156 0.0760497 -15.9379 0.233644 0.175445 0.956363 -47.1513 -0.894688 -0.346332 0.282111 -1.44877
0.376476 -0.917317 0.129593 -15.8598 0.252379 0.236146 0.938371 -46.9991 -0.891387 -0.320568 0.320415 -1.50353
0.392823 -0.910334 0.130317 -15.7138 0.245065 0.240209 0.939278 -46.6914 -0.88636 -0.337034 0.31745 -1.64385
0.405704 -0.881649 0.241038 -15.5484 0.234968 0.355458 0.904676 -46.3826 -0.883286 -0.310395 0.35137 -1.75074
0.389855 -0.872233 0.295336 -15.4129 0.191329 0.390434 0.90053 -46.1738 -0.900781 -0.29457 0.319096 -1.82706
0.426984 -0.851133 0.305382 -15.2348 0.246596 0.434514 0.866249 -45.8646 -0.869986 -0.294569 0.395417 -1.85939
0.434153 -0.827389 0.356285 -15.1026 0.252552 0.491434 0.833493 -45.5598 -0.864713 -0.271883 0.422316 -1.77805
0.460117 -0.823169 0.332693 -14.9565 0.36636 0.517353 0.773386 -45.3142 -0.808747 -0.233963 0.539619 -1.67632
0.524167 -0.783118 0.334627 -14.845 0.402455 0.574073 0.713071 -45.1316 -0.750519 -0.239096 0.61608 -1.57165
0.552142 -0.749102 0.366039 -14.7179 0.445875 0.636271 0.629567 -44.9494 -0.70451 -0.184403 0.685318 -1.47197
0.59632 -0.7034 0.386821 -14.5985 0.419441 0.683881 0.596972 -44.7803 -0.68445 -0.193738 0.702847 -1.39051
0.643962 -0.649362 0.404527 -14.4497 0.43464 0.745657 0.505058 -44.639 -0.629604 -0.149414 0.762413 -1.32009
0.656482 -0.625135 0.422182 -14.1726 0.41662 0.767037 0.487937 -44.3326 -0.628856 -0.144432 0.763989 -1.16974
0.716082 -0.536397 0.446658 -13.9592 0.339645 0.826794 0.448389 -44.1364 -0.609809 -0.169379 0.774237 -1.09424
0.739264 -0.452738 0.498514 -13.831 0.282017 0.880375 0.381322 -44.0275 -0.611518 -0.141308 0.77851 -1.04447
0.741899 -0.361444 0.564751 -13.7323 0.233596 0.92883 0.287588 -43.9337 -0.628505 -0.0814374 0.773531 -0.991083
0.737812 -0.412166 0.534559 -13.5639 0.266525 0.905469 0.330288 -43.6932 -0.62016 -0.101217 0.777918 -0.911505
0.718774 -0.502769 0.480195 -13.539 0.319279 0.85225 0.414404 -43.5589 -0.617596 -0.144546 0.773099 -0.899251
0.653348 -0.618669 0.436331 -13.5458 0.364479 0.762209 0.534969 -43.4072 -0.663544 -0.190488 0.72348 -0.89143
0.611525 -0.726763 0.312815 -13.5784 0.390425 0.621039 0.679617 -43.2594 -0.688191 -0.293472 0.663527 -0.896675
0.51725 -0.830949 0.204879 -13.633 0.455724 0.470051 0.755888 -43.1364 -0.724408 -0.297615 0.621818 -0.915187
0.460925 -0.884521 0.071907 -13.7057 0.493677 0.322899 0.807477 -43.0272 -0.737449 -0.336687 0.5855 -0.949637
0.367132 -0.92994 -0.0206408 -13.7663 0.488224 0.173764 0.855244 -42.938 -0.791739 -0.324065 0.517814 -0.978651
0.326341 -0.937364 -0.121863 -13.8333 0.456466 0.0433832 0.888683 -42.8539 -0.827732 -0.34564 0.442032 -1.01806
0.240293 -0.932814 -0.268548 -13.9473 0.435771 -0.143547 0.888537 -42.7385 -0.867389 -0.330534 0.372 -1.08273
0.202817 -0.896043 -0.394933 -14.0386 0.419046 -0.285098 0.862044 -42.6635 -0.885023 -0.340332 0.317661 -1.14051
0.14108 -0.859283 -0.49166 -14.1376 0.370452 -0.414726 0.831124 -42.6003 -0.918075 -0.299392 0.259814 -1.19791
0.11778 -0.789397 -0.602478 -14.2479 0.29193 -0.552369 0.780811 -42.5591 -0.94916 -0.267845 0.165391 -1.25192
0.0595444 -0.713801 -0.697813 -14.3648 0.238481 -0.668638 0.704308 -42.5463 -0.96932 -0.208352 0.130414 -1.30574
0.0486274 -0.621191 -0.782149 -14.4704 0.194643 -0.762169 0.617424 -42.5467 -0.979668 -0.182264 0.0838482 -1.36305
0.006157 -0.540843 -0.841101 -14.5674 0.136157 -0.83283 0.536521 -42.5524 -0.990668 -0.117825 0.068512 -1.41771
-0.0238135 -0.433065 -0.901048 -14.6974 0.0580167 -0.900383 0.431213 -42.5622 -0.998032 -0.0420071 0.0465663 -1.48867
-0.0337542 -0.378924 -0.924812 -14.9016 -0.022053 -0.924831 0.379737 -42.5752 -0.999187 0.0332126 0.0228605 -1.58778
-0.0255827 -0.294393 -0.955342 -15.0771 -0.0522066 -0.953957 0.295364 -42.5844 -0.998309 0.0574314 0.00903554 -1.69564
0.00960427 -0.232265 -0.972605 -15.2828 -0.112394 -0.966737 0.229754 -42.6232 -0.993617 0.107109 -0.0353901 -1.79709
0.0580865 -0.153944 -0.986371 -15.569 -0.135652 -0.980092 0.144975 -42.7322 -0.989052 0.125382 -0.0778128 -1.96774
0.0648731 -0.10105 -0.992764 -16.0084 -0.143221 -0.985503 0.0909518 -42.8454 -0.987562 0.136284 -0.078405 -2.19721
0.0500996 -0.123805 -0.991041 -16.3424 -0.113927 -0.986519 0.117481 -42.9018 -0.992225 0.107021 -0.0635289 -2.36407
0.073301 -0.182982 -0.98038 -16.5857 -0.0965691 -0.979707 0.175636 -42.9201 -0.992623 0.0818 -0.089484 -2.47996
0.0948216 -0.151077 -0.983964 -16.9691 -0.0766635 -0.98659 0.144092 -42.9526 -0.992538 0.061771 -0.105132 -2.68951
0.0423643 -0.108657 -0.993176 -17.1834 -0.14123 -0.984738 0.10171 -43.0427 -0.98907 0.135957 -0.0570634 -2.78603
0.0567781 -0.0367754 -0.997709 -17.2979 -0.181716 -0.98301 0.0258924 -43.1223 -0.98171 0.17983 -0.0624961 -2.83368
0.0922676 0.104503 -0.990235 -17.3703 -0.239441 -0.962968 -0.123936 -43.224 -0.966517 0.248538 -0.0638285 -2.87922
0.119216 0.264341 -0.957033 -17.4221 -0.23763 -0.928296 -0.286005 -43.2963 -0.964012 0.261516 -0.0478527 -2.91028
0.164544 0.376409 -0.911724 -17.4581 -0.280333 -0.868361 -0.4091 -43.3662 -0.945695 0.322901 -0.0373636 -2.92657
0.196945 0.479503 -0.855155 -17.4528 -0.369969 -0.771402 -0.517746 -43.422 -0.907929 0.418348 0.0254778 -2.91284
0.244203 0.605239 -0.757661 -17.4239 -0.392754 -0.652634 -0.64793 -43.4716 -0.886628 0.455801 0.0783346 -2.89236
0.297976 0.67813 -0.671826 -17.3854 -0.415695 -0.541375 -0.730829 -43.502 -0.859307 0.497044 0.120578 -2.87467
0.364696 0.709407 -0.603108 -17.3432 -0.428517 -0.447177 -0.785115 -43.5222 -0.826662 0.54477 0.140909 -2.8557
0.438815 0.743526 -0.504589 -17.2777 -0.426554 -0.321878 -0.845249 -43.5398 -0.790881 0.586143 0.175909 -2.82324
0.480639 0.787525 -0.385735 -17.1946 -0.413139 -0.184641 -0.891753 -43.5345 -0.7735 0.587973 0.236611 -2.7814
0.537995 0.79421 -0.282474 -17.1315 -0.384594 -0.066925 -0.920657 -43.5232 -0.7501 0.603946 0.269443 -2.74898
0.58881 0.786972 -0.184328 -17.0355 -0.372601 0.0619056 -0.925924 -43.5022 -0.717266 0.613875 0.329678 -2.7034
0.631351 0.771348 -0.0801111 -16.9514 -0.33439 0.177572 -0.925555 -43.489 -0.699699 0.611139 0.370041 -2.66681
0.667075 0.744904 0.0113965 -16.8572 -0.318572 0.299049 -0.89949 -43.4821 -0.673441 0.596396 0.436793 -2.61629
0.689549 0.714212 0.120098 -16.7553 -0.265217 0.403325 -0.875779 -43.4952 -0.67393 0.57204 0.467534 -2.58286
0.701636 0.710001 0.0600444 -16.6921 -0.297306 0.368299 -0.880889 -43.5669 -0.647546 0.600212 0.469499 -2.54846
0.651579 0.757189 -0.0459343 -16.6846 -0.334371 0.232326 -0.913357 -43.646 -0.680912 0.610483 0.404561 -2.54433
0.597833 0.781603 -0.178027 -16.7055 -0.349965 0.054677 -0.935166 -43.7022 -0.721194 0.621376 0.306221 -2.56625
0.570001 0.763035 -0.304756 -16.7339 -0.372792 -0.0903647 -0.923504 -43.7284 -0.732206 0.640009 0.232946 -2.57575
0.499192 0.75642 -0.422653 -16.7751 -0.41033 -0.22325 -0.884188 -43.7359 -0.763175 0.614807 0.198937 -2.58149
0.460114 0.74221 -0.487257 -16.8032 -0.387049 -0.326232 -0.862418 -43.7492 -0.799054 0.585403 0.137167 -2.60247
0.450124 0.754257 -0.478001 -16.848 -0.392624 -0.313607 -0.864579 -43.8159 -0.802019 0.576842 0.154977 -2.62474
0.46644 0.778285 -0.420364 -16.8388 -0.369551 -0.260307 -0.892005 -43.859 -0.803658 0.571412 0.166198 -2.63148
0.50819 0.80196 -0.314012 -16.7762 -0.351264 -0.139898 -0.925766 -43.8589 -0.786357 0.580765 0.210605 -2.60863
0.552889 0.810041 -0.195316 -16.7049 -0.326814 -0.00481136 -0.945076 -43.8392 -0.76649 0.586354 0.262072 -2.57065
0.5921 0.802047 -0.0783457 -16.6158 -0.322302 0.146581 -0.935219 -43.7883 -0.738606 0.578994 0.345292 -2.51224
0.62224 0.782043 0.0350186 -16.5362 -0.323159 0.297354 -0.898415 -43.7256 -0.713011 0.547713 0.43775 -2.45171
0.672886 0.728172 0.130345 -16.4564 -0.314315 0.440939 -0.840702 -43.6581 -0.669649 0.524727 0.525577 -2.39358
0.698047 0.673715 0.242567 -16.3825 -0.280502 0.568963 -0.773046 -43.5977 -0.658824 0.471582 0.586141 -2.35207
0.70583 0.623221 0.336748 -16.2898 -0.26325 0.672101 -0.692084 -43.5438 -0.65765 0.399845 0.638452 -2.31336
0.72578 0.550515 0.412524 -16.1962 -0.202405 0.744007 -0.636778 -43.5133 -0.657477 0.378664 0.651412 -2.28439
0.752748 0.452233 0.478388 -16.1067 -0.147103 0.823869 -0.547358 -43.49 -0.641662 0.341651 0.686691 -2.25213
0.758716 0.328659 0.562435 -16.0007 -0.084029 0.905561 -0.415811 -43.4547 -0.645979 0.268221 0.71468 -2.1991
0.751012 0.232017 0.618182 -15.8987 -0.0310607 0.947608 -0.317923 -43.4107 -0.659558 0.219563 0.718871 -2.15999
0.750567 0.134636 0.646933 -15.8036 -0.00944657 0.981109 -0.193223 -43.3525 -0.660727 0.138916 0.73766 -2.11853
0.753059 0.0497357 0.65607 -15.5976 0.0263793 0.994055 -0.105637 -43.2583 -0.657424 0.0968575 0.74727 -1.99198
0.770694 0.0609442 0.634285 -15.3633 0.0441317 0.98792 -0.148545 -43.2332 -0.635676 0.142475 0.758695 -1.85764
0.778636 0.0971447 0.61991 -15.1146 0.0216688 0.983191 -0.181291 -43.2815 -0.627102 0.154592 0.763443 -1.72957
0.766946 0.187948 0.613572 -14.9643 0.00379132 0.954804 -0.297212 -43.3609 -0.641701 0.230272 0.73157 -1.64285
0.773319 0.278537 0.569556 -14.8566 -0.00662368 0.90183 -0.43204 -43.4458 -0.633982 0.330332 0.699248 -1.58042
0.780781 0.379192 0.496583 -14.8066 -0.0711458 0.843569 -0.532288 -43.5134 -0.620741 0.380271 0.68562 -1.54557
0.765185 0.501324 0.403938 -14.7515 -0.138702 0.741051 -0.656967 -43.6259 -0.628692 0.446674 0.636575 -1.50237
0.748104 0.594407 0.294993 -14.7185 -0.18348 0.612503 -0.768879 -43.7428 -0.637711 0.521076 0.567278 -1.48905
0.729026 0.652611 0.206446 -14.6695 -0.232762 0.519998 -0.821842 -43.8608 -0.643694 0.551092 0.530995 -1.47393
0.69129 0.706286 0.152572 -14.5527 -0.280203 0.456653 -0.844366 -44.0653 -0.666036 0.540951 0.513583 -1.40317
0.666921 0.738743 0.0973393 -14.3483 -0.282562 0.371615 -0.884342 -44.3948 -0.689475 0.562282 0.456578 -1.30362
0.646423 0.759667 0.0710226 -14.3057 -0.270129 0.314926 -0.909864 -44.5558 -0.71356 0.568971 0.408783 -1.27145
0.617073 0.78629 0.0311433 -14.2024 -0.258538 0.23996 -0.935723 -44.8328 -0.743222 0.569357 0.351358 -1.25951
0.593199 0.804315 0.0345258 -14.0961 -0.23891 0.216831 -0.946523 -45.1123 -0.768789 0.553228 0.320783 -1.20869
0.599316 0.79723 -0.0724224 -14.0113 -0.266734 0.113575 -0.957055 -45.3504 -0.754767 0.592896 0.280715 -1.17407
0.596615 0.794436 -0.113674 -13.9628 -0.237681 0.0396249 -0.970535 -45.5548 -0.766524 0.606054 0.212463 -1.13792
0.596736 0.787717 -0.152997 -13.9233 -0.256604 0.00666979 -0.966494 -45.8056 -0.760303 0.616001 0.206111 -1.15667
0.508254 0.841605 -0.1827 -13.9016 -0.25702 -0.0542446 -0.964883 -46.0609 -0.82196 0.537363 0.188739 -1.13599
0.491992 0.850705 -0.185055 -13.8498 -0.202152 -0.095122 -0.974724 -46.2349 -0.846805 0.516966 0.125172 -1.17042
0.531812 0.799039 -0.280558 -13.8263 -0.253672 -0.165774 -0.952979 -46.4235 -0.807977 0.577975 0.114534 -1.13815
0.474423 0.834465 -0.280339 -13.8215 -0.239473 -0.184108 -0.953287 -46.6286 -0.847098 0.519395 0.112487 -1.1204
0.435515 0.86173 -0.260283 -13.8116 -0.187544 -0.19594 -0.962515 -46.6846 -0.880428 0.468004 0.076277 -1.12806
0.474102 0.840957 -0.260803 -13.7476 -0.135261 -0.223128 -0.965359 -46.6616 -0.870018 0.492956 0.00796284 -1.12008
0.483573 0.822495 -0.299432 -13.7201 -0.1566 -0.255273 -0.954103 -46.7435 -0.861181 0.50827 0.00535959 -1.11061
0.477634 0.846047 -0.236793 -13.7344 -0.177295 -0.171158 -0.96916 -46.9635 -0.860484 0.504886 0.0682493 -1.14581
0.472957 0.837769 -0.272865 -13.7438 -0.226496 -0.183681 -0.956536 -47.1282 -0.851476 0.514203 0.102878 -1.1839
0.477815 0.792487 -0.379021 -13.7205 -0.286201 -0.267484 -0.920077 -47.2935 -0.830531 0.548102 0.0990029 -1.28264
0.475689 0.798686 -0.36854 -13.6811 -0.296575 -0.248816 -0.922027 -47.4805 -0.828108 0.547898 0.118511 -1.3979
0.445197 0.825778 -0.346252 -13.6475 -0.301065 -0.226134 -0.926404 -47.7025 -0.843303 0.516677 0.147939 -1.51537
0.43561 0.783038 -0.443954 -13.6297 -0.375633 -0.290076 -0.880202 -47.8672 -0.818012 0.550188 0.167775 -1.60533
0.442804 0.787009 -0.429583 -13.5987 -0.428587 -0.235047 -0.872391 -48.0788 -0.787552 0.570412 0.233222 -1.71955
0.441987 0.825731 -0.350452 -13.5334 -0.324123 -0.217276 -0.920725 -48.2262 -0.836416 0.520538 0.171606 -1.83479
0.460198 0.824102 -0.330263 -13.4509 -0.302342 -0.204288 -0.931051 -48.4342 -0.83475 0.52832 0.155148 -1.93058
0.484893 0.832103 -0.269226 -13.3756 -0.287346 -0.139169 -0.947662 -48.6925 -0.826021 0.536876 0.17162 -2.04887
0.489835 0.806814 -0.330323 -13.3137 -0.309658 -0.193174 -0.931019 -48.9313 -0.814969 0.558332 0.155213 -2.16416
0.507803 0.797108 -0.326733 -13.2675 -0.232479 -0.238403 -0.94293 -49.0967 -0.829512 0.554782 0.0642486 -2.2553
0.480083 0.82872 -0.287652 -13.2415 -0.248991 -0.185693 -0.950538 -49.2748 -0.841144 0.52796 0.117196 -2.35166
0.51618 0.804425 -0.294037 -13.1924 -0.213768 -0.211441 -0.953727 -49.4617 -0.829374 0.555151 0.0628186 -2.49727
0.529956 0.793227 -0.299895 -13.1574 -0.178702 -0.241239 -0.953871 -49.7019 -0.828983 0.559101 0.013905 -2.65003
0.506808 0.77976 -0.367586 -13.1456 -0.211444 -0.300937 -0.929908 -49.8983 -0.835725 0.549009 0.0123583 -2.76032
0.498738 0.746152 -0.441041 -13.14 -0.183981 -0.406113 -0.895111 -50.024 -0.847001 0.527569 -0.0652663 -2.83785
0.534026 0.682877 -0.498493 -13.1389 -0.199425 -0.471229 -0.85917 -50.1816 -0.821612 0.558231 -0.115465 -2.93184
0.442494 0.678787 -0.586044 -13.1665 -0.258839 -0.529018 -0.808172 -50.3537 -0.858604 0.509302 -0.0583905 -3.02573
0.386469 0.6255 -0.677784 -13.1968 -0.326305 -0.594623 -0.734812 -50.4362 -0.862651 0.505146 -0.0256991 -3.07336
0.311129 0.562576 -0.765968 -13.2356 -0.400256 -0.653437 -0.642507 -50.5201 -0.861971 0.506486 0.0218717 -3.11964
0.216641 0.489913 -0.844424 -13.2773 -0.428326 -0.729569 -0.533166 -50.5938 -0.87727 0.477194 0.0517881 -3.15967
0.182493 0.338595 -0.923065 -13.3533 -0.410764 -0.826717 -0.384463 -50.6782 -0.893291 0.449324 -0.0117877 -3.2052
0.111724 0.255772 -0.960259 -13.4403 -0.357168 -0.891402 -0.278988 -50.7662 -0.927334 0.374144 -0.00823764 -3.25939
0.0138184 0.190383 -0.981613 -13.5178 -0.305954 -0.933816 -0.18542 -50.8275 -0.951946 0.30289 0.0453445 -3.2975
-0.0354354 0.0731203 -0.996693 -13.6345 -0.238392 -0.969148 -0.062624 -50.905 -0.970522 0.235385 0.0517735 -3.33981
-0.110967 -0.044052 -0.992847 -13.7307 -0.1966 -0.978301 0.06538 -50.9506 -0.974184 0.202449 0.0998988 -3.37093
-0.170035 -0.197976 -0.965346 -13.8194 -0.125907 -0.967218 0.220537 -50.9731 -0.977362 0.159043 0.139534 -3.41442
-0.163808 -0.317671 -0.933944 -13.877 -0.0194512 -0.945508 0.325016 -50.9761 -0.9863 0.0714066 0.148703 -3.4403
-0.151697 -0.40243 -0.902795 -13.9294 0.0673529 -0.915451 0.396754 -50.9791 -0.98613 -0.000619573 0.165976 -3.46288
-0.126691 -0.481322 -0.86734 -14.0234 0.187121 -0.870284 0.455623 -50.9787 -0.974133 -0.104574 0.200323 -3.51319
-0.160985 -0.583142 -0.79626 -14.1307 0.267745 -0.802332 0.533457 -50.9629 -0.949946 -0.127316 0.285297 -3.56396
-0.0907497 -0.670245 -0.73657 -14.2774 0.359536 -0.711789 0.603399 -50.9286 -0.928708 -0.210066 0.305572 -3.6231
-0.00836668 -0.765683 -0.643164 -14.4046 0.377163 -0.598098 0.707126 -50.8633 -0.926109 -0.236662 0.293791 -3.691
0.0572138 -0.844527 -0.532447 -14.5224 0.355648 -0.481093 0.801289 -50.793 -0.932867 -0.235209 0.272829 -3.74445
0.136651 -0.879033 -0.456757 -14.5863 0.343209 -0.390514 0.854228 -50.723 -0.929265 -0.273494 0.248328 -3.79211
0.171137 -0.922452 -0.346113 -14.6564 0.340482 -0.27428 0.899357 -50.5811 -0.924545 -0.271758 0.267139 -3.86222
0.258363 -0.923076 -0.28492 -14.7389 0.31065 -0.199883 0.92927 -50.4073 -0.914738 -0.328599 0.235111 -3.92514
0.315238 -0.933222 -0.172398 -14.7741 0.307671 -0.0713483 0.948814 -50.2214 -0.897755 -0.352144 0.264633 -3.9917
0.353337 -0.934468 -0.0438515 -14.783 0.25353 0.0505323 0.966007 -50.0801 -0.900486 -0.352444 0.25477 -4.01685
0.366232 -0.928985 0.05349 -14.7771 0.267979 0.160344 0.949988 -49.8816 -0.891101 -0.333581 0.307672 -4.03989
0.406555 -0.906642 0.112751 -14.7877 0.228401 0.220352 0.948303 -49.58 -0.884616 -0.359785 0.296663 -4.07074
0.413207 -0.900214 0.137384 -14.7943 0.284426 0.270901 0.919628 -49.4597 -0.865079 -0.340921 0.367982 -4.07229
0.421342 -0.89794 0.127179 -14.7639 0.326708 0.281106 0.902353 -49.2312 -0.84601 -0.338649 0.411806 -4.14226
0.431443 -0.89768 0.0895952 -14.6915 0.292669 0.233218 0.927337 -49.0178 -0.853347 -0.373872 0.363343 -4.27531
0.422203 -0.894506 0.146981 -14.6609 0.352769 0.311488 0.882343 -48.8663 -0.835044 -0.320677 0.447065 -4.32715
0.390541 -0.907362 0.155476 -14.6319 0.368995 0.309017 0.876556 -48.7119 -0.843398 -0.284961 0.455496 -4.38743
0.420531 -0.903046 0.0875303 -14.5541 0.387796 0.266127 0.882491 -48.4877 -0.820224 -0.337171 0.462112 -4.50224
0.397972 -0.909827 0.117615 -14.4914 0.380854 0.280488 0.881065 -48.2641 -0.834607 -0.305845 0.458138 -4.6158
0.362891 -0.930642 0.0470671 -14.4551 0.402819 0.20222 0.892661 -48.0998 -0.840266 -0.304979 0.448264 -4.68969
0.394901 -0.918445 0.0226271 -14.3863 0.424292 0.204166 0.882209 -47.9185 -0.81488 -0.338785 0.470314 -4.77945
0.355598 -0.930845 0.0841294 -14.3284 0.361536 0.219999 0.906031 -47.7309 -0.861883 -0.291767 0.414765 -4.89499
0.33624 -0.94107 0.0364757 -14.281 0.397601 0.176958 0.900333 -47.5189 -0.853731 -0.288225 0.43367 -4.97606
0.383622 -0.921587 0.059262 -14.1931 0.372159 0.213008 0.903397 -47.3069 -0.845182 -0.324508 0.424691 -5.09768
0.349673 -0.927069 0.135172 -14.1357 0.365137 0.267727 0.891626 -47.1361 -0.862789 -0.262421 0.432124 -5.17995
0.388056 -0.914253 0.116424 -14.0629 0.387386 0.276425 0.879501 -46.8994 -0.836268 -0.296195 0.461437 -5.28445
0.387949 -0.909521 0.149222 -13.989 0.335821 0.29026 0.896088 -46.7476 -0.858324 -0.297524 0.418043 -5.39741
0.338934 -0.912656 0.228434 -13.9222 0.279104 0.329416 0.90199 -46.6316 -0.898457 -0.241958 0.366376 -5.46005
0.390054 -0.896701 0.209248 -13.83 0.306145 0.340613 0.888965 -46.4358 -0.868408 -0.282684 0.407378 -5.49383
0.418622 -0.886628 0.19659 -13.7315 0.320892 0.346916 0.881293 -46.2135 -0.849579 -0.305844 0.429739 -5.53848
0.436544 -0.875864 0.20565 -13.6697 0.424458 0.402046 0.811292 -46.1059 -0.793262 -0.266875 0.547278 -5.55472
0.379507 -0.886996 0.263081 -13.6235 0.478816 0.431611 0.764492 -46.0381 -0.79165 -0.164163 0.588507 -5.55772
0.40005 -0.891564 0.212304 -13.486 0.48931 0.403645 0.773076 -45.8235 -0.774943 -0.205386 0.597729 -5.59414
0.453431 -0.875308 0.168037 -13.3946 0.414976 0.374178 0.829329 -45.6175 -0.788794 -0.306312 0.532895 -5.57361
0.414398 -0.899416 0.139015 -13.3167 0.458332 0.338209 0.821916 -45.3934 -0.786261 -0.276885 0.552384 -5.54007
0.394839 -0.915751 0.0741826 -13.2728 0.4272 0.254476 0.867607 -45.1655 -0.813389 -0.310874 0.491686 -5.4989
0.346974 -0.937867 -0.00365405 -13.2167 0.418064 0.151177 0.89575 -44.9175 -0.839542 -0.31233 0.444543 -5.49118
0.328448 -0.934392 -0.137965 -13.1831 0.383334 -0.00162717 0.923608 -44.7123 -0.863236 -0.356244 0.357649 -5.4837
0.304692 -0.934289 -0.185112 -13.162 0.335932 -0.0764471 0.938779 -44.5847 -0.891242 -0.348224 0.290565 -5.47693
0.250865 -0.92994 -0.268845 -13.126 0.316855 -0.183543 0.930545 -44.3435 -0.914696 -0.318627 0.248612 -5.46115
0.218734 -0.947597 -0.232843 -13.094 0.34283 -0.14878 0.927541 -44.0803 -0.913577 -0.28271 0.292321 -5.43451
0.244478 -0.962057 -0.121146 -13.0032 0.338665 -0.0323504 0.940351 -43.8215 -0.90859 -0.270923 0.317907 -5.36388
0.26225 -0.964959 -0.00885088 -12.9382 0.375183 0.0935057 0.922223 -43.7171 -0.88908 -0.245174 0.386558 -5.33554
0.307866 -0.94799 0.080827 -12.8723 0.418241 0.211151 0.883453 -43.6073 -0.854572 -0.23818 0.461495 -5.30199
0.417115 -0.891456 0.176979 -12.7699 0.394112 0.352881 0.848617 -43.475 -0.818957 -0.284222 0.498525 -5.25386
0.407953 -0.866962 0.286273 -12.7041 0.404891 0.452824 0.794364 -43.4096 -0.818314 -0.208154 0.535756 -5.20765
0.442297 -0.804798 0.395821 -12.5943 0.433777 0.578243 0.690994 -43.3118 -0.784991 -0.133926 0.604858 -5.14287
0.494069 -0.723382 0.482301 -12.5069 0.438242 0.686317 0.580442 -43.2599 -0.750893 -0.0754137 0.656104 -5.09602
0.539233 -0.639573 0.547881 -12.4189 0.412021 0.767747 0.490717 -43.2052 -0.734484 -0.0388722 0.677512 -5.04688
0.598012 -0.532284 0.599213 -12.347 0.358943 0.846323 0.39357 -43.1837 -0.716618 -0.0202761 0.697171 -4.99919
0.600308 -0.401589 0.691633 -12.2372 0.296166 0.914936 0.274187 -43.1653 -0.74291 0.0402415 0.668181 -4.96928
0.632437 -0.303796 0.712552 -12.0539 0.291256 0.945644 0.144665 -43.1097 -0.717769 0.116043 0.686543 -4.9065
0.646351 -0.305182 0.699353 -11.879 0.299264 0.94449 0.135571 -43.0509 -0.701906 0.121664 0.701802 -4.79607
0.650198 -0.210148 0.730124 -11.5605 0.300045 0.953897 0.00735554 -42.9833 -0.698008 0.214288 0.683275 -4.65662
0.706844 -0.103033 0.699826 -11.391 0.234213 0.96762 -0.0941027 -42.9818 -0.66747 0.230425 0.708088 -4.52127
0.70402 0.0140436 0.710041 -11.2271 0.205947 0.952805 -0.223046 -43.0121 -0.679662 0.30326 0.667902 -4.46655
0.726048 0.0645272 0.68461 -11.0071 0.150218 0.956658 -0.24948 -43.0315 -0.671035 0.283975 0.684887 -4.34566
0.720644 0.0519283 0.691358 -10.826 0.104302 0.977722 -0.182158 -43.0214 -0.685415 0.203381 0.699173 -4.23859
0.724999 0.0379586 0.687704 -10.5838 0.130341 0.972876 -0.191109 -43.0103 -0.676305 0.22819 0.700386 -4.11839
0.712425 -0.0312325 0.701053 -10.4206 0.170697 0.976716 -0.129953 -43.0002 -0.680671 0.21225 0.701168 -4.01596
0.687429 -0.0688567 0.72298 -10.0154 0.165896 0.984063 -0.0640158 -42.9924 -0.70705 0.163945 0.687897 -3.83695
0.699685 -0.0936647 0.708285 -9.77824 0.15298 0.988017 -0.0204659 -42.9726 -0.697881 0.122673 0.70563 -3.70388
0.754373 -0.0587658 0.65381 -9.60288 0.164044 0.981261 -0.101078 -42.9546 -0.635619 0.183504 0.749877 -3.61134
0.771565 -0.0442544 0.634609 -9.45535 0.175826 0.973552 -0.14588 -42.9481 -0.611369 0.224137 0.75894 -3.49095
0.786462 -0.0439202 0.616074 -9.23115 0.176955 0.971677 -0.156624 -42.9567 -0.591746 0.232196 0.771959 -3.37167
0.819732 -0.0463004 0.570873 -9.04401 0.139253 0.98293 -0.120237 -42.9628 -0.555561 0.178057 0.812187 -3.25068
0.81617 -0.0825545 0.571884 -8.78057 0.186623 0.974359 -0.125687 -42.9652 -0.546844 0.209308 0.810649 -3.11029
0.804743 -0.0154516 0.593422 -8.58654 0.149945 0.972536 -0.178018 -42.9742 -0.574374 0.232239 0.784958 -3.03488
0.798801 0.00718703 0.601553 -8.47733 0.127922 0.975032 -0.181517 -42.9972 -0.587838 0.221948 0.777937 -2.96844
0.778795 0.0945631 0.62011 -8.35387 0.1165 0.949568 -0.291116 -43.0538 -0.616365 0.298963 0.728502 -2.92454
0.790749 0.138287 0.596316 -8.08545 0.0992277 0.932308 -0.347786 -43.181 -0.604045 0.334182 0.7235 -2.78546
0.817049 0.192267 0.543566 -7.99133 0.0748816 0.899391 -0.430683 -43.2593 -0.571685 0.392592 0.72045 -2.72397
0.822515 0.283764 0.492896 -7.89897 -0.0109965 0.874414 -0.485056 -43.3528 -0.568637 0.393546 0.722339 -2.67923
0.834867 0.394334 0.384055 -7.81479 -0.0606963 0.759403 -0.647784 -43.4615 -0.547096 0.517502 0.657934 -2.64451
0.80815 0.491151 0.325062 -7.76292 -0.128369 0.685523 -0.716645 -43.5671 -0.574818 0.537428 0.617054 -2.60111
0.792672 0.553899 0.25469 -7.75333 -0.162392 0.594508 -0.787521 -43.6278 -0.587623 0.582886 0.561198 -2.59244
0.757789 0.625114 0.187054 -7.73273 -0.204874 0.500122 -0.841371 -43.7039 -0.619502 0.599259 0.507057 -2.59423
0.748726 0.660534 0.055725 -7.68625 -0.271628 0.382402 -0.883169 -43.8777 -0.604672 0.646115 0.465734 -2.58151
0.73359 0.679575 -0.00476034 -7.67338 -0.308575 0.326844 -0.893283 -43.9908 -0.605497 0.656772 0.44947 -2.55844
0.720395 0.690649 -0.0635218 -7.67892 -0.337719 0.269314 -0.901896 -44.0594 -0.605786 0.671174 0.427258 -2.55093
0.688193 0.715575 -0.119764 -7.69029 -0.372459 0.206787 -0.904717 -44.1492 -0.622627 0.667227 0.408832 -2.55702
0.662169 0.711933 -0.233845 -7.70824 -0.402433 0.0746112 -0.912404 -44.248 -0.632123 0.698273 0.335911 -2.58205
0.610677 0.729846 -0.307244 -7.73137 -0.414701 -0.0357814 -0.909254 -44.3141 -0.674609 0.682675 0.280817 -2.6004
0.513707 0.742988 -0.429039 -7.80253 -0.458227 -0.185175 -0.869332 -44.3871 -0.72535 0.64318 0.245332 -2.61405
0.469591 0.688788 -0.552318 -7.85893 -0.458123 -0.344674 -0.819343 -44.4107 -0.754724 0.637786 0.153693 -2.64206
0.431181 0.635155 -0.640828 -7.91067 -0.451712 -0.462865 -0.762701 -44.4227 -0.78105 0.618332 0.087329 -2.67981
0.387694 0.572812 -0.722205 -7.96635 -0.443092 -0.571223 -0.690922 -44.4323 -0.808308 0.58787 0.0323482 -2.72161
0.314692 0.499616 -0.807064 -8.05485 -0.412612 -0.693724 -0.590338 -44.4452 -0.854822 0.518779 -0.0121614 -2.7779
0.291628 0.423515 -0.857665 -8.13963 -0.413575 -0.752669 -0.512294 -44.4554 -0.862501 0.504108 -0.0443438 -2.81574
0.260722 0.326371 -0.908574 -8.18986 -0.401459 -0.81924 -0.409483 -44.4455 -0.877983 0.471516 -0.0825699 -2.84358
0.217788 0.222904 -0.950201 -8.26102 -0.389971 -0.872604 -0.294083 -44.4271 -0.894702 0.434599 -0.103116 -2.88085
0.208457 0.0836574 -0.974447 -8.31582 -0.370147 -0.915477 -0.157778 -44.4182 -0.905283 0.393579 -0.159871 -2.93267
0.292916 0.0166595 -0.955993 -8.44727 -0.354497 -0.926696 -0.124767 -44.503 -0.887993 0.375443 -0.265538 -3.03884
0.279317 0.0851125 -0.956419 -8.56399 -0.296935 -0.939583 -0.170333 -44.6066 -0.913133 0.331571 -0.237169 -3.08191
0.233448 0.041466 -0.971485 -8.68796 -0.285715 -0.952062 -0.109294 -44.6642 -0.929445 0.303082 -0.21041 -3.16253
0.193071 0.0733077 -0.978442 -8.81694 -0.264126 -0.956512 -0.123783 -44.7186 -0.944966 0.282331 -0.165312 -3.2232
0.121985 0.0390138 -0.991765 -8.87823 -0.169868 -0.983664 -0.0595886 -44.7364 -0.977888 0.175738 -0.113365 -3.24633
0.129067 0.00821455 -0.991602 -8.95509 -0.179145 -0.98332 -0.0314634 -44.7843 -0.97532 0.181701 -0.125442 -3.28668
0.134384 -0.0780686 -0.987849 -9.07167 -0.142327 -0.988076 0.0587248 -44.8746 -0.980655 0.132706 -0.143893 -3.34687
0.122628 -0.124979 -0.984552 -9.12261 -0.0850405 -0.989714 0.115043 -44.9148 -0.988803 0.0696194 -0.131994 -3.36001
0.0857975 -0.205333 -0.974924 -9.17498 -0.0531087 -0.978084 0.201325 -44.8814 -0.994896 0.0345038 -0.0948221 -3.3684
0.0639575 -0.307784 -0.949304 -9.19171 -0.0207373 -0.951456 0.307084 -44.8107 -0.997737 4.56635e-05 -0.0672353 -3.36635
0.0130997 -0.409379 -0.91227 -9.22534 0.00535574 -0.912307 0.409473 -44.7236 -0.9999 -0.0102498 -0.00975839 -3.35883
-0.0218076 -0.466569 -0.884216 -9.2651 0.0232745 -0.884424 0.466104 -44.6232 -0.999491 -0.0104151 0.0301463 -3.36341
-0.0537 -0.428724 -0.901838 -9.35048 0.0521467 -0.903113 0.426225 -44.471 -0.997195 -0.0241396 0.0708537 -3.36383
-0.0796692 -0.512692 -0.854868 -9.38951 0.0466879 -0.858572 0.510563 -44.3308 -0.995727 0.000764131 0.0923383 -3.3648
-0.0708634 -0.633061 -0.770852 -9.39687 0.0637012 -0.774089 0.629863 -44.1924 -0.99545 -0.00446987 0.0951813 -3.40645
-0.10557 -0.720064 -0.685829 -9.46057 0.101444 -0.693884 0.712906 -44.0401 -0.989224 0.00568865 0.1463 -3.44884
-0.0547399 -0.748619 -0.660736 -9.53888 0.174365 -0.658728 0.731898 -43.8905 -0.983158 -0.0751456 0.166592 -3.46855
-0.00489949 -0.806884 -0.590689 -9.57138 0.178284 -0.581938 0.79345 -43.7401 -0.983967 -0.101423 0.146705 -3.52016
0.00374015 -0.769579 -0.638541 -9.70091 0.154481 -0.630435 0.760715 -43.5236 -0.987989 -0.101487 0.116527 -3.59602
-0.00242529 -0.747519 -0.664236 -9.83866 0.150756 -0.656919 0.738735 -43.3767 -0.988568 -0.0983458 0.114286 -3.64557
-0.0200099 -0.696481 -0.717297 -10.0684 0.107445 -0.714783 0.691043 -43.2069 -0.99401 -0.0632424 0.0891363 -3.79076
0.0293029 -0.669205 -0.7425 -10.3071 0.0739784 -0.73933 0.669267 -43.064 -0.996829 -0.0745404 0.0278421 -3.90772
0.0068971 -0.58487 -0.811098 -10.5967 0.0651557 -0.809131 0.584005 -42.9256 -0.997851 -0.0568756 0.0325269 -4.06391
-0.00973264 -0.49398 -0.869419 -10.8106 0.0481686 -0.868682 0.493022 -42.8776 -0.998792 -0.0370803 0.0322489 -4.14613
-0.00803965 -0.423129 -0.906034 -11.1625 -0.0188138 -0.905839 0.423205 -42.8566 -0.999791 0.0204484 -0.000678064 -4.33452
-0.0417719 -0.326648 -0.944223 -11.3619 -0.0928147 -0.939692 0.329186 -42.8998 -0.994807 0.101389 0.00893502 -4.41499
-0.0058588 -0.236706 -0.971564 -11.514 -0.127741 -0.963443 0.235498 -42.9497 -0.99179 0.125488 -0.0245926 -4.51482
0.012876 -0.0734941 -0.997213 -11.6886 -0.189237 -0.979452 0.0697417 -43.0366 -0.981847 0.187811 -0.0265192 -4.61308
0.0321397 0.038704 -0.998734 -11.7979 -0.242912 -0.968987 -0.0453683 -43.1151 -0.969516 0.244063 -0.0217413 -4.65937
0.0894718 0.128228 -0.987701 -11.8918 -0.303527 -0.940996 -0.14966 -43.1946 -0.948613 0.313184 -0.045272 -4.70424
0.126095 0.25002 -0.959995 -11.9947 -0.35083 -0.893943 -0.278899 -43.3268 -0.927911 0.371963 -0.0250072 -4.76643
0.171565 0.381218 -0.908426 -12.1317 -0.350872 -0.83799 -0.417926 -43.4798 -0.920573 0.390442 -0.0100113 -4.8433
0.232604 0.425197 -0.874702 -12.305 -0.380475 -0.787911 -0.484185 -43.6373 -0.895061 0.445425 -0.0214942 -4.93092
0.29695 0.52492 -0.797672 -12.4454 -0.380418 -0.701166 -0.603032 -43.7978 -0.875844 0.482519 -0.00852178 -5.03859
0.317506 0.610401 -0.725673 -12.5659 -0.368815 -0.625523 -0.687529 -43.9297 -0.873593 0.485934 0.0265173 -5.09314
0.353328 0.657466 -0.665506 -12.6834 -0.387493 -0.544639 -0.743786 -44.0925 -0.851474 0.52068 0.0623273 -5.1477
0.41039 0.6857 -0.601162 -12.8335 -0.351148 -0.489571 -0.798132 -44.3441 -0.841591 0.538642 0.0398671 -5.24989
0.438379 0.676355 -0.591919 -13.0025 -0.367561 -0.466077 -0.80478 -44.5986 -0.820197 0.570365 0.0442836 -5.33422
0.465834 0.719106 -0.515641 -13.1874 -0.356917 -0.380526 -0.853118 -44.9151 -0.809697 0.581452 0.0793992 -5.42246
0.447576 0.767804 -0.458425 -13.2785 -0.339452 -0.328393 -0.881436 -45.1357 -0.827314 0.550123 0.113652 -5.4499
0.451185 0.769654 -0.451736 -13.3958 -0.372069 -0.297867 -0.879113 -45.4794 -0.81117 0.56472 0.151971 -5.51349
0.459781 0.758458 -0.461891 -13.6047 -0.379834 -0.302184 -0.874306 -45.9608 -0.8027 0.577432 0.14915 -5.65246
0.465098 0.785075 -0.409074 -13.735 -0.352968 -0.259319 -0.898981 -46.2677 -0.811848 0.562504 0.156497 -5.68194
0.426318 0.822012 -0.377556 -13.8284 -0.389067 -0.210178 -0.896913 -46.5536 -0.816627 0.529265 0.230215 -5.71522
0.440745 0.80246 -0.402247 -14.0255 -0.368398 -0.246933 -0.896274 -46.9477 -0.818551 0.543215 0.18679 -5.64311
0.472431 0.817908 -0.328383 -14.103 -0.365893 -0.156956 -0.917326 -47.1421 -0.80183 0.553527 0.225116 -5.59223
0.492626 0.807704 -0.323934 -14.1874 -0.3683 -0.143751 -0.918527 -47.3895 -0.788464 0.571795 0.226661 -5.51728
0.500219 0.802623 -0.324927 -14.2403 -0.324078 -0.17444 -0.929808 -47.514 -0.802966 0.57041 0.172854 -5.45052
0.511518 0.823129 -0.246593 -14.2941 -0.339724 -0.0698688 -0.937926 -47.7357 -0.789264 0.563539 0.243898 -5.34176
0.474745 0.841942 -0.25642 -14.3455 -0.419725 -0.0395011 -0.906791 -47.8811 -0.773594 0.538121 0.334631 -5.24522
0.405134 0.864421 -0.297729 -14.4207 -0.452267 -0.0935264 -0.886965 -48.0869 -0.794557 0.493993 0.353059 -5.14967
0.426315 0.834124 -0.34999 -14.5059 -0.486386 -0.114846 -0.866164 -48.2408 -0.762683 0.539489 0.356746 -5.06555
0.434111 0.839701 -0.326267 -14.5534 -0.478665 -0.0918162 -0.873184 -48.3781 -0.76317 0.535231 0.362077 -4.9885
0.459199 0.823735 -0.332561 -14.5639 -0.523759 -0.0513187 -0.850319 -48.5132 -0.717504 0.564647 0.407874 -4.9225
0.436672 0.850465 -0.293302 -14.601 -0.509507 -0.0348999 -0.859758 -48.6311 -0.741431 0.524872 0.418078 -4.81902
0.486212 0.769301 -0.414457 -14.6315 -0.521378 -0.125227 -0.844087 -48.689 -0.701258 0.626494 0.340209 -4.79031
0.497837 0.794359 -0.348068 -14.6473 -0.464819 -0.09444 -0.880355 -48.7833 -0.73219 0.600062 0.322218 -4.7648
0.494912 0.794599 -0.351674 -14.671 -0.451284 -0.110813 -0.885474 -48.9562 -0.742567 0.596936 0.303747 -4.68754
0.530445 0.76263 -0.370167 -14.6919 -0.419926 -0.142938 -0.896232 -49.1124 -0.736404 0.630844 0.244427 -4.61164
0.501536 0.79497 -0.341297 -14.7387 -0.415132 -0.124975 -0.901136 -49.2333 -0.75903 0.593636 0.267338 -4.53155
0.521303 0.811169 -0.265044 -14.801 -0.364473 -0.0691958 -0.92864 -49.4335 -0.771624 0.580704 0.259577 -4.44408
0.557688 0.788021 -0.260782 -14.8403 -0.345178 -0.0655496 -0.936245 -49.6351 -0.754875 0.612149 0.235451 -4.36339
0.535643 0.809173 -0.241508 -14.9168 -0.325896 -0.0657531 -0.943116 -49.7992 -0.779024 0.58388 0.228486 -4.30849
0.511327 0.84533 -0.154799 -14.9638 -0.349097 0.0397159 -0.936245 -49.9348 -0.785287 0.532767 0.31541 -4.22852
0.546644 0.833559 -0.0797497 -14.9549 -0.341145 0.134715 -0.930307 -50.0185 -0.764722 0.535753 0.358006 -4.17777
0.617941 0.785765 0.0268606 -14.8938 -0.28971 0.259328 -0.921313 -50.2702 -0.730901 0.561535 0.387894 -4.05821
0.670307 0.735564 0.0981597 -14.8547 -0.267484 0.362872 -0.892623 -50.3914 -0.692201 0.572075 0.439987 -3.93784
0.722235 0.677101 0.141106 -14.763 -0.235184 0.432277 -0.870532 -50.5283 -0.650435 0.595542 0.471449 -3.89578
0.729023 0.631549 0.263953 -14.6701 -0.193676 0.560185 -0.805408 -50.6478 -0.656517 0.53604 0.530704 -3.86545
0.75063 0.565801 0.34121 -14.5447 -0.13519 0.637015 -0.758905 -50.7884 -0.646744 0.523528 0.554653 -3.78539
0.755311 0.522641 0.395414 -14.4288 -0.144319 0.72118 -0.677548 -50.8643 -0.639279 0.454694 0.620142 -3.72345
0.773482 0.485259 0.407737 -14.2768 -0.164605 0.775024 -0.610118 -50.967 -0.61207 0.404799 0.679343 -3.64085
0.794353 0.416946 0.441768 -14.1651 -0.0727009 0.787269 -0.612309 -51.0261 -0.60309 0.454273 0.655682 -3.55395
0.809819 0.29595 0.506563 -13.9897 -0.0160059 0.874265 -0.485185 -51.0486 -0.586461 0.384804 0.712734 -3.4572
0.806295 0.166614 0.567563 -13.8189 0.0298961 0.946805 -0.320416 -51.0387 -0.590757 0.275318 0.758423 -3.38855
0.793734 0.0282682 0.607607 -13.7087 0.0864886 0.983525 -0.15874 -51.0005 -0.602084 0.178548 0.778213 -3.33795
0.782262 -0.0886922 0.616604 -13.6193 0.141282 0.98928 -0.036941 -50.9373 -0.606717 0.116013 0.786406 -3.2913
0.755609 -0.193735 0.625718 -13.5788 0.212143 0.976153 0.0460549 -50.8955 -0.619718 0.0979424 0.778689 -3.27418
0.727625 -0.319448 0.607054 -13.5116 0.238768 0.947555 0.212437 -50.802 -0.643079 -0.00962952 0.765739 -3.24204
0.671714 -0.468346 0.57398 -13.4562 0.304735 0.880897 0.362155 -50.7086 -0.675231 -0.0683532 0.734432 -3.22063
0.641421 -0.571286 0.512067 -13.4017 0.328897 0.807775 0.48921 -50.6092 -0.693113 -0.145372 0.706018 -3.19976
0.579572 -0.669901 0.464035 -13.3611 0.355834 0.720306 0.595434 -50.5117 -0.733129 -0.179978 0.655843 -3.1812
0.541637 -0.743267 0.392662 -13.3368 0.374908 0.631676 0.678549 -50.4303 -0.752379 -0.220315 0.620796 -3.15375
0.479436 -0.803221 0.353521 -13.3122 0.373868 0.551397 0.745777 -50.3577 -0.793954 -0.225382 0.564659 -3.13641
0.421655 -0.865913 0.269075 -13.2639 0.39061 0.441258 0.807908 -50.2516 -0.81831 -0.235554 0.524293 -3.11288
0.392773 -0.908674 0.141564 -13.205 0.410138 0.310859 0.857411 -50.1311 -0.823114 -0.278707 0.494779 -3.08867
0.363568 -0.930594 0.0425859 -13.153 0.398057 0.19652 0.896064 -50.0112 -0.84224 -0.308828 0.441878 -3.05417
0.367619 -0.929816 -0.0172815 -13.1041 0.385423 0.13542 0.912749 -49.8564 -0.846348 -0.342204 0.408156 -3.02502
0.421465 -0.905776 -0.0440184 -13.0745 0.403943 0.144057 0.90337 -49.6563 -0.811909 -0.39852 0.426597 -2.96511
0.40384 -0.912844 -0.0602426 -13.0868 0.424955 0.128868 0.895994 -49.5113 -0.81014 -0.387438 0.43996 -2.87331
0.372651 -0.925629 -0.0658971 -13.0704 0.425213 0.107206 0.898722 -49.2768 -0.824818 -0.36293 0.43354 -2.75943
0.346282 -0.933478 -0.0933135 -13.1028 0.432952 0.0707772 0.898634 -49.0736 -0.832251 -0.351581 0.42866 -2.64015
0.349071 -0.934575 -0.0686983 -13.1691 0.43963 0.0985811 0.892753 -48.893 -0.827572 -0.341836 0.445279 -2.52102
0.341393 -0.936726 -0.0774347 -13.1889 0.403701 0.0717333 0.912074 -48.7276 -0.848809 -0.342636 0.402646 -2.45699
0.35132 -0.931022 -0.0988604 -13.2303 0.427442 0.0655515 0.901663 -48.513 -0.832988 -0.359029 0.420987 -2.34917
0.332312 -0.943093 -0.0119928 -13.2703 0.401487 0.129941 0.9066 -48.2967 -0.85345 -0.306089 0.42182 -2.2276
0.343976 -0.938588 -0.0270933 -13.291 0.380712 0.113032 0.917759 -48.1205 -0.858335 -0.326002 0.396212 -2.13407
0.316209 -0.947165 -0.0537678 -13.3479 0.410414 0.0854777 0.907884 -47.9399 -0.85532 -0.309148 0.415758 -2.03512
0.314927 -0.949062 -0.010142 -13.3832 0.404176 0.124434 0.906178 -47.8298 -0.858756 -0.289479 0.422775 -1.93284
0.319081 -0.947718 -0.00431945 -13.3901 0.391786 0.127755 0.911144 -47.7189 -0.862955 -0.292421 0.412066 -1.87466
0.32433 -0.944055 -0.0597449 -13.424 0.383985 0.0736702 0.920396 -47.5949 -0.864503 -0.321453 0.386396 -1.79301
0.360289 -0.931404 -0.0517522 -13.4814 0.371801 0.0924976 0.923693 -47.3841 -0.855544 -0.352038 0.379623 -1.70218
0.355344 -0.934211 -0.0313095 -13.5112 0.394601 0.119561 0.911041 -47.2715 -0.847361 -0.336087 0.411126 -1.6219
0.337262 -0.938814 -0.0698797 -13.5384 0.38026 0.0679494 0.92238 -47.1096 -0.861195 -0.337656 0.37991 -1.5337
0.324346 -0.942316 -0.0827005 -13.6083 0.362588 0.0430999 0.930952 -46.8473 -0.873687 -0.331937 0.355652 -1.41726
0.313268 -0.948932 -0.0372836 -13.6334 0.358264 0.0817314 0.930036 -46.7497 -0.879494 -0.304708 0.365572 -1.34
0.320053 -0.947036 -0.0262453 -13.6486 0.329416 0.0852675 0.940327 -46.6146 -0.888286 -0.3096 0.339259 -1.2888
0.327345 -0.938392 -0.110754 -13.7052 0.324124 0.00141326 0.946014 -46.4649 -0.887575 -0.345571 0.304618 -1.22278
0.306987 -0.935237 -0.176324 -13.8014 0.262502 -0.0948756 0.960256 -46.288 -0.914796 -0.341072 0.216376 -1.21886
0.316882 -0.917489 -0.240416 -13.9231 0.249291 -0.163999 0.954442 -46.1438 -0.915117 -0.362379 0.176753 -1.19482
0.288876 -0.895476 -0.338635 -14.0286 0.253702 -0.269466 0.928991 -46.0359 -0.923139 -0.354275 0.149342 -1.18128
0.216713 -0.875086 -0.432736 -14.1263 0.275091 -0.370567 0.887133 -45.9213 -0.936675 -0.311295 0.160422 -1.2169
0.181066 -0.795349 -0.578477 -14.242 0.259562 -0.528697 0.80815 -45.8065 -0.9486 -0.296479 0.110713 -1.27923
0.180431 -0.71036 -0.680318 -14.3828 0.194367 -0.65228 0.732633 -45.7163 -0.964192 -0.264421 0.0203794 -1.34866
0.138102 -0.591873 -0.794112 -14.5487 0.146376 -0.780793 0.607402 -45.667 -0.979542 -0.200123 -0.0211931 -1.43058
0.0923247 -0.453646 -0.886387 -14.7154 0.132103 -0.876739 0.462468 -45.6496 -0.986927 -0.159792 -0.0210166 -1.51554
0.0834936 -0.336572 -0.937949 -14.8259 0.0293423 -0.939997 0.339919 -45.6597 -0.996076 -0.0559027 -0.068608 -1.56197
0.0831134 -0.186409 -0.97895 -14.9791 -0.0595278 -0.981524 0.181845 -45.7008 -0.994761 0.043161 -0.0926743 -1.62938
0.105223 -0.0509315 -0.993143 -15.0716 -0.108108 -0.993355 0.0394883 -45.7432 -0.988555 0.103212 -0.11003 -1.67926
0.124768 0.104533 -0.986664 -15.1593 -0.173155 -0.97688 -0.125393 -45.8009 -0.97696 0.186491 -0.103783 -1.73698
0.147288 0.281813 -0.948097 -15.2402 -0.19126 -0.932345 -0.306843 -45.8655 -0.970426 0.226527 -0.0834237 -1.7951
0.219391 0.438222 -0.871682 -15.3052 -0.231699 -0.844486 -0.482865 -45.9382 -0.947725 0.307904 -0.0837367 -1.84627
0.254659 0.58909 -0.766891 -15.3525 -0.244293 -0.728125 -0.640433 -46.0191 -0.935665 0.350438 -0.0415129 -1.87628
0.338021 0.666768 -0.6642 -15.3845 -0.281787 -0.601663 -0.747394 -46.1052 -0.897963 0.439798 -0.0154884 -1.89476
0.36497 0.767158 -0.527509 -15.4243 -0.322507 -0.427338 -0.844613 -46.2436 -0.873376 0.478384 0.0914481 -1.90433
0.363676 0.816112 -0.449111 -15.4902 -0.355973 -0.323777 -0.876614 -46.4314 -0.860827 0.478675 0.172764 -1.90992
0.374008 0.824214 -0.425193 -15.5537 -0.421001 -0.257621 -0.869707 -46.5397 -0.826363 0.504284 0.250643 -1.88201
0.379296 0.827375 -0.414229 -15.6448 -0.484954 -0.203505 -0.850533 -46.6885 -0.788007 0.523485 0.32405 -1.87919
0.449023 0.829285 -0.332664 -15.7183 -0.420315 -0.132506 -0.897651 -46.8497 -0.788488 0.54289 0.289062 -1.87568
0.450887 0.848827 -0.276032 -15.788 -0.403782 -0.0818272 -0.911188 -47.0928 -0.796028 0.5223 0.305847 -1.84411
0.446058 0.838981 -0.311678 -15.857 -0.397841 -0.126078 -0.90875 -47.2353 -0.80172 0.529354 0.277543 -1.773
0.488509 0.814587 -0.312741 -15.9348 -0.404838 -0.105912 -0.908234 -47.3902 -0.772958 0.57029 0.278037 -1.71094
0.480976 0.838607 -0.255736 -16.0104 -0.417305 -0.0375521 -0.90799 -47.5259 -0.77105 0.543442 0.331893 -1.6319
0.460502 0.851328 -0.251352 -16.0772 -0.419056 -0.0411207 -0.907029 -47.7457 -0.782515 0.523019 0.337818 -1.52712
0.437392 0.84482 -0.308169 -16.1243 -0.419727 -0.111283 -0.900803 -47.8617 -0.79531 0.52335 0.305919 -1.48002
0.463286 0.839273 -0.284581 -16.2087 -0.409069 -0.0823395 -0.908781 -48.0663 -0.786148 0.537439 0.305174 -1.42829
0.472641 0.83404 -0.284583 -16.2609 -0.421174 -0.0698765 -0.904284 -48.2758 -0.774094 0.547261 0.31825 -1.3229
0.441519 0.835224 -0.327814 -16.3054 -0.471837 -0.0946271 -0.876593 -48.4089 -0.763172 0.541707 0.35231 -1.22011
0.472145 0.831934 -0.291488 -16.3914 -0.453315 -0.0544543 -0.889685 -48.5909 -0.756032 0.552196 0.351418 -1.14263
0.450292 0.83955 -0.303963 -16.4299 -0.498686 -0.0459128 -0.865566 -48.7518 -0.740641 0.541339 0.397997 -1.06697
0.469276 0.822052 -0.322507 -16.4755 -0.484196 -0.0658813 -0.872476 -48.8837 -0.738468 0.565588 0.367118 -0.988462
0.491059 0.80523 -0.332364 -16.5529 -0.416615 -0.117989 -0.901393 -49.0429 -0.765044 0.581105 0.277532 -0.951092
0.51932 0.806962 -0.281283 -16.6181 -0.401357 -0.060278 -0.913936 -49.2136 -0.754466 0.58752 0.292576 -0.867084
0.487179 0.82762 -0.27875 -16.6802 -0.411523 -0.0639671 -0.909152 -49.4087 -0.770263 0.557631 0.309422 -0.768465
0.48196 0.82513 -0.294745 -16.7582 -0.394523 -0.0959973 -0.913858 -49.5896 -0.782346 0.556727 0.279266 -0.696609
0.517765 0.81936 -0.246109 -16.8059 -0.375512 -0.040824 -0.925918 -49.7149 -0.768707 0.571825 0.286542 -0.618525
0.528761 0.813377 -0.24255 -16.8141 -0.39419 -0.0177494 -0.918857 -49.8722 -0.751682 0.581467 0.31124 -0.540591
0.48737 0.829953 -0.271382 -16.8471 -0.433477 -0.0398302 -0.900284 -50.0092 -0.758003 0.556409 0.340353 -0.433359
0.544946 0.788744 -0.284458 -16.836 -0.412824 -0.0428951 -0.9098 -50.1148 -0.729801 0.613224 0.302237 -0.425144
0.529536 0.831006 -0.170357 -16.8247 -0.335927 0.02102 -0.941653 -50.2328 -0.778938 0.555867 0.290288 -0.415428
0.556947 0.827034 -0.0763205 -16.8237 -0.360513 0.157946 -0.919284 -50.3256 -0.748225 0.539507 0.386124 -0.332176
0.615698 0.786474 0.0487226 -16.7968 -0.307066 0.296415 -0.90435 -50.3956 -0.72569 0.541846 0.424002 -0.25835
0.662402 0.733442 0.152598 -16.7368 -0.282737 0.433387 -0.855707 -50.4619 -0.693746 0.523677 0.494448 -0.230131
0.65593 0.705775 0.267652 -16.6315 -0.236495 0.528894 -0.815071 -50.5841 -0.716816 0.471331 0.51383 -0.203483
0.706944 0.628107 0.325134 -16.5386 -0.220127 0.63227 -0.742818 -50.7096 -0.672141 0.45356 0.585243 -0.115083
0.730614 0.554614 0.398255 -16.4666 -0.165265 0.709574 -0.684976 -50.7762 -0.662488 0.434635 0.610083 -0.0599191
0.758633 0.444364 0.476464 -16.3407 -0.111625 0.809149 -0.576904 -50.8799 -0.641885 0.384473 0.663449 -0.00153016
0.785246 0.337025 0.519426 -16.2382 -0.0702439 0.88196 -0.46606 -50.9675 -0.615187 0.329485 0.716229 0.062326
0.78031 0.219659 0.585547 -16.1278 -0.0395271 0.951738 -0.304355 -51.021 -0.624142 0.214347 0.751334 0.13357
0.777047 0.108908 0.61995 -16.0276 0.0102429 0.9826 -0.185453 -51.0435 -0.62936 0.150456 0.76241 0.195785
0.783462 -0.0116698 0.621331 -15.928 0.0381641 0.99884 -0.0293626 -51.0451 -0.620267 0.046717 0.782998 0.249806
0.791956 -0.0891391 0.604037 -15.8279 0.08761 0.995639 0.0320627 -51.0544 -0.60426 0.0275274 0.796311 0.291752
0.739717 -0.161972 0.653133 -15.6801 0.137328 0.986509 0.0891138 -51.0861 -0.658756 0.0237742 0.751981 0.359707
0.703614 -0.224649 0.674137 -15.5424 0.165393 0.974429 0.152093 -51.0764 -0.691066 0.00448328 0.722778 0.405377
0.69415 -0.33225 0.638565 -15.4263 0.197218 0.940943 0.275194 -51.0372 -0.692286 -0.0650893 0.718681 0.440059
0.643231 -0.472578 0.602431 -15.324 0.246059 0.872649 0.421827 -50.9692 -0.725058 -0.123099 0.677597 0.489171
0.618721 -0.545827 0.565028 -15.2681 0.251298 0.81894 0.515933 -50.9004 -0.744334 -0.177228 0.643861 0.518324
0.575955 -0.646291 0.500583 -15.2249 0.290659 0.734234 0.613529 -50.8191 -0.764063 -0.207866 0.610736 0.533248
0.523285 -0.755675 0.393863 -15.173 0.34626 0.610873 0.711995 -50.6967 -0.778638 -0.236197 0.581321 0.552887
0.472783 -0.822739 0.315557 -15.1339 0.367638 0.509621 0.7779 -50.5689 -0.800823 -0.251767 0.543411 0.580413
0.420831 -0.883214 0.206967 -15.0944 0.392382 0.382934 0.8363 -50.419 -0.817886 -0.27073 0.507708 0.622517
0.379516 -0.91936 0.103662 -15.0133 0.368438 0.25296 0.894575 -50.2418 -0.848659 -0.301312 0.43473 0.640011
0.341777 -0.939232 0.0321234 -14.9381 0.332428 0.152798 0.930669 -50.0707 -0.879022 -0.307403 0.36445 0.666528
0.412574 -0.909621 -0.0487086 -14.9043 0.335439 0.101995 0.936524 -49.906 -0.846914 -0.402724 0.347203 0.700159
0.382538 -0.922773 -0.0464146 -14.8894 0.374688 0.109016 0.92072 -49.6402 -0.844556 -0.369601 0.387455 0.778846
0.351003 -0.935509 -0.0402391 -14.9087 0.394441 0.108746 0.912464 -49.4122 -0.849243 -0.33615 0.407174 0.926124
0.342311 -0.93812 -0.0524712 -14.9255 0.384969 0.089091 0.91862 -49.2204 -0.857101 -0.334654 0.391644 1.02621
0.328277 -0.941465 -0.0766598 -14.9839 0.385652 0.0595013 0.920724 -48.9843 -0.862268 -0.331817 0.382611 1.12196
0.317052 -0.942451 -0.10613 -15.0385 0.361407 0.0165998 0.93226 -48.7199 -0.876848 -0.333931 0.345872 1.25189
0.336674 -0.92927 -0.15201 -15.1048 0.368083 -0.018708 0.929605 -48.4775 -0.866698 -0.368926 0.33575 1.38177
0.340816 -0.932111 -0.122533 -15.1673 0.348884 0.00436911 0.937156 -48.2011 -0.872997 -0.362147 0.326688 1.53307
0.315938 -0.942325 -0.110485 -15.2078 0.36091 0.0116682 0.932527 -48.0227 -0.877455 -0.334496 0.343781 1.63399
0.33555 -0.939221 -0.0726005 -15.2753 0.378978 0.0640339 0.923188 -47.7721 -0.862428 -0.337289 0.37743 1.7691
0.317617 -0.945965 -0.0653459 -15.2938 0.375507 0.0622012 0.92473 -47.5927 -0.870697 -0.318248 0.374972 1.88139
0.29277 -0.954169 -0.0620278 -15.3211 0.39745 0.0624366 0.915497 -47.4394 -0.869666 -0.292683 0.397514 1.95903
0.309823 -0.950286 -0.0310843 -15.3556 0.358436 0.0864555 0.929542 -47.2503 -0.880644 -0.299135 0.367402 2.07783
0.312826 -0.948134 -0.0564073 -15.368 0.334192 0.0542834 0.940941 -47.0836 -0.889076 -0.313202 0.33384 2.15235
0.293698 -0.952292 -0.0829597 -15.4197 0.316168 0.014873 0.948587 -46.8872 -0.902097 -0.304827 0.305452 2.2333
0.304963 -0.950371 -0.0615793 -15.47 0.326883 0.0437229 0.944053 -46.7004 -0.894508 -0.30803 0.323994 2.34982
0.331638 -0.935247 -0.123812 -15.5096 0.296387 -0.0213052 0.95483 -46.4803 -0.89564 -0.353354 0.270129 2.43859
0.33699 -0.922387 -0.188785 -15.5889 0.297551 -0.0858979 0.950834 -46.317 -0.893253 -0.376595 0.245511 2.50868
0.323319 -0.911546 -0.254065 -15.6927 0.292212 -0.15919 0.943012 -46.1339 -0.900043 -0.379135 0.214896 2.55665
0.279128 -0.895317 -0.347123 -15.7743 0.271259 -0.27325 0.922905 -46.0345 -0.921144 -0.351769 0.166591 2.56982
0.206701 -0.871504 -0.444697 -15.838 0.25674 -0.390272 0.884179 -45.9616 -0.944118 -0.296932 0.143081 2.5453
0.158742 -0.812623 -0.560753 -15.8936 0.232753 -0.521147 0.821116 -45.9065 -0.959493 -0.260863 0.106412 2.52252
0.0995998 -0.72857 -0.677691 -15.9594 0.197365 -0.65308 0.731118 -45.8615 -0.975257 -0.206572 0.0787476 2.50537
0.0844855 -0.606977 -0.790216 -16.0292 0.179217 -0.770862 0.611272 -45.8294 -0.980175 -0.193264 0.0436537 2.48715
0.0360209 -0.52046 -0.853126 -16.0958 0.103371 -0.84716 0.521186 -45.8092 -0.99399 -0.106962 0.0232852 2.46635
0.0225083 -0.407923 -0.912739 -16.1871 0.05759 -0.910925 0.408533 -45.7905 -0.998087 -0.06176 0.00298896 2.41858
0.0274971 -0.342717 -0.939036 -16.2745 -0.0211804 -0.93938 0.342222 -45.7683 -0.999397 0.010479 -0.0330891 2.35817
0.0517386 -0.249647 -0.966954 -16.3976 -0.0462705 -0.96781 0.247392 -45.7361 -0.997588 0.0319417 -0.0616244 2.30049
0.050078 -0.164025 -0.985184 -16.5482 -0.115038 -0.980804 0.157448 -45.6926 -0.992098 0.105449 -0.0679857 2.22847
0.0715269 -0.0506522 -0.996152 -16.6544 -0.150613 -0.987807 0.0394134 -45.6776 -0.986002 0.147214 -0.0782837 2.15899
0.126107 0.056747 -0.990392 -16.7549 -0.201279 -0.976133 -0.0815588 -45.6675 -0.971383 0.20963 -0.111675 2.11363
0.162559 0.103841 -0.981219 -16.8495 -0.262799 -0.953969 -0.144495 -45.6785 -0.951058 0.281353 -0.127786 2.08091
0.196141 0.210734 -0.957664 -16.9843 -0.299455 -0.917106 -0.263141 -45.7378 -0.933732 0.33839 -0.116777 1.99443
0.248697 0.285216 -0.925636 -17.0963 -0.279732 -0.893788 -0.350561 -45.8184 -0.927308 0.346114 -0.142498 1.92358
0.297747 0.32956 -0.895956 -17.2124 -0.344673 -0.838105 -0.422824 -45.9431 -0.890251 0.434706 -0.135953 1.88543
0.329089 0.435885 -0.837678 -17.2746 -0.3829 -0.749294 -0.54032 -46.037 -0.863185 0.49856 -0.0796843 1.85488
0.364315 0.552966 -0.749335 -17.3382 -0.389154 -0.64062 -0.661941 -46.1495 -0.84607 0.532762 -0.0181989 1.81254
0.371871 0.648216 -0.664476 -17.3822 -0.357136 -0.560811 -0.746957 -46.2237 -0.856835 0.51508 0.022952 1.78965
0.391535 0.715735 -0.578294 -17.4358 -0.383737 -0.444204 -0.809585 -46.3286 -0.836329 0.538894 0.100733 1.78361
0.46831 0.751059 -0.465398 -17.4682 -0.358932 -0.319596 -0.876941 -46.4734 -0.807374 0.577727 0.119909 1.76611
0.439227 0.812212 -0.383914 -17.4901 -0.343398 -0.243102 -0.907182 -46.6288 -0.830155 0.530295 0.172136 1.7403
0.45037 0.814773 -0.365118 -17.5438 -0.355995 -0.211157 -0.910319 -46.8155 -0.818801 0.53996 0.194957 1.78927
0.435173 0.834798 -0.337248 -17.6121 -0.392693 -0.161084 -0.905452 -47.004 -0.810195 0.526464 0.25772 1.89402
0.44589 0.828909 -0.337775 -17.6911 -0.41086 -0.145723 -0.899977 -47.1921 -0.795221 0.540069 0.275589 1.95432
0.439903 0.851878 -0.284234 -17.7356 -0.384413 -0.107418 -0.91689 -47.3426 -0.811611 0.512606 0.280219 2.02892
0.419053 0.846213 -0.329117 -17.7948 -0.381448 -0.164861 -0.90957 -47.5162 -0.823949 0.506699 0.253701 2.11681
0.442582 0.824284 -0.353097 -17.8646 -0.386394 -0.180033 -0.904593 -47.6836 -0.80921 0.536791 0.238819 2.17504
0.471845 0.821587 -0.319932 -17.9183 -0.376911 -0.140076 -0.915596 -47.834 -0.797057 0.552606 0.243572 2.2571
0.480757 0.816419 -0.319895 -17.9805 -0.390219 -0.127504 -0.911851 -48.0993 -0.78524 0.563208 0.257283 2.4158
0.451972 0.833245 -0.318472 -18.0832 -0.365938 -0.152401 -0.918076 -48.3284 -0.813518 0.531485 0.236035 2.49079
0.420304 0.839385 -0.344641 -18.151 -0.414495 -0.160266 -0.895828 -48.5664 -0.807179 0.519372 0.280561 2.62634
0.403323 0.829563 -0.386208 -18.2116 -0.457444 -0.18275 -0.870257 -48.6816 -0.792512 0.527663 0.305771 2.71707
0.427794 0.825773 -0.367548 -18.2756 -0.473574 -0.141585 -0.869299 -48.8638 -0.769883 0.545942 0.330496 2.8064
0.408595 0.858799 -0.309053 -18.3002 -0.447682 -0.106503 -0.887827 -49.025 -0.795381 0.50112 0.340953 2.87107
0.43125 0.833111 -0.346337 -18.352 -0.471839 -0.118938 -0.873626 -49.1796 -0.76902 0.540166 0.341802 2.98232
0.448996 0.805861 -0.385992 -18.4475 -0.469899 -0.154471 -0.8691 -49.3374 -0.759998 0.5716 0.309316 3.05728
0.450853 0.806962 -0.381502 -18.4866 -0.450682 -0.163125 -0.877654 -49.4969 -0.770466 0.567629 0.290138 3.11656
0.487881 0.797215 -0.355558 -18.5121 -0.404776 -0.154268 -0.901309 -49.6948 -0.773388 0.583652 0.247429 3.21799
0.526917 0.738023 -0.421522 -18.5466 -0.406493 -0.216722 -0.887578 -49.7758 -0.746406 0.639025 0.185807 3.23306
0.548726 0.759306 -0.349791 -18.571 -0.345757 -0.174823 -0.921894 -49.8727 -0.761151 0.62681 0.166606 3.26125
0.587212 0.757007 -0.28657 -18.5789 -0.351238 -0.0806635 -0.932805 -49.9708 -0.729255 0.648409 0.218523 3.33652
0.5306 0.822067 -0.206568 -18.5519 -0.365137 0.00174818 -0.930952 -50.0643 -0.764944 0.569388 0.301095 3.38344
0.570574 0.806109 -0.156954 -18.5346 -0.30529 0.0307739 -0.951762 -50.2025 -0.762394 0.590967 0.263655 3.43316
0.617653 0.778961 -0.108279 -18.5379 -0.288533 0.0963665 -0.952608 -50.3597 -0.731611 0.619623 0.284277 3.56665
0.647594 0.761764 0.0183811 -18.4646 -0.250911 0.235959 -0.938811 -50.5255 -0.719489 0.603357 0.343941 3.59854
0.653876 0.739114 0.16173 -18.3916 -0.223598 0.392985 -0.891945 -50.6472 -0.722807 0.547059 0.422228 3.62126
0.639966 0.716527 0.277549 -18.3143 -0.199329 0.503641 -0.840603 -50.7549 -0.7421 0.482634 0.465137 3.66505
0.666299 0.648392 0.368286 -18.253 -0.155307 0.603724 -0.781918 -50.8054 -0.729333 0.463794 0.502961 3.70048
0.677057 0.5716 0.463539 -18.1459 -0.11826 0.706186 -0.69808 -50.8678 -0.726367 0.417822 0.545725 3.74668
0.687654 0.465247 0.557385 -17.9586 -0.0940618 0.818325 -0.567007 -50.9499 -0.71992 0.337476 0.606486 3.84703
0.706249 0.343412 0.619096 -17.8519 -0.0244061 0.885765 -0.463492 -50.9625 -0.707542 0.312231 0.633952 3.92058
0.702056 0.198037 0.684032 -17.7254 0.00687313 0.958625 -0.284589 -50.9514 -0.712089 0.204499 0.671647 3.98126
0.702477 0.0392715 0.710623 -17.5897 0.0582039 0.991962 -0.112356 -50.931 -0.709323 0.120288 0.694544 4.04085
0.71508 -0.0973278 0.692234 -17.5089 0.0989187 0.994384 0.0376266 -50.9033 -0.692009 0.0415689 0.720691 4.08644
0.696582 -0.206809 0.687025 -17.4375 0.121454 0.977726 0.171173 -50.8633 -0.707122 -0.0357937 0.706185 4.12807
0.659392 -0.352957 0.663795 -17.3788 0.187898 0.932292 0.309071 -50.8077 -0.72794 -0.0790731 0.681066 4.15728
0.637487 -0.479718 0.602894 -17.3337 0.218655 0.862983 0.455467 -50.7349 -0.738783 -0.158529 0.655033 4.17444
0.591697 -0.595102 0.543827 -17.2881 0.265798 0.780881 0.565311 -50.6631 -0.761082 -0.189945 0.620222 4.18735
0.5407 -0.72002 0.434988 -17.2224 0.334431 0.658464 0.674226 -50.5616 -0.77188 -0.21908 0.596829 4.21512
0.507691 -0.77315 0.380118 -17.1634 0.324514 0.580323 0.746938 -50.467 -0.798086 -0.25586 0.545522 4.25371
0.484658 -0.825886 0.288131 -17.1116 0.346159 0.483607 0.803926 -50.357 -0.803294 -0.289891 0.520272 4.29899
0.443877 -0.87755 0.181328 -17.0483 0.36109 0.360364 0.860088 -50.2479 -0.820115 -0.316297 0.476831 4.32619
0.439218 -0.895667 0.0697684 -16.9456 0.378164 0.25477 0.889991 -50.0808 -0.814911 -0.364516 0.450609 4.38665
0.470173 -0.882459 -0.0142562 -16.9111 0.417274 0.208031 0.88465 -49.9522 -0.777702 -0.421887 0.466038 4.44552
0.442304 -0.891675 -0.0963455 -16.8912 0.486293 0.148173 0.861141 -49.7901 -0.753582 -0.427738 0.499153 4.48615
0.434468 -0.894719 -0.103513 -16.8897 0.456466 0.119654 0.881658 -49.6235 -0.776451 -0.430302 0.460395 4.49733
0.402199 -0.912497 -0.0747339 -16.894 0.462316 0.13196 0.876841 -49.4797 -0.790253 -0.387215 0.474936 4.57354
0.435161 -0.898879 -0.0514936 -16.8836 0.414614 0.149296 0.897667 -49.3343 -0.799206 -0.411979 0.437656 4.64261
0.341206 -0.939969 -0.00611173 -16.8892 0.38522 0.133897 0.913059 -49.2691 -0.857429 -0.313896 0.407781 4.67286
0.364128 -0.927504 -0.08454 -16.9319 0.431628 0.0876211 0.897786 -49.1908 -0.825293 -0.363399 0.432242 4.72817
0.31708 -0.939553 -0.129229 -16.9696 0.417507 0.0159375 0.908534 -49.0839 -0.851556 -0.342032 0.397324 4.76253
0.312257 -0.946239 -0.0844205 -17.003 0.360055 0.0356451 0.93225 -48.9217 -0.879122 -0.321497 0.351829 4.83046
0.358096 -0.93313 -0.0321694 -17.0068 0.348809 0.10174 0.931655 -48.8 -0.866083 -0.344843 0.361917 4.90172
0.335591 -0.934479 -0.11886 -17.0431 0.377396 0.0177648 0.925881 -48.6525 -0.863105 -0.355574 0.358631 5.00108
0.322568 -0.935504 -0.144159 -17.1258 0.4188 0.00447362 0.908068 -48.363 -0.848856 -0.353287 0.393232 5.16296
0.325644 -0.938698 -0.113149 -17.1315 0.414483 0.0341693 0.909415 -48.1805 -0.8498 -0.343044 0.400202 5.25966
0.308427 -0.944542 -0.112752 -17.1529 0.414158 0.0266307 0.909815 -48.0538 -0.856356 -0.327309 0.399403 5.33744
0.341782 -0.933573 -0.107829 -17.1832 0.418468 0.0484489 0.906938 -47.8444 -0.841469 -0.355098 0.407229 5.44894
0.37208 -0.927148 -0.0441958 -17.1911 0.378469 0.108065 0.919284 -47.6478 -0.847536 -0.358774 0.391105 5.56281
0.387763 -0.918251 -0.0803392 -17.2202 0.370983 0.0756823 0.92555 -47.4993 -0.843808 -0.388698 0.370003 5.63381
0.342448 -0.929738 -0.135341 -17.2857 0.349216 -0.00777361 0.93701 -47.3075 -0.872226 -0.36814 0.322017 5.72026
0.330904 -0.939123 -0.0924646 -17.3342 0.356949 0.0338607 0.93351 -47.1316 -0.87355 -0.341908 0.346424 5.82798
0.332582 -0.930221 -0.155173 -17.3827 0.385703 -0.015982 0.922485 -46.9462 -0.860594 -0.366653 0.353473 5.9086
0.322817 -0.918557 -0.228128 -17.4986 0.338842 -0.112892 0.934046 -46.7122 -0.883728 -0.378825 0.274803 5.9754
0.302232 -0.933159 -0.194605 -17.5723 0.297135 -0.101756 0.949398 -46.5241 -0.905741 -0.344762 0.24652 6.04795
0.243398 -0.926845 -0.28586 -17.678 0.293038 -0.21068 0.9326 -46.3013 -0.924601 -0.31076 0.220322 6.12459
0.200443 -0.909233 -0.364854 -17.777 0.290963 -0.300362 0.908363 -46.1342 -0.935502 -0.288234 0.204348 6.13527
0.178438 -0.89791 -0.402389 -17.9158 0.240952 -0.356625 0.902641 -45.9109 -0.953993 -0.258022 0.152718 6.16443
0.118961 -0.882583 -0.454858 -18.042 0.239156 -0.419153 0.875851 -45.5454 -0.963666 -0.212974 0.161212 6.1307
0.1258 -0.83583 -0.534381 -18.1683 0.234448 -0.498354 0.834672 -45.2519 -0.963955 -0.230286 0.133265 6.08195
0.113597 -0.880554 -0.460131 -18.2477 0.278317 -0.416382 0.865543 -44.9644 -0.953748 -0.226385 0.197773 6.04963
0.136765 -0.911233 -0.388523 -18.3089 0.295394 -0.336849 0.894022 -44.6825 -0.945536 -0.237038 0.223104 6.02863
0.129162 -0.875934 -0.464819 -18.4169 0.262243 -0.421884 0.867895 -44.3885 -0.956319 -0.233994 0.175216 5.96583
0.104766 -0.853683 -0.510146 -18.5629 0.249275 -0.474051 0.844475 -44.0752 -0.962749 -0.215639 0.163137 5.88515
0.0804165 -0.864147 -0.496773 -18.7336 0.217999 -0.471073 0.854732 -43.7714 -0.97263 -0.177031 0.150502 5.80515
0.023768 -0.827477 -0.560997 -18.9364 0.20917 -0.544619 0.812181 -43.4614 -0.97759 -0.136648 0.160139 5.68837
-0.00294856 -0.75288 -0.658151 -19.1332 0.15947 -0.650085 0.742939 -43.2911 -0.987198 -0.102765 0.121979 5.61631
-0.0205644 -0.666002 -0.745667 -19.3265 0.108308 -0.742919 0.660561 -43.1457 -0.993905 -0.0671776 0.087411 5.51341
-0.0110277 -0.590813 -0.806733 -19.5321 0.0811954 -0.804647 0.588175 -43.0059 -0.996637 -0.0590168 0.0568447 5.41713
0.032039 -0.506211 -0.861814 -19.8163 0.0146379 -0.861927 0.506821 -42.8152 -0.999379 -0.0288532 -0.0202054 5.24019
0.0346571 -0.431006 -0.901683 -19.985 -0.0323011 -0.902237 0.430029 -42.7373 -0.998877 0.0142218 -0.0451909 5.15116
0.03185 -0.346059 -0.937672 -20.1612 -0.0505817 -0.937504 0.344279 -42.6888 -0.998212 0.0364637 -0.0473638 5.07883
0.0267151 -0.226861 -0.973561 -20.3949 -0.0571292 -0.972663 0.225084 -42.6344 -0.998009 0.0496057 -0.0389451 4.95149
0.0355436 -0.212111 -0.976599 -20.6292 -0.0903876 -0.973894 0.208234 -42.5819 -0.995272 0.0808711 -0.0537879 4.84896
0.0261799 -0.115727 -0.992936 -20.9195 -0.0515406 -0.992112 0.114272 -42.5087 -0.998328 0.0481848 -0.031938 4.72389
-0.0613953 -0.0559519 -0.996544 -21.1684 -0.084101 -0.994587 0.0610233 -42.4488 -0.994564 0.0875569 0.0563573 4.64462
-0.0768381 -0.00261306 -0.99704 -21.4454 -0.167605 -0.985732 0.0155001 -42.3936 -0.982855 0.1683 0.0753038 4.50152
-0.064631 -0.0941674 -0.993456 -21.7094 -0.134391 -0.985647 0.10217 -42.2969 -0.988818 0.140115 0.0510481 4.36905
-0.0634345 -0.191182 -0.979503 -21.9712 -0.125521 -0.972157 0.197877 -42.1772 -0.990061 0.1355 0.037671 4.2269
-0.0554361 -0.213717 -0.975322 -22.3072 -0.15283 -0.963497 0.219812 -42.0681 -0.986696 0.161244 0.0207503 4.05758
-0.113733 -0.250919 -0.961303 -22.6423 -0.171457 -0.948107 0.26776 -41.9743 -0.978605 0.195275 0.0648091 3.88484
-0.0927221 -0.33916 -0.936148 -22.8861 -0.117376 -0.92992 0.348529 -41.8494 -0.988749 0.142198 0.0464149 3.75977
-0.0826216 -0.402179 -0.911825 -23.2041 -0.0667577 -0.910665 0.407716 -41.6773 -0.994343 0.0945575 0.0483921 3.57151
-0.0967517 -0.463373 -0.880866 -23.5085 -0.0609655 -0.880597 0.469928 -41.5279 -0.99344 0.0991687 0.0569494 3.36933
-0.0731688 -0.544435 -0.835606 -23.6496 -0.0713906 -0.832843 0.548886 -41.4278 -0.994761 0.0998158 0.0220706 3.28185
-0.0152177 -0.597578 -0.801666 -23.7772 0.00735946 -0.801804 0.597541 -41.3293 -0.999857 0.0031934 0.0165995 3.20974
-0.0090209 -0.616021 -0.787678 -23.905 0.156712 -0.778848 0.60732 -41.22 -0.987603 -0.11796 0.103564 3.08879
0.0992556 -0.570027 -0.815609 -23.9976 0.366027 -0.741273 0.562617 -41.134 -0.925296 -0.354378 0.13507 2.98573
0.214825 -0.478345 -0.851491 -24.0402 0.47548 -0.710322 0.519001 -41.0943 -0.853094 -0.516361 0.0748484 2.93237
0.28222 -0.409886 -0.867378 -24.0805 0.551965 -0.670118 0.496263 -41.0574 -0.784657 -0.618818 0.0371219 2.88458
0.415448 -0.298469 -0.859255 -24.1427 0.598678 -0.62147 0.505332 -40.9842 -0.684827 -0.724356 -0.0795016 2.79499
0.489615 -0.222107 -0.843176 -24.1673 0.617784 -0.594048 0.515217 -40.9472 -0.61532 -0.773159 -0.153641 2.74849
0.562961 -0.138371 -0.814818 -24.1902 0.639962 -0.550883 0.535702 -40.9039 -0.522995 -0.823032 -0.221573 2.70083
0.682465 -0.0450082 -0.729531 -24.227 0.621403 -0.489785 0.61153 -40.8113 -0.384837 -0.870681 -0.306293 2.59901
0.753757 0.0828848 -0.651905 -24.2507 0.618599 -0.424277 0.661305 -40.7143 -0.221776 -0.901731 -0.371074 2.51808
0.753737 0.209632 -0.622845 -24.2658 0.652792 -0.348134 0.672804 -40.6298 -0.075792 -0.913705 -0.399248 2.45972
0.803445 0.244334 -0.542934 -24.2878 0.594879 -0.29207 0.748875 -40.5437 0.0244012 -0.92466 -0.380011 2.41826
0.821994 0.288553 -0.490983 -24.2957 0.555912 -0.219374 0.801771 -40.4854 0.123644 -0.931994 -0.340734 2.38533
0.830995 0.305677 -0.464768 -24.3242 0.523005 -0.144687 0.839959 -40.4193 0.18951 -0.941078 -0.280105 2.36245
0.83809 0.372084 -0.398947 -24.319 0.463073 -0.0986281 0.880816 -40.4031 0.28839 -0.922944 -0.254961 2.35648
0.789563 0.422595 -0.444976 -24.3094 0.488462 0.0061481 0.872564 -40.4084 0.371476 -0.906298 -0.201567 2.35331
0.816091 0.32273 -0.479417 -24.3085 0.486854 0.063066 0.871204 -40.414 0.311399 -0.944387 -0.105655 2.36254
0.814269 0.320712 -0.483849 -24.3173 0.488577 0.0714574 0.86959 -40.4007 0.313462 -0.944478 -0.0985067 2.35699
